INFO 2025-06-19 00:21:23,014 autoreload Watching for file changes with StatReloader
INFO 2025-06-19 00:24:06,125 autoreload C:\Users\Mirza Haseeb\Desktop\job board web app\accounts\urls.py changed, reloading.
INFO 2025-06-19 00:24:07,578 autoreload Watching for file changes with StatReloader
INFO 2025-06-19 00:25:19,242 autoreload Watching for file changes with StatReloader
INFO 2025-06-19 00:29:53,715 autoreload C:\Users\Mirza Haseeb\Desktop\job board web app\config\settings.py changed, reloading.
INFO 2025-06-19 00:29:55,988 autoreload Watching for file changes with StatReloader
INFO 2025-06-19 00:30:37,428 autoreload Watching for file changes with StatReloader
INFO 2025-06-19 00:33:41,425 autoreload Watching for file changes with StatReloader
INFO 2025-06-19 00:33:44,995 basehttp "GET / HTTP/1.1" 200 0
WARNING 2025-06-19 00:33:45,168 log Not Found: /favicon.ico
WARNING 2025-06-19 00:33:45,169 basehttp "GET /favicon.ico HTTP/1.1" 404 5301
INFO 2025-06-19 00:33:50,622 basehttp "GET / HTTP/1.1" 200 0
INFO 2025-06-19 00:33:51,469 basehttp "GET / HTTP/1.1" 200 0
INFO 2025-06-19 00:33:56,002 basehttp "GET /admin/ HTTP/1.1" 302 0
INFO 2025-06-19 00:33:56,522 basehttp "GET /admin/login/?next=/admin/ HTTP/1.1" 200 4173
INFO 2025-06-19 00:33:57,061 basehttp "GET /static/admin/css/dark_mode.css HTTP/1.1" 200 2808
INFO 2025-06-19 00:33:57,070 basehttp "GET /static/admin/css/base.css HTTP/1.1" 200 22120
INFO 2025-06-19 00:33:57,072 basehttp "GET /static/admin/css/responsive.css HTTP/1.1" 200 16565
INFO 2025-06-19 00:33:57,169 basehttp "GET /static/admin/js/theme.js HTTP/1.1" 200 1653
INFO 2025-06-19 00:33:57,169 basehttp "GET /static/admin/css/login.css HTTP/1.1" 200 951
INFO 2025-06-19 00:33:57,197 basehttp "GET /static/admin/css/nav_sidebar.css HTTP/1.1" 200 2810
INFO 2025-06-19 00:33:57,268 basehttp "GET /static/admin/js/nav_sidebar.js HTTP/1.1" 200 3063
ERROR 2025-06-19 00:34:00,349 log Internal Server Error: /admin/login/
Traceback (most recent call last):
  File "C:\Users\Mirza Haseeb\Desktop\job board web app\venv\Lib\site-packages\django\db\backends\utils.py", line 105, in _execute
    return self.cursor.execute(sql, params)
           ~~~~~~~~~~~~~~~~~~~^^^^^^^^^^^^^
  File "C:\Users\Mirza Haseeb\Desktop\job board web app\venv\Lib\site-packages\django\db\backends\sqlite3\base.py", line 360, in execute
    return super().execute(query, params)
           ~~~~~~~~~~~~~~~^^^^^^^^^^^^^^^
sqlite3.OperationalError: no such table: accounts_customuser

The above exception was the direct cause of the following exception:

Traceback (most recent call last):
  File "C:\Users\Mirza Haseeb\Desktop\job board web app\venv\Lib\site-packages\django\core\handlers\exception.py", line 55, in inner
    response = get_response(request)
  File "C:\Users\Mirza Haseeb\Desktop\job board web app\venv\Lib\site-packages\django\core\handlers\base.py", line 197, in _get_response
    response = wrapped_callback(request, *callback_args, **callback_kwargs)
  File "C:\Users\Mirza Haseeb\Desktop\job board web app\venv\Lib\site-packages\django\utils\decorators.py", line 48, in _wrapper
    return bound_method(*args, **kwargs)
  File "C:\Users\Mirza Haseeb\Desktop\job board web app\venv\Lib\site-packages\django\views\decorators\cache.py", line 80, in _view_wrapper
    response = view_func(request, *args, **kwargs)
  File "C:\Users\Mirza Haseeb\Desktop\job board web app\venv\Lib\site-packages\django\contrib\admin\sites.py", line 449, in login
    return LoginView.as_view(**defaults)(request)
           ~~~~~~~~~~~~~~~~~~~~~~~~~~~~~^^^^^^^^^
  File "C:\Users\Mirza Haseeb\Desktop\job board web app\venv\Lib\site-packages\django\views\generic\base.py", line 105, in view
    return self.dispatch(request, *args, **kwargs)
           ~~~~~~~~~~~~~^^^^^^^^^^^^^^^^^^^^^^^^^^
  File "C:\Users\Mirza Haseeb\Desktop\job board web app\venv\Lib\site-packages\django\utils\decorators.py", line 48, in _wrapper
    return bound_method(*args, **kwargs)
  File "C:\Users\Mirza Haseeb\Desktop\job board web app\venv\Lib\site-packages\django\utils\decorators.py", line 48, in _wrapper
    return bound_method(*args, **kwargs)
  File "C:\Users\Mirza Haseeb\Desktop\job board web app\venv\Lib\site-packages\django\views\decorators\debug.py", line 143, in sensitive_post_parameters_wrapper
    return view(request, *args, **kwargs)
  File "C:\Users\Mirza Haseeb\Desktop\job board web app\venv\Lib\site-packages\django\utils\decorators.py", line 48, in _wrapper
    return bound_method(*args, **kwargs)
  File "C:\Users\Mirza Haseeb\Desktop\job board web app\venv\Lib\site-packages\django\utils\decorators.py", line 192, in _view_wrapper
    result = _process_exception(request, e)
  File "C:\Users\Mirza Haseeb\Desktop\job board web app\venv\Lib\site-packages\django\utils\decorators.py", line 190, in _view_wrapper
    response = view_func(request, *args, **kwargs)
  File "C:\Users\Mirza Haseeb\Desktop\job board web app\venv\Lib\site-packages\django\utils\decorators.py", line 48, in _wrapper
    return bound_method(*args, **kwargs)
  File "C:\Users\Mirza Haseeb\Desktop\job board web app\venv\Lib\site-packages\django\views\decorators\cache.py", line 80, in _view_wrapper
    response = view_func(request, *args, **kwargs)
  File "C:\Users\Mirza Haseeb\Desktop\job board web app\venv\Lib\site-packages\django\contrib\auth\views.py", line 89, in dispatch
    return super().dispatch(request, *args, **kwargs)
           ~~~~~~~~~~~~~~~~^^^^^^^^^^^^^^^^^^^^^^^^^^
  File "C:\Users\Mirza Haseeb\Desktop\job board web app\venv\Lib\site-packages\django\views\generic\base.py", line 144, in dispatch
    return handler(request, *args, **kwargs)
  File "C:\Users\Mirza Haseeb\Desktop\job board web app\venv\Lib\site-packages\django\views\generic\edit.py", line 150, in post
    if form.is_valid():
       ~~~~~~~~~~~~~^^
  File "C:\Users\Mirza Haseeb\Desktop\job board web app\venv\Lib\site-packages\django\forms\forms.py", line 206, in is_valid
    return self.is_bound and not self.errors
                                 ^^^^^^^^^^^
  File "C:\Users\Mirza Haseeb\Desktop\job board web app\venv\Lib\site-packages\django\forms\forms.py", line 201, in errors
    self.full_clean()
    ~~~~~~~~~~~~~~~^^
  File "C:\Users\Mirza Haseeb\Desktop\job board web app\venv\Lib\site-packages\django\forms\forms.py", line 338, in full_clean
    self._clean_form()
    ~~~~~~~~~~~~~~~~^^
  File "C:\Users\Mirza Haseeb\Desktop\job board web app\venv\Lib\site-packages\django\forms\forms.py", line 354, in _clean_form
    cleaned_data = self.clean()
  File "C:\Users\Mirza Haseeb\Desktop\job board web app\venv\Lib\site-packages\django\views\decorators\debug.py", line 75, in sensitive_variables_wrapper
    return func(*func_args, **func_kwargs)
  File "C:\Users\Mirza Haseeb\Desktop\job board web app\venv\Lib\site-packages\django\contrib\auth\forms.py", line 366, in clean
    self.user_cache = authenticate(
                      ~~~~~~~~~~~~^
        self.request, username=username, password=password
        ^^^^^^^^^^^^^^^^^^^^^^^^^^^^^^^^^^^^^^^^^^^^^^^^^^
    )
    ^
  File "C:\Users\Mirza Haseeb\Desktop\job board web app\venv\Lib\site-packages\django\views\decorators\debug.py", line 75, in sensitive_variables_wrapper
    return func(*func_args, **func_kwargs)
  File "C:\Users\Mirza Haseeb\Desktop\job board web app\venv\Lib\site-packages\django\contrib\auth\__init__.py", line 114, in authenticate
    user = backend.authenticate(request, **credentials)
  File "C:\Users\Mirza Haseeb\Desktop\job board web app\venv\Lib\site-packages\django\contrib\auth\backends.py", line 65, in authenticate
    user = UserModel._default_manager.get_by_natural_key(username)
  File "C:\Users\Mirza Haseeb\Desktop\job board web app\venv\Lib\site-packages\django\contrib\auth\base_user.py", line 37, in get_by_natural_key
    return self.get(**{self.model.USERNAME_FIELD: username})
           ~~~~~~~~^^^^^^^^^^^^^^^^^^^^^^^^^^^^^^^^^^^^^^^^^
  File "C:\Users\Mirza Haseeb\Desktop\job board web app\venv\Lib\site-packages\django\db\models\manager.py", line 87, in manager_method
    return getattr(self.get_queryset(), name)(*args, **kwargs)
           ~~~~~~~~~~~~~~~~~~~~~~~~~~~~~~~~~~^^^^^^^^^^^^^^^^^
  File "C:\Users\Mirza Haseeb\Desktop\job board web app\venv\Lib\site-packages\django\db\models\query.py", line 629, in get
    num = len(clone)
  File "C:\Users\Mirza Haseeb\Desktop\job board web app\venv\Lib\site-packages\django\db\models\query.py", line 366, in __len__
    self._fetch_all()
    ~~~~~~~~~~~~~~~^^
  File "C:\Users\Mirza Haseeb\Desktop\job board web app\venv\Lib\site-packages\django\db\models\query.py", line 1949, in _fetch_all
    self._result_cache = list(self._iterable_class(self))
                         ~~~~^^^^^^^^^^^^^^^^^^^^^^^^^^^^
  File "C:\Users\Mirza Haseeb\Desktop\job board web app\venv\Lib\site-packages\django\db\models\query.py", line 91, in __iter__
    results = compiler.execute_sql(
        chunked_fetch=self.chunked_fetch, chunk_size=self.chunk_size
    )
  File "C:\Users\Mirza Haseeb\Desktop\job board web app\venv\Lib\site-packages\django\db\models\sql\compiler.py", line 1623, in execute_sql
    cursor.execute(sql, params)
    ~~~~~~~~~~~~~~^^^^^^^^^^^^^
  File "C:\Users\Mirza Haseeb\Desktop\job board web app\venv\Lib\site-packages\django\db\backends\utils.py", line 122, in execute
    return super().execute(sql, params)
           ~~~~~~~~~~~~~~~^^^^^^^^^^^^^
  File "C:\Users\Mirza Haseeb\Desktop\job board web app\venv\Lib\site-packages\django\db\backends\utils.py", line 79, in execute
    return self._execute_with_wrappers(
           ~~~~~~~~~~~~~~~~~~~~~~~~~~~^
        sql, params, many=False, executor=self._execute
        ^^^^^^^^^^^^^^^^^^^^^^^^^^^^^^^^^^^^^^^^^^^^^^^
    )
    ^
  File "C:\Users\Mirza Haseeb\Desktop\job board web app\venv\Lib\site-packages\django\db\backends\utils.py", line 92, in _execute_with_wrappers
    return executor(sql, params, many, context)
  File "C:\Users\Mirza Haseeb\Desktop\job board web app\venv\Lib\site-packages\django\db\backends\utils.py", line 100, in _execute
    with self.db.wrap_database_errors:
         ^^^^^^^^^^^^^^^^^^^^^^^^^^^^
  File "C:\Users\Mirza Haseeb\Desktop\job board web app\venv\Lib\site-packages\django\db\utils.py", line 91, in __exit__
    raise dj_exc_value.with_traceback(traceback) from exc_value
  File "C:\Users\Mirza Haseeb\Desktop\job board web app\venv\Lib\site-packages\django\db\backends\utils.py", line 105, in _execute
    return self.cursor.execute(sql, params)
           ~~~~~~~~~~~~~~~~~~~^^^^^^^^^^^^^
  File "C:\Users\Mirza Haseeb\Desktop\job board web app\venv\Lib\site-packages\django\db\backends\sqlite3\base.py", line 360, in execute
    return super().execute(query, params)
           ~~~~~~~~~~~~~~~^^^^^^^^^^^^^^^
django.db.utils.OperationalError: no such table: accounts_customuser
ERROR 2025-06-19 00:34:00,404 basehttp "POST /admin/login/?next=/admin/ HTTP/1.1" 500 260854
INFO 2025-06-19 00:34:02,858 basehttp "GET /admin/login/?next=/admin/ HTTP/1.1" 200 4173
ERROR 2025-06-19 00:34:11,550 log Internal Server Error: /admin/login/
Traceback (most recent call last):
  File "C:\Users\Mirza Haseeb\Desktop\job board web app\venv\Lib\site-packages\django\db\backends\utils.py", line 105, in _execute
    return self.cursor.execute(sql, params)
           ~~~~~~~~~~~~~~~~~~~^^^^^^^^^^^^^
  File "C:\Users\Mirza Haseeb\Desktop\job board web app\venv\Lib\site-packages\django\db\backends\sqlite3\base.py", line 360, in execute
    return super().execute(query, params)
           ~~~~~~~~~~~~~~~^^^^^^^^^^^^^^^
sqlite3.OperationalError: no such table: accounts_customuser

The above exception was the direct cause of the following exception:

Traceback (most recent call last):
  File "C:\Users\Mirza Haseeb\Desktop\job board web app\venv\Lib\site-packages\django\core\handlers\exception.py", line 55, in inner
    response = get_response(request)
  File "C:\Users\Mirza Haseeb\Desktop\job board web app\venv\Lib\site-packages\django\core\handlers\base.py", line 197, in _get_response
    response = wrapped_callback(request, *callback_args, **callback_kwargs)
  File "C:\Users\Mirza Haseeb\Desktop\job board web app\venv\Lib\site-packages\django\utils\decorators.py", line 48, in _wrapper
    return bound_method(*args, **kwargs)
  File "C:\Users\Mirza Haseeb\Desktop\job board web app\venv\Lib\site-packages\django\views\decorators\cache.py", line 80, in _view_wrapper
    response = view_func(request, *args, **kwargs)
  File "C:\Users\Mirza Haseeb\Desktop\job board web app\venv\Lib\site-packages\django\contrib\admin\sites.py", line 449, in login
    return LoginView.as_view(**defaults)(request)
           ~~~~~~~~~~~~~~~~~~~~~~~~~~~~~^^^^^^^^^
  File "C:\Users\Mirza Haseeb\Desktop\job board web app\venv\Lib\site-packages\django\views\generic\base.py", line 105, in view
    return self.dispatch(request, *args, **kwargs)
           ~~~~~~~~~~~~~^^^^^^^^^^^^^^^^^^^^^^^^^^
  File "C:\Users\Mirza Haseeb\Desktop\job board web app\venv\Lib\site-packages\django\utils\decorators.py", line 48, in _wrapper
    return bound_method(*args, **kwargs)
  File "C:\Users\Mirza Haseeb\Desktop\job board web app\venv\Lib\site-packages\django\utils\decorators.py", line 48, in _wrapper
    return bound_method(*args, **kwargs)
  File "C:\Users\Mirza Haseeb\Desktop\job board web app\venv\Lib\site-packages\django\views\decorators\debug.py", line 143, in sensitive_post_parameters_wrapper
    return view(request, *args, **kwargs)
  File "C:\Users\Mirza Haseeb\Desktop\job board web app\venv\Lib\site-packages\django\utils\decorators.py", line 48, in _wrapper
    return bound_method(*args, **kwargs)
  File "C:\Users\Mirza Haseeb\Desktop\job board web app\venv\Lib\site-packages\django\utils\decorators.py", line 192, in _view_wrapper
    result = _process_exception(request, e)
  File "C:\Users\Mirza Haseeb\Desktop\job board web app\venv\Lib\site-packages\django\utils\decorators.py", line 190, in _view_wrapper
    response = view_func(request, *args, **kwargs)
  File "C:\Users\Mirza Haseeb\Desktop\job board web app\venv\Lib\site-packages\django\utils\decorators.py", line 48, in _wrapper
    return bound_method(*args, **kwargs)
  File "C:\Users\Mirza Haseeb\Desktop\job board web app\venv\Lib\site-packages\django\views\decorators\cache.py", line 80, in _view_wrapper
    response = view_func(request, *args, **kwargs)
  File "C:\Users\Mirza Haseeb\Desktop\job board web app\venv\Lib\site-packages\django\contrib\auth\views.py", line 89, in dispatch
    return super().dispatch(request, *args, **kwargs)
           ~~~~~~~~~~~~~~~~^^^^^^^^^^^^^^^^^^^^^^^^^^
  File "C:\Users\Mirza Haseeb\Desktop\job board web app\venv\Lib\site-packages\django\views\generic\base.py", line 144, in dispatch
    return handler(request, *args, **kwargs)
  File "C:\Users\Mirza Haseeb\Desktop\job board web app\venv\Lib\site-packages\django\views\generic\edit.py", line 150, in post
    if form.is_valid():
       ~~~~~~~~~~~~~^^
  File "C:\Users\Mirza Haseeb\Desktop\job board web app\venv\Lib\site-packages\django\forms\forms.py", line 206, in is_valid
    return self.is_bound and not self.errors
                                 ^^^^^^^^^^^
  File "C:\Users\Mirza Haseeb\Desktop\job board web app\venv\Lib\site-packages\django\forms\forms.py", line 201, in errors
    self.full_clean()
    ~~~~~~~~~~~~~~~^^
  File "C:\Users\Mirza Haseeb\Desktop\job board web app\venv\Lib\site-packages\django\forms\forms.py", line 338, in full_clean
    self._clean_form()
    ~~~~~~~~~~~~~~~~^^
  File "C:\Users\Mirza Haseeb\Desktop\job board web app\venv\Lib\site-packages\django\forms\forms.py", line 354, in _clean_form
    cleaned_data = self.clean()
  File "C:\Users\Mirza Haseeb\Desktop\job board web app\venv\Lib\site-packages\django\views\decorators\debug.py", line 75, in sensitive_variables_wrapper
    return func(*func_args, **func_kwargs)
  File "C:\Users\Mirza Haseeb\Desktop\job board web app\venv\Lib\site-packages\django\contrib\auth\forms.py", line 366, in clean
    self.user_cache = authenticate(
                      ~~~~~~~~~~~~^
        self.request, username=username, password=password
        ^^^^^^^^^^^^^^^^^^^^^^^^^^^^^^^^^^^^^^^^^^^^^^^^^^
    )
    ^
  File "C:\Users\Mirza Haseeb\Desktop\job board web app\venv\Lib\site-packages\django\views\decorators\debug.py", line 75, in sensitive_variables_wrapper
    return func(*func_args, **func_kwargs)
  File "C:\Users\Mirza Haseeb\Desktop\job board web app\venv\Lib\site-packages\django\contrib\auth\__init__.py", line 114, in authenticate
    user = backend.authenticate(request, **credentials)
  File "C:\Users\Mirza Haseeb\Desktop\job board web app\venv\Lib\site-packages\django\contrib\auth\backends.py", line 65, in authenticate
    user = UserModel._default_manager.get_by_natural_key(username)
  File "C:\Users\Mirza Haseeb\Desktop\job board web app\venv\Lib\site-packages\django\contrib\auth\base_user.py", line 37, in get_by_natural_key
    return self.get(**{self.model.USERNAME_FIELD: username})
           ~~~~~~~~^^^^^^^^^^^^^^^^^^^^^^^^^^^^^^^^^^^^^^^^^
  File "C:\Users\Mirza Haseeb\Desktop\job board web app\venv\Lib\site-packages\django\db\models\manager.py", line 87, in manager_method
    return getattr(self.get_queryset(), name)(*args, **kwargs)
           ~~~~~~~~~~~~~~~~~~~~~~~~~~~~~~~~~~^^^^^^^^^^^^^^^^^
  File "C:\Users\Mirza Haseeb\Desktop\job board web app\venv\Lib\site-packages\django\db\models\query.py", line 629, in get
    num = len(clone)
  File "C:\Users\Mirza Haseeb\Desktop\job board web app\venv\Lib\site-packages\django\db\models\query.py", line 366, in __len__
    self._fetch_all()
    ~~~~~~~~~~~~~~~^^
  File "C:\Users\Mirza Haseeb\Desktop\job board web app\venv\Lib\site-packages\django\db\models\query.py", line 1949, in _fetch_all
    self._result_cache = list(self._iterable_class(self))
                         ~~~~^^^^^^^^^^^^^^^^^^^^^^^^^^^^
  File "C:\Users\Mirza Haseeb\Desktop\job board web app\venv\Lib\site-packages\django\db\models\query.py", line 91, in __iter__
    results = compiler.execute_sql(
        chunked_fetch=self.chunked_fetch, chunk_size=self.chunk_size
    )
  File "C:\Users\Mirza Haseeb\Desktop\job board web app\venv\Lib\site-packages\django\db\models\sql\compiler.py", line 1623, in execute_sql
    cursor.execute(sql, params)
    ~~~~~~~~~~~~~~^^^^^^^^^^^^^
  File "C:\Users\Mirza Haseeb\Desktop\job board web app\venv\Lib\site-packages\django\db\backends\utils.py", line 122, in execute
    return super().execute(sql, params)
           ~~~~~~~~~~~~~~~^^^^^^^^^^^^^
  File "C:\Users\Mirza Haseeb\Desktop\job board web app\venv\Lib\site-packages\django\db\backends\utils.py", line 79, in execute
    return self._execute_with_wrappers(
           ~~~~~~~~~~~~~~~~~~~~~~~~~~~^
        sql, params, many=False, executor=self._execute
        ^^^^^^^^^^^^^^^^^^^^^^^^^^^^^^^^^^^^^^^^^^^^^^^
    )
    ^
  File "C:\Users\Mirza Haseeb\Desktop\job board web app\venv\Lib\site-packages\django\db\backends\utils.py", line 92, in _execute_with_wrappers
    return executor(sql, params, many, context)
  File "C:\Users\Mirza Haseeb\Desktop\job board web app\venv\Lib\site-packages\django\db\backends\utils.py", line 100, in _execute
    with self.db.wrap_database_errors:
         ^^^^^^^^^^^^^^^^^^^^^^^^^^^^
  File "C:\Users\Mirza Haseeb\Desktop\job board web app\venv\Lib\site-packages\django\db\utils.py", line 91, in __exit__
    raise dj_exc_value.with_traceback(traceback) from exc_value
  File "C:\Users\Mirza Haseeb\Desktop\job board web app\venv\Lib\site-packages\django\db\backends\utils.py", line 105, in _execute
    return self.cursor.execute(sql, params)
           ~~~~~~~~~~~~~~~~~~~^^^^^^^^^^^^^
  File "C:\Users\Mirza Haseeb\Desktop\job board web app\venv\Lib\site-packages\django\db\backends\sqlite3\base.py", line 360, in execute
    return super().execute(query, params)
           ~~~~~~~~~~~~~~~^^^^^^^^^^^^^^^
django.db.utils.OperationalError: no such table: accounts_customuser
ERROR 2025-06-19 00:34:11,581 basehttp "POST /admin/login/?next=/admin/ HTTP/1.1" 500 260854
INFO 2025-06-19 00:34:23,096 basehttp "GET / HTTP/1.1" 200 0
INFO 2025-06-19 00:34:25,512 basehttp "GET / HTTP/1.1" 200 0
INFO 2025-06-19 00:37:13,703 autoreload Watching for file changes with StatReloader
INFO 2025-06-19 00:37:15,505 basehttp "GET / HTTP/1.1" 200 0
INFO 2025-06-19 00:37:19,932 basehttp "GET / HTTP/1.1" 200 0
INFO 2025-06-19 00:37:20,324 basehttp "GET / HTTP/1.1" 200 0
INFO 2025-06-19 00:37:20,563 basehttp "GET / HTTP/1.1" 200 0
INFO 2025-06-19 00:37:20,774 basehttp "GET / HTTP/1.1" 200 0
INFO 2025-06-19 00:37:20,936 basehttp "GET / HTTP/1.1" 200 0
INFO 2025-06-19 00:37:21,108 basehttp "GET / HTTP/1.1" 200 0
INFO 2025-06-19 00:37:21,302 basehttp "GET / HTTP/1.1" 200 0
INFO 2025-06-19 00:37:21,493 basehttp "GET / HTTP/1.1" 200 0
INFO 2025-06-19 00:42:05,137 autoreload C:\Users\Mirza Haseeb\Desktop\job board web app\jobs\urls.py changed, reloading.
INFO 2025-06-19 00:42:07,662 autoreload Watching for file changes with StatReloader
INFO 2025-06-19 00:42:17,933 autoreload Watching for file changes with StatReloader
INFO 2025-06-19 00:42:30,826 autoreload C:\Users\Mirza Haseeb\Desktop\job board web app\jobs\urls.py changed, reloading.
INFO 2025-06-19 00:42:32,265 autoreload Watching for file changes with StatReloader
INFO 2025-06-19 00:42:36,060 basehttp "GET / HTTP/1.1" 200 0
INFO 2025-06-19 00:42:49,402 autoreload C:\Users\Mirza Haseeb\Desktop\job board web app\jobs\urls.py changed, reloading.
INFO 2025-06-19 13:35:47,157 autoreload Watching for file changes with StatReloader
INFO 2025-06-19 13:35:50,162 basehttp "GET / HTTP/1.1" 200 0
WARNING 2025-06-19 13:35:50,376 log Not Found: /favicon.ico
WARNING 2025-06-19 13:35:50,383 basehttp "GET /favicon.ico HTTP/1.1" 404 5301
WARNING 2025-06-19 13:38:31,550 log Not Found: /.well-known/appspecific/com.chrome.devtools.json
WARNING 2025-06-19 13:38:31,552 basehttp "GET /.well-known/appspecific/com.chrome.devtools.json HTTP/1.1" 404 5412
INFO 2025-06-19 13:39:59,036 autoreload C:\Users\Mirza Haseeb\Desktop\job board web app\config\urls.py changed, reloading.
INFO 2025-06-19 13:40:01,064 autoreload Watching for file changes with StatReloader
INFO 2025-06-19 13:40:46,846 autoreload C:\Users\Mirza Haseeb\Desktop\job board web app\jobs\views.py changed, reloading.
INFO 2025-06-19 13:40:48,726 autoreload Watching for file changes with StatReloader
INFO 2025-06-19 13:44:50,897 autoreload C:\Users\Mirza Haseeb\Desktop\job board web app\jobs\views.py changed, reloading.
INFO 2025-06-19 13:44:52,411 autoreload Watching for file changes with StatReloader
INFO 2025-06-19 13:44:57,643 basehttp "GET / HTTP/1.1" 200 0
INFO 2025-06-19 13:44:59,458 basehttp "GET / HTTP/1.1" 200 0
INFO 2025-06-19 13:44:59,708 basehttp "GET / HTTP/1.1" 200 0
INFO 2025-06-19 13:44:59,911 basehttp "GET / HTTP/1.1" 200 0
INFO 2025-06-19 13:45:00,106 basehttp "GET / HTTP/1.1" 200 0
INFO 2025-06-19 13:45:00,277 basehttp "GET / HTTP/1.1" 200 0
INFO 2025-06-19 13:45:00,456 basehttp "GET / HTTP/1.1" 200 0
INFO 2025-06-19 13:45:00,648 basehttp "GET / HTTP/1.1" 200 0
INFO 2025-06-19 13:45:00,836 basehttp "GET / HTTP/1.1" 200 0
INFO 2025-06-19 13:45:01,049 basehttp "GET / HTTP/1.1" 200 0
INFO 2025-06-19 13:45:01,249 basehttp "GET / HTTP/1.1" 200 0
INFO 2025-06-19 13:45:01,450 basehttp "GET / HTTP/1.1" 200 0
INFO 2025-06-19 13:45:01,642 basehttp "GET / HTTP/1.1" 200 0
INFO 2025-06-19 13:45:01,878 basehttp "GET / HTTP/1.1" 200 0
INFO 2025-06-19 13:46:36,079 autoreload C:\Users\Mirza Haseeb\Desktop\job board web app\jobs\views.py changed, reloading.
INFO 2025-06-19 13:46:38,188 autoreload Watching for file changes with StatReloader
INFO 2025-06-19 13:46:39,834 basehttp "GET / HTTP/1.1" 200 40
INFO 2025-06-19 13:46:40,080 basehttp "GET / HTTP/1.1" 200 40
INFO 2025-06-19 13:46:40,265 basehttp "GET / HTTP/1.1" 200 40
INFO 2025-06-19 13:49:10,059 autoreload C:\Users\Mirza Haseeb\Desktop\job board web app\jobs\views.py changed, reloading.
INFO 2025-06-19 13:49:12,421 autoreload Watching for file changes with StatReloader
INFO 2025-06-19 13:49:13,238 basehttp "GET / HTTP/1.1" 200 0
INFO 2025-06-19 13:50:15,103 autoreload C:\Users\Mirza Haseeb\Desktop\job board web app\jobs\views.py changed, reloading.
INFO 2025-06-19 13:50:16,503 autoreload Watching for file changes with StatReloader
INFO 2025-06-19 13:50:20,248 basehttp "GET / HTTP/1.1" 200 182
INFO 2025-06-19 13:52:25,328 autoreload C:\Users\Mirza Haseeb\Desktop\job board web app\jobs\views.py changed, reloading.
INFO 2025-06-19 13:52:28,099 autoreload Watching for file changes with StatReloader
INFO 2025-06-19 13:52:31,657 basehttp "GET / HTTP/1.1" 200 182
INFO 2025-06-19 13:52:51,434 basehttp "GET / HTTP/1.1" 200 35
INFO 2025-06-19 13:53:42,265 autoreload C:\Users\Mirza Haseeb\Desktop\job board web app\jobs\views.py changed, reloading.
INFO 2025-06-19 13:53:44,576 autoreload Watching for file changes with StatReloader
INFO 2025-06-19 13:53:46,114 basehttp "GET / HTTP/1.1" 200 117
INFO 2025-06-19 13:56:12,653 autoreload C:\Users\Mirza Haseeb\Desktop\job board web app\jobs\views.py changed, reloading.
INFO 2025-06-19 13:56:14,411 autoreload Watching for file changes with StatReloader
INFO 2025-06-19 13:56:15,623 basehttp "GET / HTTP/1.1" 200 95
INFO 2025-06-19 13:56:18,117 basehttp "GET / HTTP/1.1" 200 95
INFO 2025-06-19 13:57:45,752 basehttp "GET / HTTP/1.1" 200 95
INFO 2025-06-19 13:58:03,373 autoreload C:\Users\Mirza Haseeb\Desktop\job board web app\jobs\views.py changed, reloading.
INFO 2025-06-19 13:58:04,948 autoreload Watching for file changes with StatReloader
ERROR 2025-06-19 13:58:07,616 log Internal Server Error: /
Traceback (most recent call last):
  File "C:\Users\Mirza Haseeb\Desktop\job board web app\venv\Lib\site-packages\django\template\base.py", line 510, in parse
    compile_func = self.tags[command]
                   ~~~~~~~~~^^^^^^^^^
KeyError: 'static'

During handling of the above exception, another exception occurred:

Traceback (most recent call last):
  File "C:\Users\Mirza Haseeb\Desktop\job board web app\venv\Lib\site-packages\django\core\handlers\exception.py", line 55, in inner
    response = get_response(request)
  File "C:\Users\Mirza Haseeb\Desktop\job board web app\venv\Lib\site-packages\django\core\handlers\base.py", line 197, in _get_response
    response = wrapped_callback(request, *callback_args, **callback_kwargs)
  File "C:\Users\Mirza Haseeb\Desktop\job board web app\jobs\views.py", line 20, in home
    return render(request, 'jobs/home.html', {})
  File "C:\Users\Mirza Haseeb\Desktop\job board web app\venv\Lib\site-packages\django\shortcuts.py", line 25, in render
    content = loader.render_to_string(template_name, context, request, using=using)
  File "C:\Users\Mirza Haseeb\Desktop\job board web app\venv\Lib\site-packages\django\template\loader.py", line 62, in render_to_string
    return template.render(context, request)
           ~~~~~~~~~~~~~~~^^^^^^^^^^^^^^^^^^
  File "C:\Users\Mirza Haseeb\Desktop\job board web app\venv\Lib\site-packages\django\template\backends\django.py", line 107, in render
    return self.template.render(context)
           ~~~~~~~~~~~~~~~~~~~~^^^^^^^^^
  File "C:\Users\Mirza Haseeb\Desktop\job board web app\venv\Lib\site-packages\django\template\base.py", line 171, in render
    return self._render(context)
           ~~~~~~~~~~~~^^^^^^^^^
  File "C:\Users\Mirza Haseeb\Desktop\job board web app\venv\Lib\site-packages\django\template\base.py", line 163, in _render
    return self.nodelist.render(context)
           ~~~~~~~~~~~~~~~~~~~~^^^^^^^^^
  File "C:\Users\Mirza Haseeb\Desktop\job board web app\venv\Lib\site-packages\django\template\base.py", line 1016, in render
    return SafeString("".join([node.render_annotated(context) for node in self]))
                               ~~~~~~~~~~~~~~~~~~~~~^^^^^^^^^
  File "C:\Users\Mirza Haseeb\Desktop\job board web app\venv\Lib\site-packages\django\template\base.py", line 977, in render_annotated
    return self.render(context)
           ~~~~~~~~~~~^^^^^^^^^
  File "C:\Users\Mirza Haseeb\Desktop\job board web app\venv\Lib\site-packages\django\template\loader_tags.py", line 134, in render
    compiled_parent = self.get_parent(context)
  File "C:\Users\Mirza Haseeb\Desktop\job board web app\venv\Lib\site-packages\django\template\loader_tags.py", line 131, in get_parent
    return self.find_template(parent, context)
           ~~~~~~~~~~~~~~~~~~^^^^^^^^^^^^^^^^^
  File "C:\Users\Mirza Haseeb\Desktop\job board web app\venv\Lib\site-packages\django\template\loader_tags.py", line 109, in find_template
    template, origin = context.template.engine.find_template(
                       ~~~~~~~~~~~~~~~~~~~~~~~~~~~~~~~~~~~~~^
        template_name,
        ^^^^^^^^^^^^^^
        skip=history,
        ^^^^^^^^^^^^^
    )
    ^
  File "C:\Users\Mirza Haseeb\Desktop\job board web app\venv\Lib\site-packages\django\template\engine.py", line 159, in find_template
    template = loader.get_template(name, skip=skip)
  File "C:\Users\Mirza Haseeb\Desktop\job board web app\venv\Lib\site-packages\django\template\loaders\cached.py", line 57, in get_template
    template = super().get_template(template_name, skip)
  File "C:\Users\Mirza Haseeb\Desktop\job board web app\venv\Lib\site-packages\django\template\loaders\base.py", line 28, in get_template
    return Template(
        contents,
    ...<2 lines>...
        self.engine,
    )
  File "C:\Users\Mirza Haseeb\Desktop\job board web app\venv\Lib\site-packages\django\template\base.py", line 154, in __init__
    self.nodelist = self.compile_nodelist()
                    ~~~~~~~~~~~~~~~~~~~~~^^
  File "C:\Users\Mirza Haseeb\Desktop\job board web app\venv\Lib\site-packages\django\template\base.py", line 196, in compile_nodelist
    nodelist = parser.parse()
  File "C:\Users\Mirza Haseeb\Desktop\job board web app\venv\Lib\site-packages\django\template\base.py", line 512, in parse
    self.invalid_block_tag(token, command, parse_until)
    ~~~~~~~~~~~~~~~~~~~~~~^^^^^^^^^^^^^^^^^^^^^^^^^^^^^
  File "C:\Users\Mirza Haseeb\Desktop\job board web app\venv\Lib\site-packages\django\template\base.py", line 577, in invalid_block_tag
    raise self.error(
    ...<3 lines>...
    )
django.template.exceptions.TemplateSyntaxError: Invalid block tag on line 9: 'static'. Did you forget to register or load this tag?
ERROR 2025-06-19 13:58:07,666 basehttp "GET / HTTP/1.1" 500 191767
ERROR 2025-06-19 13:59:55,896 log Internal Server Error: /
Traceback (most recent call last):
  File "C:\Users\Mirza Haseeb\Desktop\job board web app\venv\Lib\site-packages\django\core\handlers\exception.py", line 55, in inner
    response = get_response(request)
  File "C:\Users\Mirza Haseeb\Desktop\job board web app\venv\Lib\site-packages\django\core\handlers\base.py", line 197, in _get_response
    response = wrapped_callback(request, *callback_args, **callback_kwargs)
  File "C:\Users\Mirza Haseeb\Desktop\job board web app\jobs\views.py", line 20, in home
    return render(request, 'jobs/home.html', {})
  File "C:\Users\Mirza Haseeb\Desktop\job board web app\venv\Lib\site-packages\django\shortcuts.py", line 25, in render
    content = loader.render_to_string(template_name, context, request, using=using)
  File "C:\Users\Mirza Haseeb\Desktop\job board web app\venv\Lib\site-packages\django\template\loader.py", line 61, in render_to_string
    template = get_template(template_name, using=using)
  File "C:\Users\Mirza Haseeb\Desktop\job board web app\venv\Lib\site-packages\django\template\loader.py", line 15, in get_template
    return engine.get_template(template_name)
           ~~~~~~~~~~~~~~~~~~~^^^^^^^^^^^^^^^
  File "C:\Users\Mirza Haseeb\Desktop\job board web app\venv\Lib\site-packages\django\template\backends\django.py", line 79, in get_template
    return Template(self.engine.get_template(template_name), self)
                    ~~~~~~~~~~~~~~~~~~~~~~~~^^^^^^^^^^^^^^^
  File "C:\Users\Mirza Haseeb\Desktop\job board web app\venv\Lib\site-packages\django\template\engine.py", line 177, in get_template
    template, origin = self.find_template(template_name)
                       ~~~~~~~~~~~~~~~~~~^^^^^^^^^^^^^^^
  File "C:\Users\Mirza Haseeb\Desktop\job board web app\venv\Lib\site-packages\django\template\engine.py", line 159, in find_template
    template = loader.get_template(name, skip=skip)
  File "C:\Users\Mirza Haseeb\Desktop\job board web app\venv\Lib\site-packages\django\template\loaders\cached.py", line 57, in get_template
    template = super().get_template(template_name, skip)
  File "C:\Users\Mirza Haseeb\Desktop\job board web app\venv\Lib\site-packages\django\template\loaders\base.py", line 28, in get_template
    return Template(
        contents,
    ...<2 lines>...
        self.engine,
    )
  File "C:\Users\Mirza Haseeb\Desktop\job board web app\venv\Lib\site-packages\django\template\base.py", line 154, in __init__
    self.nodelist = self.compile_nodelist()
                    ~~~~~~~~~~~~~~~~~~~~~^^
  File "C:\Users\Mirza Haseeb\Desktop\job board web app\venv\Lib\site-packages\django\template\base.py", line 196, in compile_nodelist
    nodelist = parser.parse()
  File "C:\Users\Mirza Haseeb\Desktop\job board web app\venv\Lib\site-packages\django\template\base.py", line 519, in parse
    self.extend_nodelist(nodelist, compiled_result, token)
    ~~~~~~~~~~~~~~~~~~~~^^^^^^^^^^^^^^^^^^^^^^^^^^^^^^^^^^
  File "C:\Users\Mirza Haseeb\Desktop\job board web app\venv\Lib\site-packages\django\template\base.py", line 540, in extend_nodelist
    raise self.error(
    ...<2 lines>...
    )
django.template.exceptions.TemplateSyntaxError: {% extends 'base.html' %} must be the first tag in 'jobs/home.html'.
ERROR 2025-06-19 13:59:55,927 basehttp "GET / HTTP/1.1" 500 150476
ERROR 2025-06-19 13:59:58,243 log Internal Server Error: /
Traceback (most recent call last):
  File "C:\Users\Mirza Haseeb\Desktop\job board web app\venv\Lib\site-packages\django\core\handlers\exception.py", line 55, in inner
    response = get_response(request)
  File "C:\Users\Mirza Haseeb\Desktop\job board web app\venv\Lib\site-packages\django\core\handlers\base.py", line 197, in _get_response
    response = wrapped_callback(request, *callback_args, **callback_kwargs)
  File "C:\Users\Mirza Haseeb\Desktop\job board web app\jobs\views.py", line 20, in home
    return render(request, 'jobs/home.html', {})
  File "C:\Users\Mirza Haseeb\Desktop\job board web app\venv\Lib\site-packages\django\shortcuts.py", line 25, in render
    content = loader.render_to_string(template_name, context, request, using=using)
  File "C:\Users\Mirza Haseeb\Desktop\job board web app\venv\Lib\site-packages\django\template\loader.py", line 61, in render_to_string
    template = get_template(template_name, using=using)
  File "C:\Users\Mirza Haseeb\Desktop\job board web app\venv\Lib\site-packages\django\template\loader.py", line 15, in get_template
    return engine.get_template(template_name)
           ~~~~~~~~~~~~~~~~~~~^^^^^^^^^^^^^^^
  File "C:\Users\Mirza Haseeb\Desktop\job board web app\venv\Lib\site-packages\django\template\backends\django.py", line 79, in get_template
    return Template(self.engine.get_template(template_name), self)
                    ~~~~~~~~~~~~~~~~~~~~~~~~^^^^^^^^^^^^^^^
  File "C:\Users\Mirza Haseeb\Desktop\job board web app\venv\Lib\site-packages\django\template\engine.py", line 177, in get_template
    template, origin = self.find_template(template_name)
                       ~~~~~~~~~~~~~~~~~~^^^^^^^^^^^^^^^
  File "C:\Users\Mirza Haseeb\Desktop\job board web app\venv\Lib\site-packages\django\template\engine.py", line 159, in find_template
    template = loader.get_template(name, skip=skip)
  File "C:\Users\Mirza Haseeb\Desktop\job board web app\venv\Lib\site-packages\django\template\loaders\cached.py", line 57, in get_template
    template = super().get_template(template_name, skip)
  File "C:\Users\Mirza Haseeb\Desktop\job board web app\venv\Lib\site-packages\django\template\loaders\base.py", line 28, in get_template
    return Template(
        contents,
    ...<2 lines>...
        self.engine,
    )
  File "C:\Users\Mirza Haseeb\Desktop\job board web app\venv\Lib\site-packages\django\template\base.py", line 154, in __init__
    self.nodelist = self.compile_nodelist()
                    ~~~~~~~~~~~~~~~~~~~~~^^
  File "C:\Users\Mirza Haseeb\Desktop\job board web app\venv\Lib\site-packages\django\template\base.py", line 196, in compile_nodelist
    nodelist = parser.parse()
  File "C:\Users\Mirza Haseeb\Desktop\job board web app\venv\Lib\site-packages\django\template\base.py", line 519, in parse
    self.extend_nodelist(nodelist, compiled_result, token)
    ~~~~~~~~~~~~~~~~~~~~^^^^^^^^^^^^^^^^^^^^^^^^^^^^^^^^^^
  File "C:\Users\Mirza Haseeb\Desktop\job board web app\venv\Lib\site-packages\django\template\base.py", line 540, in extend_nodelist
    raise self.error(
    ...<2 lines>...
    )
django.template.exceptions.TemplateSyntaxError: {% extends 'base.html' %} must be the first tag in 'jobs/home.html'.
ERROR 2025-06-19 13:59:58,257 basehttp "GET / HTTP/1.1" 500 150476
INFO 2025-06-19 14:00:05,232 autoreload C:\Users\Mirza Haseeb\Desktop\job board web app\jobs\views.py changed, reloading.
INFO 2025-06-19 14:00:07,797 autoreload Watching for file changes with StatReloader
ERROR 2025-06-19 14:00:09,314 log Internal Server Error: /
Traceback (most recent call last):
  File "C:\Users\Mirza Haseeb\Desktop\job board web app\venv\Lib\site-packages\django\core\handlers\exception.py", line 55, in inner
    response = get_response(request)
  File "C:\Users\Mirza Haseeb\Desktop\job board web app\venv\Lib\site-packages\django\core\handlers\base.py", line 197, in _get_response
    response = wrapped_callback(request, *callback_args, **callback_kwargs)
  File "C:\Users\Mirza Haseeb\Desktop\job board web app\jobs\views.py", line 20, in home
    return render(request, 'jobs/home.html', {})
  File "C:\Users\Mirza Haseeb\Desktop\job board web app\venv\Lib\site-packages\django\shortcuts.py", line 25, in render
    content = loader.render_to_string(template_name, context, request, using=using)
  File "C:\Users\Mirza Haseeb\Desktop\job board web app\venv\Lib\site-packages\django\template\loader.py", line 61, in render_to_string
    template = get_template(template_name, using=using)
  File "C:\Users\Mirza Haseeb\Desktop\job board web app\venv\Lib\site-packages\django\template\loader.py", line 15, in get_template
    return engine.get_template(template_name)
           ~~~~~~~~~~~~~~~~~~~^^^^^^^^^^^^^^^
  File "C:\Users\Mirza Haseeb\Desktop\job board web app\venv\Lib\site-packages\django\template\backends\django.py", line 79, in get_template
    return Template(self.engine.get_template(template_name), self)
                    ~~~~~~~~~~~~~~~~~~~~~~~~^^^^^^^^^^^^^^^
  File "C:\Users\Mirza Haseeb\Desktop\job board web app\venv\Lib\site-packages\django\template\engine.py", line 177, in get_template
    template, origin = self.find_template(template_name)
                       ~~~~~~~~~~~~~~~~~~^^^^^^^^^^^^^^^
  File "C:\Users\Mirza Haseeb\Desktop\job board web app\venv\Lib\site-packages\django\template\engine.py", line 159, in find_template
    template = loader.get_template(name, skip=skip)
  File "C:\Users\Mirza Haseeb\Desktop\job board web app\venv\Lib\site-packages\django\template\loaders\cached.py", line 57, in get_template
    template = super().get_template(template_name, skip)
  File "C:\Users\Mirza Haseeb\Desktop\job board web app\venv\Lib\site-packages\django\template\loaders\base.py", line 28, in get_template
    return Template(
        contents,
    ...<2 lines>...
        self.engine,
    )
  File "C:\Users\Mirza Haseeb\Desktop\job board web app\venv\Lib\site-packages\django\template\base.py", line 154, in __init__
    self.nodelist = self.compile_nodelist()
                    ~~~~~~~~~~~~~~~~~~~~~^^
  File "C:\Users\Mirza Haseeb\Desktop\job board web app\venv\Lib\site-packages\django\template\base.py", line 196, in compile_nodelist
    nodelist = parser.parse()
  File "C:\Users\Mirza Haseeb\Desktop\job board web app\venv\Lib\site-packages\django\template\base.py", line 519, in parse
    self.extend_nodelist(nodelist, compiled_result, token)
    ~~~~~~~~~~~~~~~~~~~~^^^^^^^^^^^^^^^^^^^^^^^^^^^^^^^^^^
  File "C:\Users\Mirza Haseeb\Desktop\job board web app\venv\Lib\site-packages\django\template\base.py", line 540, in extend_nodelist
    raise self.error(
    ...<2 lines>...
    )
django.template.exceptions.TemplateSyntaxError: {% extends 'base.html' %} must be the first tag in 'jobs/home.html'.
ERROR 2025-06-19 14:00:09,353 basehttp "GET / HTTP/1.1" 500 150476
ERROR 2025-06-19 14:00:11,359 log Internal Server Error: /
Traceback (most recent call last):
  File "C:\Users\Mirza Haseeb\Desktop\job board web app\venv\Lib\site-packages\django\core\handlers\exception.py", line 55, in inner
    response = get_response(request)
  File "C:\Users\Mirza Haseeb\Desktop\job board web app\venv\Lib\site-packages\django\core\handlers\base.py", line 197, in _get_response
    response = wrapped_callback(request, *callback_args, **callback_kwargs)
  File "C:\Users\Mirza Haseeb\Desktop\job board web app\jobs\views.py", line 20, in home
    return render(request, 'jobs/home.html', {})
  File "C:\Users\Mirza Haseeb\Desktop\job board web app\venv\Lib\site-packages\django\shortcuts.py", line 25, in render
    content = loader.render_to_string(template_name, context, request, using=using)
  File "C:\Users\Mirza Haseeb\Desktop\job board web app\venv\Lib\site-packages\django\template\loader.py", line 61, in render_to_string
    template = get_template(template_name, using=using)
  File "C:\Users\Mirza Haseeb\Desktop\job board web app\venv\Lib\site-packages\django\template\loader.py", line 15, in get_template
    return engine.get_template(template_name)
           ~~~~~~~~~~~~~~~~~~~^^^^^^^^^^^^^^^
  File "C:\Users\Mirza Haseeb\Desktop\job board web app\venv\Lib\site-packages\django\template\backends\django.py", line 79, in get_template
    return Template(self.engine.get_template(template_name), self)
                    ~~~~~~~~~~~~~~~~~~~~~~~~^^^^^^^^^^^^^^^
  File "C:\Users\Mirza Haseeb\Desktop\job board web app\venv\Lib\site-packages\django\template\engine.py", line 177, in get_template
    template, origin = self.find_template(template_name)
                       ~~~~~~~~~~~~~~~~~~^^^^^^^^^^^^^^^
  File "C:\Users\Mirza Haseeb\Desktop\job board web app\venv\Lib\site-packages\django\template\engine.py", line 159, in find_template
    template = loader.get_template(name, skip=skip)
  File "C:\Users\Mirza Haseeb\Desktop\job board web app\venv\Lib\site-packages\django\template\loaders\cached.py", line 57, in get_template
    template = super().get_template(template_name, skip)
  File "C:\Users\Mirza Haseeb\Desktop\job board web app\venv\Lib\site-packages\django\template\loaders\base.py", line 28, in get_template
    return Template(
        contents,
    ...<2 lines>...
        self.engine,
    )
  File "C:\Users\Mirza Haseeb\Desktop\job board web app\venv\Lib\site-packages\django\template\base.py", line 154, in __init__
    self.nodelist = self.compile_nodelist()
                    ~~~~~~~~~~~~~~~~~~~~~^^
  File "C:\Users\Mirza Haseeb\Desktop\job board web app\venv\Lib\site-packages\django\template\base.py", line 196, in compile_nodelist
    nodelist = parser.parse()
  File "C:\Users\Mirza Haseeb\Desktop\job board web app\venv\Lib\site-packages\django\template\base.py", line 519, in parse
    self.extend_nodelist(nodelist, compiled_result, token)
    ~~~~~~~~~~~~~~~~~~~~^^^^^^^^^^^^^^^^^^^^^^^^^^^^^^^^^^
  File "C:\Users\Mirza Haseeb\Desktop\job board web app\venv\Lib\site-packages\django\template\base.py", line 540, in extend_nodelist
    raise self.error(
    ...<2 lines>...
    )
django.template.exceptions.TemplateSyntaxError: {% extends 'base.html' %} must be the first tag in 'jobs/home.html'.
ERROR 2025-06-19 14:00:11,383 basehttp "GET / HTTP/1.1" 500 150476
ERROR 2025-06-19 14:00:11,746 log Internal Server Error: /
Traceback (most recent call last):
  File "C:\Users\Mirza Haseeb\Desktop\job board web app\venv\Lib\site-packages\django\core\handlers\exception.py", line 55, in inner
    response = get_response(request)
  File "C:\Users\Mirza Haseeb\Desktop\job board web app\venv\Lib\site-packages\django\core\handlers\base.py", line 197, in _get_response
    response = wrapped_callback(request, *callback_args, **callback_kwargs)
  File "C:\Users\Mirza Haseeb\Desktop\job board web app\jobs\views.py", line 20, in home
    return render(request, 'jobs/home.html', {})
  File "C:\Users\Mirza Haseeb\Desktop\job board web app\venv\Lib\site-packages\django\shortcuts.py", line 25, in render
    content = loader.render_to_string(template_name, context, request, using=using)
  File "C:\Users\Mirza Haseeb\Desktop\job board web app\venv\Lib\site-packages\django\template\loader.py", line 61, in render_to_string
    template = get_template(template_name, using=using)
  File "C:\Users\Mirza Haseeb\Desktop\job board web app\venv\Lib\site-packages\django\template\loader.py", line 15, in get_template
    return engine.get_template(template_name)
           ~~~~~~~~~~~~~~~~~~~^^^^^^^^^^^^^^^
  File "C:\Users\Mirza Haseeb\Desktop\job board web app\venv\Lib\site-packages\django\template\backends\django.py", line 79, in get_template
    return Template(self.engine.get_template(template_name), self)
                    ~~~~~~~~~~~~~~~~~~~~~~~~^^^^^^^^^^^^^^^
  File "C:\Users\Mirza Haseeb\Desktop\job board web app\venv\Lib\site-packages\django\template\engine.py", line 177, in get_template
    template, origin = self.find_template(template_name)
                       ~~~~~~~~~~~~~~~~~~^^^^^^^^^^^^^^^
  File "C:\Users\Mirza Haseeb\Desktop\job board web app\venv\Lib\site-packages\django\template\engine.py", line 159, in find_template
    template = loader.get_template(name, skip=skip)
  File "C:\Users\Mirza Haseeb\Desktop\job board web app\venv\Lib\site-packages\django\template\loaders\cached.py", line 57, in get_template
    template = super().get_template(template_name, skip)
  File "C:\Users\Mirza Haseeb\Desktop\job board web app\venv\Lib\site-packages\django\template\loaders\base.py", line 28, in get_template
    return Template(
        contents,
    ...<2 lines>...
        self.engine,
    )
  File "C:\Users\Mirza Haseeb\Desktop\job board web app\venv\Lib\site-packages\django\template\base.py", line 154, in __init__
    self.nodelist = self.compile_nodelist()
                    ~~~~~~~~~~~~~~~~~~~~~^^
  File "C:\Users\Mirza Haseeb\Desktop\job board web app\venv\Lib\site-packages\django\template\base.py", line 196, in compile_nodelist
    nodelist = parser.parse()
  File "C:\Users\Mirza Haseeb\Desktop\job board web app\venv\Lib\site-packages\django\template\base.py", line 519, in parse
    self.extend_nodelist(nodelist, compiled_result, token)
    ~~~~~~~~~~~~~~~~~~~~^^^^^^^^^^^^^^^^^^^^^^^^^^^^^^^^^^
  File "C:\Users\Mirza Haseeb\Desktop\job board web app\venv\Lib\site-packages\django\template\base.py", line 540, in extend_nodelist
    raise self.error(
    ...<2 lines>...
    )
django.template.exceptions.TemplateSyntaxError: {% extends 'base.html' %} must be the first tag in 'jobs/home.html'.
ERROR 2025-06-19 14:00:11,755 basehttp "GET / HTTP/1.1" 500 150476
ERROR 2025-06-19 14:00:12,150 log Internal Server Error: /
Traceback (most recent call last):
  File "C:\Users\Mirza Haseeb\Desktop\job board web app\venv\Lib\site-packages\django\core\handlers\exception.py", line 55, in inner
    response = get_response(request)
  File "C:\Users\Mirza Haseeb\Desktop\job board web app\venv\Lib\site-packages\django\core\handlers\base.py", line 197, in _get_response
    response = wrapped_callback(request, *callback_args, **callback_kwargs)
  File "C:\Users\Mirza Haseeb\Desktop\job board web app\jobs\views.py", line 20, in home
    return render(request, 'jobs/home.html', {})
  File "C:\Users\Mirza Haseeb\Desktop\job board web app\venv\Lib\site-packages\django\shortcuts.py", line 25, in render
    content = loader.render_to_string(template_name, context, request, using=using)
  File "C:\Users\Mirza Haseeb\Desktop\job board web app\venv\Lib\site-packages\django\template\loader.py", line 61, in render_to_string
    template = get_template(template_name, using=using)
  File "C:\Users\Mirza Haseeb\Desktop\job board web app\venv\Lib\site-packages\django\template\loader.py", line 15, in get_template
    return engine.get_template(template_name)
           ~~~~~~~~~~~~~~~~~~~^^^^^^^^^^^^^^^
  File "C:\Users\Mirza Haseeb\Desktop\job board web app\venv\Lib\site-packages\django\template\backends\django.py", line 79, in get_template
    return Template(self.engine.get_template(template_name), self)
                    ~~~~~~~~~~~~~~~~~~~~~~~~^^^^^^^^^^^^^^^
  File "C:\Users\Mirza Haseeb\Desktop\job board web app\venv\Lib\site-packages\django\template\engine.py", line 177, in get_template
    template, origin = self.find_template(template_name)
                       ~~~~~~~~~~~~~~~~~~^^^^^^^^^^^^^^^
  File "C:\Users\Mirza Haseeb\Desktop\job board web app\venv\Lib\site-packages\django\template\engine.py", line 159, in find_template
    template = loader.get_template(name, skip=skip)
  File "C:\Users\Mirza Haseeb\Desktop\job board web app\venv\Lib\site-packages\django\template\loaders\cached.py", line 57, in get_template
    template = super().get_template(template_name, skip)
  File "C:\Users\Mirza Haseeb\Desktop\job board web app\venv\Lib\site-packages\django\template\loaders\base.py", line 28, in get_template
    return Template(
        contents,
    ...<2 lines>...
        self.engine,
    )
  File "C:\Users\Mirza Haseeb\Desktop\job board web app\venv\Lib\site-packages\django\template\base.py", line 154, in __init__
    self.nodelist = self.compile_nodelist()
                    ~~~~~~~~~~~~~~~~~~~~~^^
  File "C:\Users\Mirza Haseeb\Desktop\job board web app\venv\Lib\site-packages\django\template\base.py", line 196, in compile_nodelist
    nodelist = parser.parse()
  File "C:\Users\Mirza Haseeb\Desktop\job board web app\venv\Lib\site-packages\django\template\base.py", line 519, in parse
    self.extend_nodelist(nodelist, compiled_result, token)
    ~~~~~~~~~~~~~~~~~~~~^^^^^^^^^^^^^^^^^^^^^^^^^^^^^^^^^^
  File "C:\Users\Mirza Haseeb\Desktop\job board web app\venv\Lib\site-packages\django\template\base.py", line 540, in extend_nodelist
    raise self.error(
    ...<2 lines>...
    )
django.template.exceptions.TemplateSyntaxError: {% extends 'base.html' %} must be the first tag in 'jobs/home.html'.
ERROR 2025-06-19 14:00:12,173 basehttp "GET / HTTP/1.1" 500 150476
ERROR 2025-06-19 14:00:12,635 log Internal Server Error: /
Traceback (most recent call last):
  File "C:\Users\Mirza Haseeb\Desktop\job board web app\venv\Lib\site-packages\django\core\handlers\exception.py", line 55, in inner
    response = get_response(request)
  File "C:\Users\Mirza Haseeb\Desktop\job board web app\venv\Lib\site-packages\django\core\handlers\base.py", line 197, in _get_response
    response = wrapped_callback(request, *callback_args, **callback_kwargs)
  File "C:\Users\Mirza Haseeb\Desktop\job board web app\jobs\views.py", line 20, in home
    return render(request, 'jobs/home.html', {})
  File "C:\Users\Mirza Haseeb\Desktop\job board web app\venv\Lib\site-packages\django\shortcuts.py", line 25, in render
    content = loader.render_to_string(template_name, context, request, using=using)
  File "C:\Users\Mirza Haseeb\Desktop\job board web app\venv\Lib\site-packages\django\template\loader.py", line 61, in render_to_string
    template = get_template(template_name, using=using)
  File "C:\Users\Mirza Haseeb\Desktop\job board web app\venv\Lib\site-packages\django\template\loader.py", line 15, in get_template
    return engine.get_template(template_name)
           ~~~~~~~~~~~~~~~~~~~^^^^^^^^^^^^^^^
  File "C:\Users\Mirza Haseeb\Desktop\job board web app\venv\Lib\site-packages\django\template\backends\django.py", line 79, in get_template
    return Template(self.engine.get_template(template_name), self)
                    ~~~~~~~~~~~~~~~~~~~~~~~~^^^^^^^^^^^^^^^
  File "C:\Users\Mirza Haseeb\Desktop\job board web app\venv\Lib\site-packages\django\template\engine.py", line 177, in get_template
    template, origin = self.find_template(template_name)
                       ~~~~~~~~~~~~~~~~~~^^^^^^^^^^^^^^^
  File "C:\Users\Mirza Haseeb\Desktop\job board web app\venv\Lib\site-packages\django\template\engine.py", line 159, in find_template
    template = loader.get_template(name, skip=skip)
  File "C:\Users\Mirza Haseeb\Desktop\job board web app\venv\Lib\site-packages\django\template\loaders\cached.py", line 57, in get_template
    template = super().get_template(template_name, skip)
  File "C:\Users\Mirza Haseeb\Desktop\job board web app\venv\Lib\site-packages\django\template\loaders\base.py", line 28, in get_template
    return Template(
        contents,
    ...<2 lines>...
        self.engine,
    )
  File "C:\Users\Mirza Haseeb\Desktop\job board web app\venv\Lib\site-packages\django\template\base.py", line 154, in __init__
    self.nodelist = self.compile_nodelist()
                    ~~~~~~~~~~~~~~~~~~~~~^^
  File "C:\Users\Mirza Haseeb\Desktop\job board web app\venv\Lib\site-packages\django\template\base.py", line 196, in compile_nodelist
    nodelist = parser.parse()
  File "C:\Users\Mirza Haseeb\Desktop\job board web app\venv\Lib\site-packages\django\template\base.py", line 519, in parse
    self.extend_nodelist(nodelist, compiled_result, token)
    ~~~~~~~~~~~~~~~~~~~~^^^^^^^^^^^^^^^^^^^^^^^^^^^^^^^^^^
  File "C:\Users\Mirza Haseeb\Desktop\job board web app\venv\Lib\site-packages\django\template\base.py", line 540, in extend_nodelist
    raise self.error(
    ...<2 lines>...
    )
django.template.exceptions.TemplateSyntaxError: {% extends 'base.html' %} must be the first tag in 'jobs/home.html'.
ERROR 2025-06-19 14:00:12,677 basehttp "GET / HTTP/1.1" 500 150476
ERROR 2025-06-19 14:00:13,052 log Internal Server Error: /
Traceback (most recent call last):
  File "C:\Users\Mirza Haseeb\Desktop\job board web app\venv\Lib\site-packages\django\core\handlers\exception.py", line 55, in inner
    response = get_response(request)
  File "C:\Users\Mirza Haseeb\Desktop\job board web app\venv\Lib\site-packages\django\core\handlers\base.py", line 197, in _get_response
    response = wrapped_callback(request, *callback_args, **callback_kwargs)
  File "C:\Users\Mirza Haseeb\Desktop\job board web app\jobs\views.py", line 20, in home
    return render(request, 'jobs/home.html', {})
  File "C:\Users\Mirza Haseeb\Desktop\job board web app\venv\Lib\site-packages\django\shortcuts.py", line 25, in render
    content = loader.render_to_string(template_name, context, request, using=using)
  File "C:\Users\Mirza Haseeb\Desktop\job board web app\venv\Lib\site-packages\django\template\loader.py", line 61, in render_to_string
    template = get_template(template_name, using=using)
  File "C:\Users\Mirza Haseeb\Desktop\job board web app\venv\Lib\site-packages\django\template\loader.py", line 15, in get_template
    return engine.get_template(template_name)
           ~~~~~~~~~~~~~~~~~~~^^^^^^^^^^^^^^^
  File "C:\Users\Mirza Haseeb\Desktop\job board web app\venv\Lib\site-packages\django\template\backends\django.py", line 79, in get_template
    return Template(self.engine.get_template(template_name), self)
                    ~~~~~~~~~~~~~~~~~~~~~~~~^^^^^^^^^^^^^^^
  File "C:\Users\Mirza Haseeb\Desktop\job board web app\venv\Lib\site-packages\django\template\engine.py", line 177, in get_template
    template, origin = self.find_template(template_name)
                       ~~~~~~~~~~~~~~~~~~^^^^^^^^^^^^^^^
  File "C:\Users\Mirza Haseeb\Desktop\job board web app\venv\Lib\site-packages\django\template\engine.py", line 159, in find_template
    template = loader.get_template(name, skip=skip)
  File "C:\Users\Mirza Haseeb\Desktop\job board web app\venv\Lib\site-packages\django\template\loaders\cached.py", line 57, in get_template
    template = super().get_template(template_name, skip)
  File "C:\Users\Mirza Haseeb\Desktop\job board web app\venv\Lib\site-packages\django\template\loaders\base.py", line 28, in get_template
    return Template(
        contents,
    ...<2 lines>...
        self.engine,
    )
  File "C:\Users\Mirza Haseeb\Desktop\job board web app\venv\Lib\site-packages\django\template\base.py", line 154, in __init__
    self.nodelist = self.compile_nodelist()
                    ~~~~~~~~~~~~~~~~~~~~~^^
  File "C:\Users\Mirza Haseeb\Desktop\job board web app\venv\Lib\site-packages\django\template\base.py", line 196, in compile_nodelist
    nodelist = parser.parse()
  File "C:\Users\Mirza Haseeb\Desktop\job board web app\venv\Lib\site-packages\django\template\base.py", line 519, in parse
    self.extend_nodelist(nodelist, compiled_result, token)
    ~~~~~~~~~~~~~~~~~~~~^^^^^^^^^^^^^^^^^^^^^^^^^^^^^^^^^^
  File "C:\Users\Mirza Haseeb\Desktop\job board web app\venv\Lib\site-packages\django\template\base.py", line 540, in extend_nodelist
    raise self.error(
    ...<2 lines>...
    )
django.template.exceptions.TemplateSyntaxError: {% extends 'base.html' %} must be the first tag in 'jobs/home.html'.
ERROR 2025-06-19 14:00:13,074 basehttp "GET / HTTP/1.1" 500 150476
INFO 2025-06-19 14:00:33,247 autoreload C:\Users\Mirza Haseeb\Desktop\job board web app\jobs\views.py changed, reloading.
INFO 2025-06-19 14:00:34,860 autoreload Watching for file changes with StatReloader
ERROR 2025-06-19 14:00:35,422 log Internal Server Error: /
Traceback (most recent call last):
  File "C:\Users\Mirza Haseeb\Desktop\job board web app\venv\Lib\site-packages\django\template\base.py", line 510, in parse
    compile_func = self.tags[command]
                   ~~~~~~~~~^^^^^^^^^
KeyError: 'static'

During handling of the above exception, another exception occurred:

Traceback (most recent call last):
  File "C:\Users\Mirza Haseeb\Desktop\job board web app\venv\Lib\site-packages\django\core\handlers\exception.py", line 55, in inner
    response = get_response(request)
  File "C:\Users\Mirza Haseeb\Desktop\job board web app\venv\Lib\site-packages\django\core\handlers\base.py", line 197, in _get_response
    response = wrapped_callback(request, *callback_args, **callback_kwargs)
  File "C:\Users\Mirza Haseeb\Desktop\job board web app\jobs\views.py", line 20, in home
    return render(request, 'jobs/home.html', {})
  File "C:\Users\Mirza Haseeb\Desktop\job board web app\venv\Lib\site-packages\django\shortcuts.py", line 25, in render
    content = loader.render_to_string(template_name, context, request, using=using)
  File "C:\Users\Mirza Haseeb\Desktop\job board web app\venv\Lib\site-packages\django\template\loader.py", line 62, in render_to_string
    return template.render(context, request)
           ~~~~~~~~~~~~~~~^^^^^^^^^^^^^^^^^^
  File "C:\Users\Mirza Haseeb\Desktop\job board web app\venv\Lib\site-packages\django\template\backends\django.py", line 107, in render
    return self.template.render(context)
           ~~~~~~~~~~~~~~~~~~~~^^^^^^^^^
  File "C:\Users\Mirza Haseeb\Desktop\job board web app\venv\Lib\site-packages\django\template\base.py", line 171, in render
    return self._render(context)
           ~~~~~~~~~~~~^^^^^^^^^
  File "C:\Users\Mirza Haseeb\Desktop\job board web app\venv\Lib\site-packages\django\template\base.py", line 163, in _render
    return self.nodelist.render(context)
           ~~~~~~~~~~~~~~~~~~~~^^^^^^^^^
  File "C:\Users\Mirza Haseeb\Desktop\job board web app\venv\Lib\site-packages\django\template\base.py", line 1016, in render
    return SafeString("".join([node.render_annotated(context) for node in self]))
                               ~~~~~~~~~~~~~~~~~~~~~^^^^^^^^^
  File "C:\Users\Mirza Haseeb\Desktop\job board web app\venv\Lib\site-packages\django\template\base.py", line 977, in render_annotated
    return self.render(context)
           ~~~~~~~~~~~^^^^^^^^^
  File "C:\Users\Mirza Haseeb\Desktop\job board web app\venv\Lib\site-packages\django\template\loader_tags.py", line 134, in render
    compiled_parent = self.get_parent(context)
  File "C:\Users\Mirza Haseeb\Desktop\job board web app\venv\Lib\site-packages\django\template\loader_tags.py", line 131, in get_parent
    return self.find_template(parent, context)
           ~~~~~~~~~~~~~~~~~~^^^^^^^^^^^^^^^^^
  File "C:\Users\Mirza Haseeb\Desktop\job board web app\venv\Lib\site-packages\django\template\loader_tags.py", line 109, in find_template
    template, origin = context.template.engine.find_template(
                       ~~~~~~~~~~~~~~~~~~~~~~~~~~~~~~~~~~~~~^
        template_name,
        ^^^^^^^^^^^^^^
        skip=history,
        ^^^^^^^^^^^^^
    )
    ^
  File "C:\Users\Mirza Haseeb\Desktop\job board web app\venv\Lib\site-packages\django\template\engine.py", line 159, in find_template
    template = loader.get_template(name, skip=skip)
  File "C:\Users\Mirza Haseeb\Desktop\job board web app\venv\Lib\site-packages\django\template\loaders\cached.py", line 57, in get_template
    template = super().get_template(template_name, skip)
  File "C:\Users\Mirza Haseeb\Desktop\job board web app\venv\Lib\site-packages\django\template\loaders\base.py", line 28, in get_template
    return Template(
        contents,
    ...<2 lines>...
        self.engine,
    )
  File "C:\Users\Mirza Haseeb\Desktop\job board web app\venv\Lib\site-packages\django\template\base.py", line 154, in __init__
    self.nodelist = self.compile_nodelist()
                    ~~~~~~~~~~~~~~~~~~~~~^^
  File "C:\Users\Mirza Haseeb\Desktop\job board web app\venv\Lib\site-packages\django\template\base.py", line 196, in compile_nodelist
    nodelist = parser.parse()
  File "C:\Users\Mirza Haseeb\Desktop\job board web app\venv\Lib\site-packages\django\template\base.py", line 512, in parse
    self.invalid_block_tag(token, command, parse_until)
    ~~~~~~~~~~~~~~~~~~~~~~^^^^^^^^^^^^^^^^^^^^^^^^^^^^^
  File "C:\Users\Mirza Haseeb\Desktop\job board web app\venv\Lib\site-packages\django\template\base.py", line 577, in invalid_block_tag
    raise self.error(
    ...<3 lines>...
    )
django.template.exceptions.TemplateSyntaxError: Invalid block tag on line 9: 'static'. Did you forget to register or load this tag?
ERROR 2025-06-19 14:00:35,475 basehttp "GET / HTTP/1.1" 500 191799
INFO 2025-06-19 14:03:13,030 autoreload C:\Users\Mirza Haseeb\Desktop\job board web app\jobs\views.py changed, reloading.
INFO 2025-06-19 14:03:14,963 autoreload Watching for file changes with StatReloader
INFO 2025-06-19 14:03:18,309 basehttp "GET / HTTP/1.1" 200 4955
WARNING 2025-06-19 14:03:18,654 basehttp "GET /static/images/hero-image.svg HTTP/1.1" 404 1990
INFO 2025-06-19 14:03:18,675 basehttp "GET /static/css/style.css HTTP/1.1" 200 2988
INFO 2025-06-19 14:03:31,968 basehttp "GET /accounts/register/ HTTP/1.1" 200 0
INFO 2025-06-19 14:05:01,297 basehttp "GET /accounts/register/ HTTP/1.1" 200 10580
ERROR 2025-06-19 14:06:52,779 log Internal Server Error: /jobs/
Traceback (most recent call last):
  File "C:\Users\Mirza Haseeb\Desktop\job board web app\venv\Lib\site-packages\django\db\backends\utils.py", line 105, in _execute
    return self.cursor.execute(sql, params)
           ~~~~~~~~~~~~~~~~~~~^^^^^^^^^^^^^
  File "C:\Users\Mirza Haseeb\Desktop\job board web app\venv\Lib\site-packages\django\db\backends\sqlite3\base.py", line 360, in execute
    return super().execute(query, params)
           ~~~~~~~~~~~~~~~^^^^^^^^^^^^^^^
sqlite3.OperationalError: no such table: jobs_jobcategory

The above exception was the direct cause of the following exception:

Traceback (most recent call last):
  File "C:\Users\Mirza Haseeb\Desktop\job board web app\venv\Lib\site-packages\django\core\handlers\exception.py", line 55, in inner
    response = get_response(request)
  File "C:\Users\Mirza Haseeb\Desktop\job board web app\venv\Lib\site-packages\django\core\handlers\base.py", line 197, in _get_response
    response = wrapped_callback(request, *callback_args, **callback_kwargs)
  File "C:\Users\Mirza Haseeb\Desktop\job board web app\jobs\views.py", line 71, in job_list
    return render(request, 'jobs/job_list.html', context)
  File "C:\Users\Mirza Haseeb\Desktop\job board web app\venv\Lib\site-packages\django\shortcuts.py", line 25, in render
    content = loader.render_to_string(template_name, context, request, using=using)
  File "C:\Users\Mirza Haseeb\Desktop\job board web app\venv\Lib\site-packages\django\template\loader.py", line 62, in render_to_string
    return template.render(context, request)
           ~~~~~~~~~~~~~~~^^^^^^^^^^^^^^^^^^
  File "C:\Users\Mirza Haseeb\Desktop\job board web app\venv\Lib\site-packages\django\template\backends\django.py", line 107, in render
    return self.template.render(context)
           ~~~~~~~~~~~~~~~~~~~~^^^^^^^^^
  File "C:\Users\Mirza Haseeb\Desktop\job board web app\venv\Lib\site-packages\django\template\base.py", line 171, in render
    return self._render(context)
           ~~~~~~~~~~~~^^^^^^^^^
  File "C:\Users\Mirza Haseeb\Desktop\job board web app\venv\Lib\site-packages\django\template\base.py", line 163, in _render
    return self.nodelist.render(context)
           ~~~~~~~~~~~~~~~~~~~~^^^^^^^^^
  File "C:\Users\Mirza Haseeb\Desktop\job board web app\venv\Lib\site-packages\django\template\base.py", line 1016, in render
    return SafeString("".join([node.render_annotated(context) for node in self]))
                               ~~~~~~~~~~~~~~~~~~~~~^^^^^^^^^
  File "C:\Users\Mirza Haseeb\Desktop\job board web app\venv\Lib\site-packages\django\template\base.py", line 977, in render_annotated
    return self.render(context)
           ~~~~~~~~~~~^^^^^^^^^
  File "C:\Users\Mirza Haseeb\Desktop\job board web app\venv\Lib\site-packages\django\template\loader_tags.py", line 159, in render
    return compiled_parent._render(context)
           ~~~~~~~~~~~~~~~~~~~~~~~^^^^^^^^^
  File "C:\Users\Mirza Haseeb\Desktop\job board web app\venv\Lib\site-packages\django\template\base.py", line 163, in _render
    return self.nodelist.render(context)
           ~~~~~~~~~~~~~~~~~~~~^^^^^^^^^
  File "C:\Users\Mirza Haseeb\Desktop\job board web app\venv\Lib\site-packages\django\template\base.py", line 1016, in render
    return SafeString("".join([node.render_annotated(context) for node in self]))
                               ~~~~~~~~~~~~~~~~~~~~~^^^^^^^^^
  File "C:\Users\Mirza Haseeb\Desktop\job board web app\venv\Lib\site-packages\django\template\base.py", line 977, in render_annotated
    return self.render(context)
           ~~~~~~~~~~~^^^^^^^^^
  File "C:\Users\Mirza Haseeb\Desktop\job board web app\venv\Lib\site-packages\django\template\loader_tags.py", line 65, in render
    result = block.nodelist.render(context)
  File "C:\Users\Mirza Haseeb\Desktop\job board web app\venv\Lib\site-packages\django\template\base.py", line 1016, in render
    return SafeString("".join([node.render_annotated(context) for node in self]))
                               ~~~~~~~~~~~~~~~~~~~~~^^^^^^^^^
  File "C:\Users\Mirza Haseeb\Desktop\job board web app\venv\Lib\site-packages\django\template\base.py", line 977, in render_annotated
    return self.render(context)
           ~~~~~~~~~~~^^^^^^^^^
  File "C:\Users\Mirza Haseeb\Desktop\job board web app\venv\Lib\site-packages\django\template\defaulttags.py", line 199, in render
    len_values = len(values)
  File "C:\Users\Mirza Haseeb\Desktop\job board web app\venv\Lib\site-packages\django\db\models\query.py", line 366, in __len__
    self._fetch_all()
    ~~~~~~~~~~~~~~~^^
  File "C:\Users\Mirza Haseeb\Desktop\job board web app\venv\Lib\site-packages\django\db\models\query.py", line 1949, in _fetch_all
    self._result_cache = list(self._iterable_class(self))
                         ~~~~^^^^^^^^^^^^^^^^^^^^^^^^^^^^
  File "C:\Users\Mirza Haseeb\Desktop\job board web app\venv\Lib\site-packages\django\db\models\query.py", line 91, in __iter__
    results = compiler.execute_sql(
        chunked_fetch=self.chunked_fetch, chunk_size=self.chunk_size
    )
  File "C:\Users\Mirza Haseeb\Desktop\job board web app\venv\Lib\site-packages\django\db\models\sql\compiler.py", line 1623, in execute_sql
    cursor.execute(sql, params)
    ~~~~~~~~~~~~~~^^^^^^^^^^^^^
  File "C:\Users\Mirza Haseeb\Desktop\job board web app\venv\Lib\site-packages\django\db\backends\utils.py", line 122, in execute
    return super().execute(sql, params)
           ~~~~~~~~~~~~~~~^^^^^^^^^^^^^
  File "C:\Users\Mirza Haseeb\Desktop\job board web app\venv\Lib\site-packages\django\db\backends\utils.py", line 79, in execute
    return self._execute_with_wrappers(
           ~~~~~~~~~~~~~~~~~~~~~~~~~~~^
        sql, params, many=False, executor=self._execute
        ^^^^^^^^^^^^^^^^^^^^^^^^^^^^^^^^^^^^^^^^^^^^^^^
    )
    ^
  File "C:\Users\Mirza Haseeb\Desktop\job board web app\venv\Lib\site-packages\django\db\backends\utils.py", line 92, in _execute_with_wrappers
    return executor(sql, params, many, context)
  File "C:\Users\Mirza Haseeb\Desktop\job board web app\venv\Lib\site-packages\django\db\backends\utils.py", line 100, in _execute
    with self.db.wrap_database_errors:
         ^^^^^^^^^^^^^^^^^^^^^^^^^^^^
  File "C:\Users\Mirza Haseeb\Desktop\job board web app\venv\Lib\site-packages\django\db\utils.py", line 91, in __exit__
    raise dj_exc_value.with_traceback(traceback) from exc_value
  File "C:\Users\Mirza Haseeb\Desktop\job board web app\venv\Lib\site-packages\django\db\backends\utils.py", line 105, in _execute
    return self.cursor.execute(sql, params)
           ~~~~~~~~~~~~~~~~~~~^^^^^^^^^^^^^
  File "C:\Users\Mirza Haseeb\Desktop\job board web app\venv\Lib\site-packages\django\db\backends\sqlite3\base.py", line 360, in execute
    return super().execute(query, params)
           ~~~~~~~~~~~~~~~^^^^^^^^^^^^^^^
django.db.utils.OperationalError: no such table: jobs_jobcategory
ERROR 2025-06-19 14:06:52,814 basehttp "GET /jobs/ HTTP/1.1" 500 208791
INFO 2025-06-19 14:07:05,230 basehttp "GET / HTTP/1.1" 200 4955
WARNING 2025-06-19 14:07:05,339 basehttp "GET /static/images/hero-image.svg HTTP/1.1" 404 1990
INFO 2025-06-19 14:11:25,934 basehttp "GET / HTTP/1.1" 200 4954
INFO 2025-06-19 14:11:26,083 basehttp "GET /static/images/hero-image.jpg HTTP/1.1" 200 8577
ERROR 2025-06-19 14:11:32,259 log Internal Server Error: /jobs/
Traceback (most recent call last):
  File "C:\Users\Mirza Haseeb\Desktop\job board web app\venv\Lib\site-packages\django\db\backends\utils.py", line 105, in _execute
    return self.cursor.execute(sql, params)
           ~~~~~~~~~~~~~~~~~~~^^^^^^^^^^^^^
  File "C:\Users\Mirza Haseeb\Desktop\job board web app\venv\Lib\site-packages\django\db\backends\sqlite3\base.py", line 360, in execute
    return super().execute(query, params)
           ~~~~~~~~~~~~~~~^^^^^^^^^^^^^^^
sqlite3.OperationalError: no such table: jobs_jobcategory

The above exception was the direct cause of the following exception:

Traceback (most recent call last):
  File "C:\Users\Mirza Haseeb\Desktop\job board web app\venv\Lib\site-packages\django\core\handlers\exception.py", line 55, in inner
    response = get_response(request)
  File "C:\Users\Mirza Haseeb\Desktop\job board web app\venv\Lib\site-packages\django\core\handlers\base.py", line 197, in _get_response
    response = wrapped_callback(request, *callback_args, **callback_kwargs)
  File "C:\Users\Mirza Haseeb\Desktop\job board web app\jobs\views.py", line 71, in job_list
    return render(request, 'jobs/job_list.html', context)
  File "C:\Users\Mirza Haseeb\Desktop\job board web app\venv\Lib\site-packages\django\shortcuts.py", line 25, in render
    content = loader.render_to_string(template_name, context, request, using=using)
  File "C:\Users\Mirza Haseeb\Desktop\job board web app\venv\Lib\site-packages\django\template\loader.py", line 62, in render_to_string
    return template.render(context, request)
           ~~~~~~~~~~~~~~~^^^^^^^^^^^^^^^^^^
  File "C:\Users\Mirza Haseeb\Desktop\job board web app\venv\Lib\site-packages\django\template\backends\django.py", line 107, in render
    return self.template.render(context)
           ~~~~~~~~~~~~~~~~~~~~^^^^^^^^^
  File "C:\Users\Mirza Haseeb\Desktop\job board web app\venv\Lib\site-packages\django\template\base.py", line 171, in render
    return self._render(context)
           ~~~~~~~~~~~~^^^^^^^^^
  File "C:\Users\Mirza Haseeb\Desktop\job board web app\venv\Lib\site-packages\django\template\base.py", line 163, in _render
    return self.nodelist.render(context)
           ~~~~~~~~~~~~~~~~~~~~^^^^^^^^^
  File "C:\Users\Mirza Haseeb\Desktop\job board web app\venv\Lib\site-packages\django\template\base.py", line 1016, in render
    return SafeString("".join([node.render_annotated(context) for node in self]))
                               ~~~~~~~~~~~~~~~~~~~~~^^^^^^^^^
  File "C:\Users\Mirza Haseeb\Desktop\job board web app\venv\Lib\site-packages\django\template\base.py", line 977, in render_annotated
    return self.render(context)
           ~~~~~~~~~~~^^^^^^^^^
  File "C:\Users\Mirza Haseeb\Desktop\job board web app\venv\Lib\site-packages\django\template\loader_tags.py", line 159, in render
    return compiled_parent._render(context)
           ~~~~~~~~~~~~~~~~~~~~~~~^^^^^^^^^
  File "C:\Users\Mirza Haseeb\Desktop\job board web app\venv\Lib\site-packages\django\template\base.py", line 163, in _render
    return self.nodelist.render(context)
           ~~~~~~~~~~~~~~~~~~~~^^^^^^^^^
  File "C:\Users\Mirza Haseeb\Desktop\job board web app\venv\Lib\site-packages\django\template\base.py", line 1016, in render
    return SafeString("".join([node.render_annotated(context) for node in self]))
                               ~~~~~~~~~~~~~~~~~~~~~^^^^^^^^^
  File "C:\Users\Mirza Haseeb\Desktop\job board web app\venv\Lib\site-packages\django\template\base.py", line 977, in render_annotated
    return self.render(context)
           ~~~~~~~~~~~^^^^^^^^^
  File "C:\Users\Mirza Haseeb\Desktop\job board web app\venv\Lib\site-packages\django\template\loader_tags.py", line 65, in render
    result = block.nodelist.render(context)
  File "C:\Users\Mirza Haseeb\Desktop\job board web app\venv\Lib\site-packages\django\template\base.py", line 1016, in render
    return SafeString("".join([node.render_annotated(context) for node in self]))
                               ~~~~~~~~~~~~~~~~~~~~~^^^^^^^^^
  File "C:\Users\Mirza Haseeb\Desktop\job board web app\venv\Lib\site-packages\django\template\base.py", line 977, in render_annotated
    return self.render(context)
           ~~~~~~~~~~~^^^^^^^^^
  File "C:\Users\Mirza Haseeb\Desktop\job board web app\venv\Lib\site-packages\django\template\defaulttags.py", line 199, in render
    len_values = len(values)
  File "C:\Users\Mirza Haseeb\Desktop\job board web app\venv\Lib\site-packages\django\db\models\query.py", line 366, in __len__
    self._fetch_all()
    ~~~~~~~~~~~~~~~^^
  File "C:\Users\Mirza Haseeb\Desktop\job board web app\venv\Lib\site-packages\django\db\models\query.py", line 1949, in _fetch_all
    self._result_cache = list(self._iterable_class(self))
                         ~~~~^^^^^^^^^^^^^^^^^^^^^^^^^^^^
  File "C:\Users\Mirza Haseeb\Desktop\job board web app\venv\Lib\site-packages\django\db\models\query.py", line 91, in __iter__
    results = compiler.execute_sql(
        chunked_fetch=self.chunked_fetch, chunk_size=self.chunk_size
    )
  File "C:\Users\Mirza Haseeb\Desktop\job board web app\venv\Lib\site-packages\django\db\models\sql\compiler.py", line 1623, in execute_sql
    cursor.execute(sql, params)
    ~~~~~~~~~~~~~~^^^^^^^^^^^^^
  File "C:\Users\Mirza Haseeb\Desktop\job board web app\venv\Lib\site-packages\django\db\backends\utils.py", line 122, in execute
    return super().execute(sql, params)
           ~~~~~~~~~~~~~~~^^^^^^^^^^^^^
  File "C:\Users\Mirza Haseeb\Desktop\job board web app\venv\Lib\site-packages\django\db\backends\utils.py", line 79, in execute
    return self._execute_with_wrappers(
           ~~~~~~~~~~~~~~~~~~~~~~~~~~~^
        sql, params, many=False, executor=self._execute
        ^^^^^^^^^^^^^^^^^^^^^^^^^^^^^^^^^^^^^^^^^^^^^^^
    )
    ^
  File "C:\Users\Mirza Haseeb\Desktop\job board web app\venv\Lib\site-packages\django\db\backends\utils.py", line 92, in _execute_with_wrappers
    return executor(sql, params, many, context)
  File "C:\Users\Mirza Haseeb\Desktop\job board web app\venv\Lib\site-packages\django\db\backends\utils.py", line 100, in _execute
    with self.db.wrap_database_errors:
         ^^^^^^^^^^^^^^^^^^^^^^^^^^^^
  File "C:\Users\Mirza Haseeb\Desktop\job board web app\venv\Lib\site-packages\django\db\utils.py", line 91, in __exit__
    raise dj_exc_value.with_traceback(traceback) from exc_value
  File "C:\Users\Mirza Haseeb\Desktop\job board web app\venv\Lib\site-packages\django\db\backends\utils.py", line 105, in _execute
    return self.cursor.execute(sql, params)
           ~~~~~~~~~~~~~~~~~~~^^^^^^^^^^^^^
  File "C:\Users\Mirza Haseeb\Desktop\job board web app\venv\Lib\site-packages\django\db\backends\sqlite3\base.py", line 360, in execute
    return super().execute(query, params)
           ~~~~~~~~~~~~~~~^^^^^^^^^^^^^^^
django.db.utils.OperationalError: no such table: jobs_jobcategory
ERROR 2025-06-19 14:11:32,284 basehttp "GET /jobs/ HTTP/1.1" 500 208773
INFO 2025-06-19 14:12:03,783 basehttp "GET /admin/ HTTP/1.1" 302 0
INFO 2025-06-19 14:12:04,071 basehttp "GET /admin/login/?next=/admin/ HTTP/1.1" 200 4173
INFO 2025-06-19 14:12:04,165 basehttp "GET /static/admin/css/base.css HTTP/1.1" 304 0
INFO 2025-06-19 14:12:04,183 basehttp "GET /static/admin/css/dark_mode.css HTTP/1.1" 304 0
INFO 2025-06-19 14:12:04,187 basehttp "GET /static/admin/js/theme.js HTTP/1.1" 304 0
INFO 2025-06-19 14:12:04,194 basehttp "GET /static/admin/css/responsive.css HTTP/1.1" 304 0
INFO 2025-06-19 14:12:04,195 basehttp "GET /static/admin/css/login.css HTTP/1.1" 304 0
INFO 2025-06-19 14:12:04,201 basehttp "GET /static/admin/css/nav_sidebar.css HTTP/1.1" 304 0
INFO 2025-06-19 14:12:04,218 basehttp "GET /static/admin/js/nav_sidebar.js HTTP/1.1" 304 0
ERROR 2025-06-19 14:12:06,593 log Internal Server Error: /admin/login/
Traceback (most recent call last):
  File "C:\Users\Mirza Haseeb\Desktop\job board web app\venv\Lib\site-packages\django\db\backends\utils.py", line 105, in _execute
    return self.cursor.execute(sql, params)
           ~~~~~~~~~~~~~~~~~~~^^^^^^^^^^^^^
  File "C:\Users\Mirza Haseeb\Desktop\job board web app\venv\Lib\site-packages\django\db\backends\sqlite3\base.py", line 360, in execute
    return super().execute(query, params)
           ~~~~~~~~~~~~~~~^^^^^^^^^^^^^^^
sqlite3.OperationalError: no such table: accounts_customuser

The above exception was the direct cause of the following exception:

Traceback (most recent call last):
  File "C:\Users\Mirza Haseeb\Desktop\job board web app\venv\Lib\site-packages\django\core\handlers\exception.py", line 55, in inner
    response = get_response(request)
  File "C:\Users\Mirza Haseeb\Desktop\job board web app\venv\Lib\site-packages\django\core\handlers\base.py", line 197, in _get_response
    response = wrapped_callback(request, *callback_args, **callback_kwargs)
  File "C:\Users\Mirza Haseeb\Desktop\job board web app\venv\Lib\site-packages\django\utils\decorators.py", line 48, in _wrapper
    return bound_method(*args, **kwargs)
  File "C:\Users\Mirza Haseeb\Desktop\job board web app\venv\Lib\site-packages\django\views\decorators\cache.py", line 80, in _view_wrapper
    response = view_func(request, *args, **kwargs)
  File "C:\Users\Mirza Haseeb\Desktop\job board web app\venv\Lib\site-packages\django\contrib\admin\sites.py", line 449, in login
    return LoginView.as_view(**defaults)(request)
           ~~~~~~~~~~~~~~~~~~~~~~~~~~~~~^^^^^^^^^
  File "C:\Users\Mirza Haseeb\Desktop\job board web app\venv\Lib\site-packages\django\views\generic\base.py", line 105, in view
    return self.dispatch(request, *args, **kwargs)
           ~~~~~~~~~~~~~^^^^^^^^^^^^^^^^^^^^^^^^^^
  File "C:\Users\Mirza Haseeb\Desktop\job board web app\venv\Lib\site-packages\django\utils\decorators.py", line 48, in _wrapper
    return bound_method(*args, **kwargs)
  File "C:\Users\Mirza Haseeb\Desktop\job board web app\venv\Lib\site-packages\django\utils\decorators.py", line 48, in _wrapper
    return bound_method(*args, **kwargs)
  File "C:\Users\Mirza Haseeb\Desktop\job board web app\venv\Lib\site-packages\django\views\decorators\debug.py", line 143, in sensitive_post_parameters_wrapper
    return view(request, *args, **kwargs)
  File "C:\Users\Mirza Haseeb\Desktop\job board web app\venv\Lib\site-packages\django\utils\decorators.py", line 48, in _wrapper
    return bound_method(*args, **kwargs)
  File "C:\Users\Mirza Haseeb\Desktop\job board web app\venv\Lib\site-packages\django\utils\decorators.py", line 192, in _view_wrapper
    result = _process_exception(request, e)
  File "C:\Users\Mirza Haseeb\Desktop\job board web app\venv\Lib\site-packages\django\utils\decorators.py", line 190, in _view_wrapper
    response = view_func(request, *args, **kwargs)
  File "C:\Users\Mirza Haseeb\Desktop\job board web app\venv\Lib\site-packages\django\utils\decorators.py", line 48, in _wrapper
    return bound_method(*args, **kwargs)
  File "C:\Users\Mirza Haseeb\Desktop\job board web app\venv\Lib\site-packages\django\views\decorators\cache.py", line 80, in _view_wrapper
    response = view_func(request, *args, **kwargs)
  File "C:\Users\Mirza Haseeb\Desktop\job board web app\venv\Lib\site-packages\django\contrib\auth\views.py", line 89, in dispatch
    return super().dispatch(request, *args, **kwargs)
           ~~~~~~~~~~~~~~~~^^^^^^^^^^^^^^^^^^^^^^^^^^
  File "C:\Users\Mirza Haseeb\Desktop\job board web app\venv\Lib\site-packages\django\views\generic\base.py", line 144, in dispatch
    return handler(request, *args, **kwargs)
  File "C:\Users\Mirza Haseeb\Desktop\job board web app\venv\Lib\site-packages\django\views\generic\edit.py", line 150, in post
    if form.is_valid():
       ~~~~~~~~~~~~~^^
  File "C:\Users\Mirza Haseeb\Desktop\job board web app\venv\Lib\site-packages\django\forms\forms.py", line 206, in is_valid
    return self.is_bound and not self.errors
                                 ^^^^^^^^^^^
  File "C:\Users\Mirza Haseeb\Desktop\job board web app\venv\Lib\site-packages\django\forms\forms.py", line 201, in errors
    self.full_clean()
    ~~~~~~~~~~~~~~~^^
  File "C:\Users\Mirza Haseeb\Desktop\job board web app\venv\Lib\site-packages\django\forms\forms.py", line 338, in full_clean
    self._clean_form()
    ~~~~~~~~~~~~~~~~^^
  File "C:\Users\Mirza Haseeb\Desktop\job board web app\venv\Lib\site-packages\django\forms\forms.py", line 354, in _clean_form
    cleaned_data = self.clean()
  File "C:\Users\Mirza Haseeb\Desktop\job board web app\venv\Lib\site-packages\django\views\decorators\debug.py", line 75, in sensitive_variables_wrapper
    return func(*func_args, **func_kwargs)
  File "C:\Users\Mirza Haseeb\Desktop\job board web app\venv\Lib\site-packages\django\contrib\auth\forms.py", line 366, in clean
    self.user_cache = authenticate(
                      ~~~~~~~~~~~~^
        self.request, username=username, password=password
        ^^^^^^^^^^^^^^^^^^^^^^^^^^^^^^^^^^^^^^^^^^^^^^^^^^
    )
    ^
  File "C:\Users\Mirza Haseeb\Desktop\job board web app\venv\Lib\site-packages\django\views\decorators\debug.py", line 75, in sensitive_variables_wrapper
    return func(*func_args, **func_kwargs)
  File "C:\Users\Mirza Haseeb\Desktop\job board web app\venv\Lib\site-packages\django\contrib\auth\__init__.py", line 114, in authenticate
    user = backend.authenticate(request, **credentials)
  File "C:\Users\Mirza Haseeb\Desktop\job board web app\venv\Lib\site-packages\django\contrib\auth\backends.py", line 65, in authenticate
    user = UserModel._default_manager.get_by_natural_key(username)
  File "C:\Users\Mirza Haseeb\Desktop\job board web app\venv\Lib\site-packages\django\contrib\auth\base_user.py", line 37, in get_by_natural_key
    return self.get(**{self.model.USERNAME_FIELD: username})
           ~~~~~~~~^^^^^^^^^^^^^^^^^^^^^^^^^^^^^^^^^^^^^^^^^
  File "C:\Users\Mirza Haseeb\Desktop\job board web app\venv\Lib\site-packages\django\db\models\manager.py", line 87, in manager_method
    return getattr(self.get_queryset(), name)(*args, **kwargs)
           ~~~~~~~~~~~~~~~~~~~~~~~~~~~~~~~~~~^^^^^^^^^^^^^^^^^
  File "C:\Users\Mirza Haseeb\Desktop\job board web app\venv\Lib\site-packages\django\db\models\query.py", line 629, in get
    num = len(clone)
  File "C:\Users\Mirza Haseeb\Desktop\job board web app\venv\Lib\site-packages\django\db\models\query.py", line 366, in __len__
    self._fetch_all()
    ~~~~~~~~~~~~~~~^^
  File "C:\Users\Mirza Haseeb\Desktop\job board web app\venv\Lib\site-packages\django\db\models\query.py", line 1949, in _fetch_all
    self._result_cache = list(self._iterable_class(self))
                         ~~~~^^^^^^^^^^^^^^^^^^^^^^^^^^^^
  File "C:\Users\Mirza Haseeb\Desktop\job board web app\venv\Lib\site-packages\django\db\models\query.py", line 91, in __iter__
    results = compiler.execute_sql(
        chunked_fetch=self.chunked_fetch, chunk_size=self.chunk_size
    )
  File "C:\Users\Mirza Haseeb\Desktop\job board web app\venv\Lib\site-packages\django\db\models\sql\compiler.py", line 1623, in execute_sql
    cursor.execute(sql, params)
    ~~~~~~~~~~~~~~^^^^^^^^^^^^^
  File "C:\Users\Mirza Haseeb\Desktop\job board web app\venv\Lib\site-packages\django\db\backends\utils.py", line 122, in execute
    return super().execute(sql, params)
           ~~~~~~~~~~~~~~~^^^^^^^^^^^^^
  File "C:\Users\Mirza Haseeb\Desktop\job board web app\venv\Lib\site-packages\django\db\backends\utils.py", line 79, in execute
    return self._execute_with_wrappers(
           ~~~~~~~~~~~~~~~~~~~~~~~~~~~^
        sql, params, many=False, executor=self._execute
        ^^^^^^^^^^^^^^^^^^^^^^^^^^^^^^^^^^^^^^^^^^^^^^^
    )
    ^
  File "C:\Users\Mirza Haseeb\Desktop\job board web app\venv\Lib\site-packages\django\db\backends\utils.py", line 92, in _execute_with_wrappers
    return executor(sql, params, many, context)
  File "C:\Users\Mirza Haseeb\Desktop\job board web app\venv\Lib\site-packages\django\db\backends\utils.py", line 100, in _execute
    with self.db.wrap_database_errors:
         ^^^^^^^^^^^^^^^^^^^^^^^^^^^^
  File "C:\Users\Mirza Haseeb\Desktop\job board web app\venv\Lib\site-packages\django\db\utils.py", line 91, in __exit__
    raise dj_exc_value.with_traceback(traceback) from exc_value
  File "C:\Users\Mirza Haseeb\Desktop\job board web app\venv\Lib\site-packages\django\db\backends\utils.py", line 105, in _execute
    return self.cursor.execute(sql, params)
           ~~~~~~~~~~~~~~~~~~~^^^^^^^^^^^^^
  File "C:\Users\Mirza Haseeb\Desktop\job board web app\venv\Lib\site-packages\django\db\backends\sqlite3\base.py", line 360, in execute
    return super().execute(query, params)
           ~~~~~~~~~~~~~~~^^^^^^^^^^^^^^^
django.db.utils.OperationalError: no such table: accounts_customuser
ERROR 2025-06-19 14:12:06,639 basehttp "POST /admin/login/?next=/admin/ HTTP/1.1" 500 261114
INFO 2025-06-19 14:22:07,605 autoreload Watching for file changes with StatReloader
INFO 2025-06-19 14:22:10,139 basehttp "GET / HTTP/1.1" 200 4954
INFO 2025-06-19 14:22:10,263 basehttp "GET /static/images/hero-image.jpg HTTP/1.1" 304 0
INFO 2025-06-19 14:22:15,880 basehttp "GET /admin/ HTTP/1.1" 302 0
INFO 2025-06-19 14:22:15,957 basehttp "GET /admin/login/?next=/admin/ HTTP/1.1" 200 4173
INFO 2025-06-19 14:22:25,843 basehttp - Broken pipe from ('127.0.0.1', 51119)
INFO 2025-06-19 14:22:27,685 basehttp "POST /admin/login/?next=/admin/ HTTP/1.1" 302 0
INFO 2025-06-19 14:22:27,882 basehttp "GET /admin/ HTTP/1.1" 200 5546
INFO 2025-06-19 14:22:28,309 basehttp "GET /static/admin/css/dashboard.css HTTP/1.1" 200 441
INFO 2025-06-19 14:22:28,368 basehttp "GET /static/admin/img/icon-changelink.svg HTTP/1.1" 200 380
INFO 2025-06-19 14:22:28,373 basehttp "GET /static/admin/img/icon-addlink.svg HTTP/1.1" 200 331
INFO 2025-06-19 14:23:43,993 autoreload C:\Users\Mirza Haseeb\Desktop\job board web app\accounts\admin.py changed, reloading.
INFO 2025-06-19 14:23:46,059 autoreload Watching for file changes with StatReloader
INFO 2025-06-19 14:23:57,211 autoreload C:\Users\Mirza Haseeb\Desktop\job board web app\jobs\admin.py changed, reloading.
INFO 2025-06-19 14:23:59,201 autoreload Watching for file changes with StatReloader
INFO 2025-06-19 14:24:28,182 autoreload C:\Users\Mirza Haseeb\Desktop\job board web app\accounts\admin.py changed, reloading.
INFO 2025-06-19 14:24:29,920 autoreload Watching for file changes with StatReloader
INFO 2025-06-19 14:25:05,265 autoreload C:\Users\Mirza Haseeb\Desktop\job board web app\config\settings.py changed, reloading.
INFO 2025-06-19 14:25:06,907 autoreload Watching for file changes with StatReloader
INFO 2025-06-19 14:25:48,118 autoreload C:\Users\Mirza Haseeb\Desktop\job board web app\config\urls.py changed, reloading.
INFO 2025-06-19 14:25:49,638 autoreload Watching for file changes with StatReloader
INFO 2025-06-19 14:26:23,237 autoreload Watching for file changes with StatReloader
INFO 2025-06-19 14:29:49,055 autoreload Watching for file changes with StatReloader
INFO 2025-06-19 14:31:28,314 autoreload C:\Users\Mirza Haseeb\Desktop\job board web app\accounts\admin.py changed, reloading.
INFO 2025-06-19 14:31:30,033 autoreload Watching for file changes with StatReloader
INFO 2025-06-19 14:51:10,848 autoreload Watching for file changes with StatReloader
INFO 2025-06-19 14:51:13,690 basehttp "GET / HTTP/1.1" 200 4954
INFO 2025-06-19 14:51:13,802 basehttp "GET /static/images/hero-image.jpg HTTP/1.1" 304 0
INFO 2025-06-19 14:51:21,394 basehttp "GET /admin/ HTTP/1.1" 302 0
INFO 2025-06-19 14:51:21,496 basehttp "GET /admin/login/?next=/admin/ HTTP/1.1" 200 3541
INFO 2025-06-19 14:51:26,906 basehttp "POST /admin/login/?next=/admin/ HTTP/1.1" 200 3719
INFO 2025-06-19 14:51:41,739 basehttp - Broken pipe from ('127.0.0.1', 60637)
INFO 2025-06-19 14:51:42,957 basehttp "POST /admin/login/?next=/admin/ HTTP/1.1" 200 3719
INFO 2025-06-19 15:08:02,956 autoreload Watching for file changes with StatReloader
INFO 2025-06-19 15:08:05,131 basehttp "GET / HTTP/1.1" 200 4954
INFO 2025-06-19 15:08:05,241 basehttp "GET /static/images/hero-image.jpg HTTP/1.1" 304 0
INFO 2025-06-19 15:08:09,851 basehttp "GET /admin/ HTTP/1.1" 302 0
INFO 2025-06-19 15:08:09,944 basehttp "GET /admin/login/?next=/admin/ HTTP/1.1" 200 3541
INFO 2025-06-19 15:08:20,093 basehttp "POST /admin/login/?next=/admin/ HTTP/1.1" 302 0
INFO 2025-06-19 15:08:20,163 basehttp "GET /admin/ HTTP/1.1" 200 10688
INFO 2025-06-19 15:08:29,399 basehttp "GET /admin/login/?next=/admin/ HTTP/1.1" 302 0
INFO 2025-06-19 15:08:29,477 basehttp "GET /admin/ HTTP/1.1" 200 10688
INFO 2025-06-19 15:08:32,952 basehttp "GET /admin/ HTTP/1.1" 200 10688
INFO 2025-06-19 15:08:34,079 basehttp "GET / HTTP/1.1" 200 5394
INFO 2025-06-19 15:08:38,822 basehttp "GET /accounts/logout/ HTTP/1.1" 302 0
INFO 2025-06-19 15:08:38,837 basehttp "GET / HTTP/1.1" 200 5262
INFO 2025-06-19 15:08:41,735 basehttp "GET /accounts/register/ HTTP/1.1" 200 10580
INFO 2025-06-19 15:13:44,905 autoreload C:\Users\Mirza Haseeb\Desktop\job board web app\accounts\views.py changed, reloading.
INFO 2025-06-19 15:13:47,061 autoreload Watching for file changes with StatReloader
INFO 2025-06-19 15:14:06,301 basehttp "GET /accounts/register/ HTTP/1.1" 200 10580
INFO 2025-06-19 15:14:12,789 basehttp "GET /accounts/login/ HTTP/1.1" 200 4506
INFO 2025-06-19 15:14:17,070 basehttp "POST /accounts/login/ HTTP/1.1" 302 0
INFO 2025-06-19 15:14:17,100 basehttp "GET / HTTP/1.1" 200 5694
INFO 2025-06-19 15:14:17,218 basehttp "GET /static/images/hero-image.jpg HTTP/1.1" 304 0
INFO 2025-06-19 15:14:31,951 basehttp "GET /accounts/profile/ HTTP/1.1" 200 3964
INFO 2025-06-19 15:14:37,166 basehttp "GET / HTTP/1.1" 200 5394
ERROR 2025-06-19 15:14:41,505 log Internal Server Error: /jobs/
Traceback (most recent call last):
  File "C:\Users\Mirza Haseeb\Desktop\job board web app\venv\Lib\site-packages\django\db\backends\utils.py", line 105, in _execute
    return self.cursor.execute(sql, params)
           ~~~~~~~~~~~~~~~~~~~^^^^^^^^^^^^^
  File "C:\Users\Mirza Haseeb\Desktop\job board web app\venv\Lib\site-packages\django\db\backends\sqlite3\base.py", line 360, in execute
    return super().execute(query, params)
           ~~~~~~~~~~~~~~~^^^^^^^^^^^^^^^
sqlite3.OperationalError: no such table: jobs_jobcategory

The above exception was the direct cause of the following exception:

Traceback (most recent call last):
  File "C:\Users\Mirza Haseeb\Desktop\job board web app\venv\Lib\site-packages\django\core\handlers\exception.py", line 55, in inner
    response = get_response(request)
  File "C:\Users\Mirza Haseeb\Desktop\job board web app\venv\Lib\site-packages\django\core\handlers\base.py", line 197, in _get_response
    response = wrapped_callback(request, *callback_args, **callback_kwargs)
  File "C:\Users\Mirza Haseeb\Desktop\job board web app\jobs\views.py", line 82, in job_list
    return render(request, 'jobs/job_list.html', context)
  File "C:\Users\Mirza Haseeb\Desktop\job board web app\venv\Lib\site-packages\django\shortcuts.py", line 25, in render
    content = loader.render_to_string(template_name, context, request, using=using)
  File "C:\Users\Mirza Haseeb\Desktop\job board web app\venv\Lib\site-packages\django\template\loader.py", line 62, in render_to_string
    return template.render(context, request)
           ~~~~~~~~~~~~~~~^^^^^^^^^^^^^^^^^^
  File "C:\Users\Mirza Haseeb\Desktop\job board web app\venv\Lib\site-packages\django\template\backends\django.py", line 107, in render
    return self.template.render(context)
           ~~~~~~~~~~~~~~~~~~~~^^^^^^^^^
  File "C:\Users\Mirza Haseeb\Desktop\job board web app\venv\Lib\site-packages\django\template\base.py", line 171, in render
    return self._render(context)
           ~~~~~~~~~~~~^^^^^^^^^
  File "C:\Users\Mirza Haseeb\Desktop\job board web app\venv\Lib\site-packages\django\template\base.py", line 163, in _render
    return self.nodelist.render(context)
           ~~~~~~~~~~~~~~~~~~~~^^^^^^^^^
  File "C:\Users\Mirza Haseeb\Desktop\job board web app\venv\Lib\site-packages\django\template\base.py", line 1016, in render
    return SafeString("".join([node.render_annotated(context) for node in self]))
                               ~~~~~~~~~~~~~~~~~~~~~^^^^^^^^^
  File "C:\Users\Mirza Haseeb\Desktop\job board web app\venv\Lib\site-packages\django\template\base.py", line 977, in render_annotated
    return self.render(context)
           ~~~~~~~~~~~^^^^^^^^^
  File "C:\Users\Mirza Haseeb\Desktop\job board web app\venv\Lib\site-packages\django\template\loader_tags.py", line 159, in render
    return compiled_parent._render(context)
           ~~~~~~~~~~~~~~~~~~~~~~~^^^^^^^^^
  File "C:\Users\Mirza Haseeb\Desktop\job board web app\venv\Lib\site-packages\django\template\base.py", line 163, in _render
    return self.nodelist.render(context)
           ~~~~~~~~~~~~~~~~~~~~^^^^^^^^^
  File "C:\Users\Mirza Haseeb\Desktop\job board web app\venv\Lib\site-packages\django\template\base.py", line 1016, in render
    return SafeString("".join([node.render_annotated(context) for node in self]))
                               ~~~~~~~~~~~~~~~~~~~~~^^^^^^^^^
  File "C:\Users\Mirza Haseeb\Desktop\job board web app\venv\Lib\site-packages\django\template\base.py", line 977, in render_annotated
    return self.render(context)
           ~~~~~~~~~~~^^^^^^^^^
  File "C:\Users\Mirza Haseeb\Desktop\job board web app\venv\Lib\site-packages\django\template\loader_tags.py", line 65, in render
    result = block.nodelist.render(context)
  File "C:\Users\Mirza Haseeb\Desktop\job board web app\venv\Lib\site-packages\django\template\base.py", line 1016, in render
    return SafeString("".join([node.render_annotated(context) for node in self]))
                               ~~~~~~~~~~~~~~~~~~~~~^^^^^^^^^
  File "C:\Users\Mirza Haseeb\Desktop\job board web app\venv\Lib\site-packages\django\template\base.py", line 977, in render_annotated
    return self.render(context)
           ~~~~~~~~~~~^^^^^^^^^
  File "C:\Users\Mirza Haseeb\Desktop\job board web app\venv\Lib\site-packages\django\template\defaulttags.py", line 199, in render
    len_values = len(values)
  File "C:\Users\Mirza Haseeb\Desktop\job board web app\venv\Lib\site-packages\django\db\models\query.py", line 366, in __len__
    self._fetch_all()
    ~~~~~~~~~~~~~~~^^
  File "C:\Users\Mirza Haseeb\Desktop\job board web app\venv\Lib\site-packages\django\db\models\query.py", line 1949, in _fetch_all
    self._result_cache = list(self._iterable_class(self))
                         ~~~~^^^^^^^^^^^^^^^^^^^^^^^^^^^^
  File "C:\Users\Mirza Haseeb\Desktop\job board web app\venv\Lib\site-packages\django\db\models\query.py", line 91, in __iter__
    results = compiler.execute_sql(
        chunked_fetch=self.chunked_fetch, chunk_size=self.chunk_size
    )
  File "C:\Users\Mirza Haseeb\Desktop\job board web app\venv\Lib\site-packages\django\db\models\sql\compiler.py", line 1623, in execute_sql
    cursor.execute(sql, params)
    ~~~~~~~~~~~~~~^^^^^^^^^^^^^
  File "C:\Users\Mirza Haseeb\Desktop\job board web app\venv\Lib\site-packages\django\db\backends\utils.py", line 122, in execute
    return super().execute(sql, params)
           ~~~~~~~~~~~~~~~^^^^^^^^^^^^^
  File "C:\Users\Mirza Haseeb\Desktop\job board web app\venv\Lib\site-packages\django\db\backends\utils.py", line 79, in execute
    return self._execute_with_wrappers(
           ~~~~~~~~~~~~~~~~~~~~~~~~~~~^
        sql, params, many=False, executor=self._execute
        ^^^^^^^^^^^^^^^^^^^^^^^^^^^^^^^^^^^^^^^^^^^^^^^
    )
    ^
  File "C:\Users\Mirza Haseeb\Desktop\job board web app\venv\Lib\site-packages\django\db\backends\utils.py", line 92, in _execute_with_wrappers
    return executor(sql, params, many, context)
  File "C:\Users\Mirza Haseeb\Desktop\job board web app\venv\Lib\site-packages\django\db\backends\utils.py", line 100, in _execute
    with self.db.wrap_database_errors:
         ^^^^^^^^^^^^^^^^^^^^^^^^^^^^
  File "C:\Users\Mirza Haseeb\Desktop\job board web app\venv\Lib\site-packages\django\db\utils.py", line 91, in __exit__
    raise dj_exc_value.with_traceback(traceback) from exc_value
  File "C:\Users\Mirza Haseeb\Desktop\job board web app\venv\Lib\site-packages\django\db\backends\utils.py", line 105, in _execute
    return self.cursor.execute(sql, params)
           ~~~~~~~~~~~~~~~~~~~^^^^^^^^^^^^^
  File "C:\Users\Mirza Haseeb\Desktop\job board web app\venv\Lib\site-packages\django\db\backends\sqlite3\base.py", line 360, in execute
    return super().execute(query, params)
           ~~~~~~~~~~~~~~~^^^^^^^^^^^^^^^
django.db.utils.OperationalError: no such table: jobs_jobcategory
ERROR 2025-06-19 15:14:41,543 basehttp "GET /jobs/ HTTP/1.1" 500 210808
INFO 2025-06-19 15:16:28,944 autoreload Watching for file changes with StatReloader
INFO 2025-06-19 15:16:31,396 basehttp "GET / HTTP/1.1" 200 5394
ERROR 2025-06-19 15:16:34,666 log Internal Server Error: /jobs/
Traceback (most recent call last):
  File "C:\Users\Mirza Haseeb\Desktop\job board web app\venv\Lib\site-packages\django\db\backends\utils.py", line 105, in _execute
    return self.cursor.execute(sql, params)
           ~~~~~~~~~~~~~~~~~~~^^^^^^^^^^^^^
  File "C:\Users\Mirza Haseeb\Desktop\job board web app\venv\Lib\site-packages\django\db\backends\sqlite3\base.py", line 360, in execute
    return super().execute(query, params)
           ~~~~~~~~~~~~~~~^^^^^^^^^^^^^^^
sqlite3.OperationalError: no such table: jobs_jobcategory

The above exception was the direct cause of the following exception:

Traceback (most recent call last):
  File "C:\Users\Mirza Haseeb\Desktop\job board web app\venv\Lib\site-packages\django\core\handlers\exception.py", line 55, in inner
    response = get_response(request)
  File "C:\Users\Mirza Haseeb\Desktop\job board web app\venv\Lib\site-packages\django\core\handlers\base.py", line 197, in _get_response
    response = wrapped_callback(request, *callback_args, **callback_kwargs)
  File "C:\Users\Mirza Haseeb\Desktop\job board web app\jobs\views.py", line 82, in job_list
    return render(request, 'jobs/job_list.html', context)
  File "C:\Users\Mirza Haseeb\Desktop\job board web app\venv\Lib\site-packages\django\shortcuts.py", line 25, in render
    content = loader.render_to_string(template_name, context, request, using=using)
  File "C:\Users\Mirza Haseeb\Desktop\job board web app\venv\Lib\site-packages\django\template\loader.py", line 62, in render_to_string
    return template.render(context, request)
           ~~~~~~~~~~~~~~~^^^^^^^^^^^^^^^^^^
  File "C:\Users\Mirza Haseeb\Desktop\job board web app\venv\Lib\site-packages\django\template\backends\django.py", line 107, in render
    return self.template.render(context)
           ~~~~~~~~~~~~~~~~~~~~^^^^^^^^^
  File "C:\Users\Mirza Haseeb\Desktop\job board web app\venv\Lib\site-packages\django\template\base.py", line 171, in render
    return self._render(context)
           ~~~~~~~~~~~~^^^^^^^^^
  File "C:\Users\Mirza Haseeb\Desktop\job board web app\venv\Lib\site-packages\django\template\base.py", line 163, in _render
    return self.nodelist.render(context)
           ~~~~~~~~~~~~~~~~~~~~^^^^^^^^^
  File "C:\Users\Mirza Haseeb\Desktop\job board web app\venv\Lib\site-packages\django\template\base.py", line 1016, in render
    return SafeString("".join([node.render_annotated(context) for node in self]))
                               ~~~~~~~~~~~~~~~~~~~~~^^^^^^^^^
  File "C:\Users\Mirza Haseeb\Desktop\job board web app\venv\Lib\site-packages\django\template\base.py", line 977, in render_annotated
    return self.render(context)
           ~~~~~~~~~~~^^^^^^^^^
  File "C:\Users\Mirza Haseeb\Desktop\job board web app\venv\Lib\site-packages\django\template\loader_tags.py", line 159, in render
    return compiled_parent._render(context)
           ~~~~~~~~~~~~~~~~~~~~~~~^^^^^^^^^
  File "C:\Users\Mirza Haseeb\Desktop\job board web app\venv\Lib\site-packages\django\template\base.py", line 163, in _render
    return self.nodelist.render(context)
           ~~~~~~~~~~~~~~~~~~~~^^^^^^^^^
  File "C:\Users\Mirza Haseeb\Desktop\job board web app\venv\Lib\site-packages\django\template\base.py", line 1016, in render
    return SafeString("".join([node.render_annotated(context) for node in self]))
                               ~~~~~~~~~~~~~~~~~~~~~^^^^^^^^^
  File "C:\Users\Mirza Haseeb\Desktop\job board web app\venv\Lib\site-packages\django\template\base.py", line 977, in render_annotated
    return self.render(context)
           ~~~~~~~~~~~^^^^^^^^^
  File "C:\Users\Mirza Haseeb\Desktop\job board web app\venv\Lib\site-packages\django\template\loader_tags.py", line 65, in render
    result = block.nodelist.render(context)
  File "C:\Users\Mirza Haseeb\Desktop\job board web app\venv\Lib\site-packages\django\template\base.py", line 1016, in render
    return SafeString("".join([node.render_annotated(context) for node in self]))
                               ~~~~~~~~~~~~~~~~~~~~~^^^^^^^^^
  File "C:\Users\Mirza Haseeb\Desktop\job board web app\venv\Lib\site-packages\django\template\base.py", line 977, in render_annotated
    return self.render(context)
           ~~~~~~~~~~~^^^^^^^^^
  File "C:\Users\Mirza Haseeb\Desktop\job board web app\venv\Lib\site-packages\django\template\defaulttags.py", line 199, in render
    len_values = len(values)
  File "C:\Users\Mirza Haseeb\Desktop\job board web app\venv\Lib\site-packages\django\db\models\query.py", line 366, in __len__
    self._fetch_all()
    ~~~~~~~~~~~~~~~^^
  File "C:\Users\Mirza Haseeb\Desktop\job board web app\venv\Lib\site-packages\django\db\models\query.py", line 1949, in _fetch_all
    self._result_cache = list(self._iterable_class(self))
                         ~~~~^^^^^^^^^^^^^^^^^^^^^^^^^^^^
  File "C:\Users\Mirza Haseeb\Desktop\job board web app\venv\Lib\site-packages\django\db\models\query.py", line 91, in __iter__
    results = compiler.execute_sql(
        chunked_fetch=self.chunked_fetch, chunk_size=self.chunk_size
    )
  File "C:\Users\Mirza Haseeb\Desktop\job board web app\venv\Lib\site-packages\django\db\models\sql\compiler.py", line 1623, in execute_sql
    cursor.execute(sql, params)
    ~~~~~~~~~~~~~~^^^^^^^^^^^^^
  File "C:\Users\Mirza Haseeb\Desktop\job board web app\venv\Lib\site-packages\django\db\backends\utils.py", line 122, in execute
    return super().execute(sql, params)
           ~~~~~~~~~~~~~~~^^^^^^^^^^^^^
  File "C:\Users\Mirza Haseeb\Desktop\job board web app\venv\Lib\site-packages\django\db\backends\utils.py", line 79, in execute
    return self._execute_with_wrappers(
           ~~~~~~~~~~~~~~~~~~~~~~~~~~~^
        sql, params, many=False, executor=self._execute
        ^^^^^^^^^^^^^^^^^^^^^^^^^^^^^^^^^^^^^^^^^^^^^^^
    )
    ^
  File "C:\Users\Mirza Haseeb\Desktop\job board web app\venv\Lib\site-packages\django\db\backends\utils.py", line 92, in _execute_with_wrappers
    return executor(sql, params, many, context)
  File "C:\Users\Mirza Haseeb\Desktop\job board web app\venv\Lib\site-packages\django\db\backends\utils.py", line 100, in _execute
    with self.db.wrap_database_errors:
         ^^^^^^^^^^^^^^^^^^^^^^^^^^^^
  File "C:\Users\Mirza Haseeb\Desktop\job board web app\venv\Lib\site-packages\django\db\utils.py", line 91, in __exit__
    raise dj_exc_value.with_traceback(traceback) from exc_value
  File "C:\Users\Mirza Haseeb\Desktop\job board web app\venv\Lib\site-packages\django\db\backends\utils.py", line 105, in _execute
    return self.cursor.execute(sql, params)
           ~~~~~~~~~~~~~~~~~~~^^^^^^^^^^^^^
  File "C:\Users\Mirza Haseeb\Desktop\job board web app\venv\Lib\site-packages\django\db\backends\sqlite3\base.py", line 360, in execute
    return super().execute(query, params)
           ~~~~~~~~~~~~~~~^^^^^^^^^^^^^^^
django.db.utils.OperationalError: no such table: jobs_jobcategory
ERROR 2025-06-19 15:16:34,728 basehttp "GET /jobs/ HTTP/1.1" 500 210808
ERROR 2025-06-19 15:17:19,408 log Internal Server Error: /jobs/
Traceback (most recent call last):
  File "C:\Users\Mirza Haseeb\Desktop\job board web app\venv\Lib\site-packages\django\db\backends\utils.py", line 105, in _execute
    return self.cursor.execute(sql, params)
           ~~~~~~~~~~~~~~~~~~~^^^^^^^^^^^^^
  File "C:\Users\Mirza Haseeb\Desktop\job board web app\venv\Lib\site-packages\django\db\backends\sqlite3\base.py", line 360, in execute
    return super().execute(query, params)
           ~~~~~~~~~~~~~~~^^^^^^^^^^^^^^^
sqlite3.OperationalError: no such table: jobs_jobcategory

The above exception was the direct cause of the following exception:

Traceback (most recent call last):
  File "C:\Users\Mirza Haseeb\Desktop\job board web app\venv\Lib\site-packages\django\core\handlers\exception.py", line 55, in inner
    response = get_response(request)
  File "C:\Users\Mirza Haseeb\Desktop\job board web app\venv\Lib\site-packages\django\core\handlers\base.py", line 197, in _get_response
    response = wrapped_callback(request, *callback_args, **callback_kwargs)
  File "C:\Users\Mirza Haseeb\Desktop\job board web app\jobs\views.py", line 82, in job_list
    return render(request, 'jobs/job_list.html', context)
  File "C:\Users\Mirza Haseeb\Desktop\job board web app\venv\Lib\site-packages\django\shortcuts.py", line 25, in render
    content = loader.render_to_string(template_name, context, request, using=using)
  File "C:\Users\Mirza Haseeb\Desktop\job board web app\venv\Lib\site-packages\django\template\loader.py", line 62, in render_to_string
    return template.render(context, request)
           ~~~~~~~~~~~~~~~^^^^^^^^^^^^^^^^^^
  File "C:\Users\Mirza Haseeb\Desktop\job board web app\venv\Lib\site-packages\django\template\backends\django.py", line 107, in render
    return self.template.render(context)
           ~~~~~~~~~~~~~~~~~~~~^^^^^^^^^
  File "C:\Users\Mirza Haseeb\Desktop\job board web app\venv\Lib\site-packages\django\template\base.py", line 171, in render
    return self._render(context)
           ~~~~~~~~~~~~^^^^^^^^^
  File "C:\Users\Mirza Haseeb\Desktop\job board web app\venv\Lib\site-packages\django\template\base.py", line 163, in _render
    return self.nodelist.render(context)
           ~~~~~~~~~~~~~~~~~~~~^^^^^^^^^
  File "C:\Users\Mirza Haseeb\Desktop\job board web app\venv\Lib\site-packages\django\template\base.py", line 1016, in render
    return SafeString("".join([node.render_annotated(context) for node in self]))
                               ~~~~~~~~~~~~~~~~~~~~~^^^^^^^^^
  File "C:\Users\Mirza Haseeb\Desktop\job board web app\venv\Lib\site-packages\django\template\base.py", line 977, in render_annotated
    return self.render(context)
           ~~~~~~~~~~~^^^^^^^^^
  File "C:\Users\Mirza Haseeb\Desktop\job board web app\venv\Lib\site-packages\django\template\loader_tags.py", line 159, in render
    return compiled_parent._render(context)
           ~~~~~~~~~~~~~~~~~~~~~~~^^^^^^^^^
  File "C:\Users\Mirza Haseeb\Desktop\job board web app\venv\Lib\site-packages\django\template\base.py", line 163, in _render
    return self.nodelist.render(context)
           ~~~~~~~~~~~~~~~~~~~~^^^^^^^^^
  File "C:\Users\Mirza Haseeb\Desktop\job board web app\venv\Lib\site-packages\django\template\base.py", line 1016, in render
    return SafeString("".join([node.render_annotated(context) for node in self]))
                               ~~~~~~~~~~~~~~~~~~~~~^^^^^^^^^
  File "C:\Users\Mirza Haseeb\Desktop\job board web app\venv\Lib\site-packages\django\template\base.py", line 977, in render_annotated
    return self.render(context)
           ~~~~~~~~~~~^^^^^^^^^
  File "C:\Users\Mirza Haseeb\Desktop\job board web app\venv\Lib\site-packages\django\template\loader_tags.py", line 65, in render
    result = block.nodelist.render(context)
  File "C:\Users\Mirza Haseeb\Desktop\job board web app\venv\Lib\site-packages\django\template\base.py", line 1016, in render
    return SafeString("".join([node.render_annotated(context) for node in self]))
                               ~~~~~~~~~~~~~~~~~~~~~^^^^^^^^^
  File "C:\Users\Mirza Haseeb\Desktop\job board web app\venv\Lib\site-packages\django\template\base.py", line 977, in render_annotated
    return self.render(context)
           ~~~~~~~~~~~^^^^^^^^^
  File "C:\Users\Mirza Haseeb\Desktop\job board web app\venv\Lib\site-packages\django\template\defaulttags.py", line 199, in render
    len_values = len(values)
  File "C:\Users\Mirza Haseeb\Desktop\job board web app\venv\Lib\site-packages\django\db\models\query.py", line 366, in __len__
    self._fetch_all()
    ~~~~~~~~~~~~~~~^^
  File "C:\Users\Mirza Haseeb\Desktop\job board web app\venv\Lib\site-packages\django\db\models\query.py", line 1949, in _fetch_all
    self._result_cache = list(self._iterable_class(self))
                         ~~~~^^^^^^^^^^^^^^^^^^^^^^^^^^^^
  File "C:\Users\Mirza Haseeb\Desktop\job board web app\venv\Lib\site-packages\django\db\models\query.py", line 91, in __iter__
    results = compiler.execute_sql(
        chunked_fetch=self.chunked_fetch, chunk_size=self.chunk_size
    )
  File "C:\Users\Mirza Haseeb\Desktop\job board web app\venv\Lib\site-packages\django\db\models\sql\compiler.py", line 1623, in execute_sql
    cursor.execute(sql, params)
    ~~~~~~~~~~~~~~^^^^^^^^^^^^^
  File "C:\Users\Mirza Haseeb\Desktop\job board web app\venv\Lib\site-packages\django\db\backends\utils.py", line 122, in execute
    return super().execute(sql, params)
           ~~~~~~~~~~~~~~~^^^^^^^^^^^^^
  File "C:\Users\Mirza Haseeb\Desktop\job board web app\venv\Lib\site-packages\django\db\backends\utils.py", line 79, in execute
    return self._execute_with_wrappers(
           ~~~~~~~~~~~~~~~~~~~~~~~~~~~^
        sql, params, many=False, executor=self._execute
        ^^^^^^^^^^^^^^^^^^^^^^^^^^^^^^^^^^^^^^^^^^^^^^^
    )
    ^
  File "C:\Users\Mirza Haseeb\Desktop\job board web app\venv\Lib\site-packages\django\db\backends\utils.py", line 92, in _execute_with_wrappers
    return executor(sql, params, many, context)
  File "C:\Users\Mirza Haseeb\Desktop\job board web app\venv\Lib\site-packages\django\db\backends\utils.py", line 100, in _execute
    with self.db.wrap_database_errors:
         ^^^^^^^^^^^^^^^^^^^^^^^^^^^^
  File "C:\Users\Mirza Haseeb\Desktop\job board web app\venv\Lib\site-packages\django\db\utils.py", line 91, in __exit__
    raise dj_exc_value.with_traceback(traceback) from exc_value
  File "C:\Users\Mirza Haseeb\Desktop\job board web app\venv\Lib\site-packages\django\db\backends\utils.py", line 105, in _execute
    return self.cursor.execute(sql, params)
           ~~~~~~~~~~~~~~~~~~~^^^^^^^^^^^^^
  File "C:\Users\Mirza Haseeb\Desktop\job board web app\venv\Lib\site-packages\django\db\backends\sqlite3\base.py", line 360, in execute
    return super().execute(query, params)
           ~~~~~~~~~~~~~~~^^^^^^^^^^^^^^^
django.db.utils.OperationalError: no such table: jobs_jobcategory
ERROR 2025-06-19 15:17:19,439 basehttp "GET /jobs/ HTTP/1.1" 500 210808
INFO 2025-06-19 15:17:48,860 autoreload Watching for file changes with StatReloader
INFO 2025-06-19 15:17:51,029 basehttp "GET / HTTP/1.1" 200 5394
INFO 2025-06-19 15:17:53,327 basehttp "GET /jobs/ HTTP/1.1" 200 6309
INFO 2025-06-19 15:18:08,249 basehttp "GET /jobs/ HTTP/1.1" 200 6309
INFO 2025-06-19 15:18:10,326 basehttp "GET / HTTP/1.1" 200 5394
INFO 2025-06-19 15:18:14,447 basehttp "GET /accounts/logout/ HTTP/1.1" 302 0
INFO 2025-06-19 15:18:14,459 basehttp "GET / HTTP/1.1" 200 5262
INFO 2025-06-19 15:18:18,397 basehttp "GET /accounts/register/ HTTP/1.1" 200 10580
WARNING 2025-06-19 15:19:16,108 log Not Found: /.well-known/appspecific/com.chrome.devtools.json
WARNING 2025-06-19 15:19:16,109 basehttp "GET /.well-known/appspecific/com.chrome.devtools.json HTTP/1.1" 404 5673
INFO 2025-06-19 15:28:12,895 autoreload C:\Users\Mirza Haseeb\Desktop\job board web app\accounts\forms.py changed, reloading.
INFO 2025-06-19 15:28:14,327 autoreload Watching for file changes with StatReloader
INFO 2025-06-19 15:32:48,176 autoreload C:\Users\Mirza Haseeb\Desktop\job board web app\accounts\forms.py changed, reloading.
INFO 2025-06-19 15:32:49,992 autoreload Watching for file changes with StatReloader
INFO 2025-06-19 15:32:56,899 basehttp "GET /accounts/register/ HTTP/1.1" 200 10448
INFO 2025-06-19 15:32:56,997 basehttp "GET /static/css/style.css HTTP/1.1" 304 0
INFO 2025-06-19 15:33:38,975 basehttp "POST /accounts/register/ HTTP/1.1" 302 0
INFO 2025-06-19 15:33:39,004 basehttp "GET / HTTP/1.1" 200 5695
INFO 2025-06-19 15:33:39,106 basehttp "GET /static/images/hero-image.jpg HTTP/1.1" 304 0
INFO 2025-06-19 15:33:45,892 basehttp "GET /accounts/profile/ HTTP/1.1" 200 6069
INFO 2025-06-19 15:34:32,447 basehttp "POST /accounts/profile/ HTTP/1.1" 302 0
INFO 2025-06-19 15:34:32,510 basehttp "GET /accounts/profile/ HTTP/1.1" 200 6412
INFO 2025-06-19 15:34:35,096 basehttp "GET /accounts/profile/ HTTP/1.1" 200 6113
ERROR 2025-06-19 15:34:37,659 log Internal Server Error: /applicants/my-applications/
Traceback (most recent call last):
  File "C:\Users\Mirza Haseeb\Desktop\job board web app\venv\Lib\site-packages\django\db\backends\utils.py", line 105, in _execute
    return self.cursor.execute(sql, params)
           ~~~~~~~~~~~~~~~~~~~^^^^^^^^^^^^^
  File "C:\Users\Mirza Haseeb\Desktop\job board web app\venv\Lib\site-packages\django\db\backends\sqlite3\base.py", line 360, in execute
    return super().execute(query, params)
           ~~~~~~~~~~~~~~~^^^^^^^^^^^^^^^
sqlite3.OperationalError: no such table: applicants_application

The above exception was the direct cause of the following exception:

Traceback (most recent call last):
  File "C:\Users\Mirza Haseeb\Desktop\job board web app\venv\Lib\site-packages\django\core\handlers\exception.py", line 55, in inner
    response = get_response(request)
  File "C:\Users\Mirza Haseeb\Desktop\job board web app\venv\Lib\site-packages\django\core\handlers\base.py", line 197, in _get_response
    response = wrapped_callback(request, *callback_args, **callback_kwargs)
  File "C:\Users\Mirza Haseeb\Desktop\job board web app\venv\Lib\site-packages\django\contrib\auth\decorators.py", line 59, in _view_wrapper
    return view_func(request, *args, **kwargs)
  File "C:\Users\Mirza Haseeb\Desktop\job board web app\applicants\views.py", line 56, in my_applications
    return render(request, 'applicants/my_applications.html', context)
  File "C:\Users\Mirza Haseeb\Desktop\job board web app\venv\Lib\site-packages\django\shortcuts.py", line 25, in render
    content = loader.render_to_string(template_name, context, request, using=using)
  File "C:\Users\Mirza Haseeb\Desktop\job board web app\venv\Lib\site-packages\django\template\loader.py", line 62, in render_to_string
    return template.render(context, request)
           ~~~~~~~~~~~~~~~^^^^^^^^^^^^^^^^^^
  File "C:\Users\Mirza Haseeb\Desktop\job board web app\venv\Lib\site-packages\django\template\backends\django.py", line 107, in render
    return self.template.render(context)
           ~~~~~~~~~~~~~~~~~~~~^^^^^^^^^
  File "C:\Users\Mirza Haseeb\Desktop\job board web app\venv\Lib\site-packages\django\template\base.py", line 171, in render
    return self._render(context)
           ~~~~~~~~~~~~^^^^^^^^^
  File "C:\Users\Mirza Haseeb\Desktop\job board web app\venv\Lib\site-packages\django\template\base.py", line 163, in _render
    return self.nodelist.render(context)
           ~~~~~~~~~~~~~~~~~~~~^^^^^^^^^
  File "C:\Users\Mirza Haseeb\Desktop\job board web app\venv\Lib\site-packages\django\template\base.py", line 1016, in render
    return SafeString("".join([node.render_annotated(context) for node in self]))
                               ~~~~~~~~~~~~~~~~~~~~~^^^^^^^^^
  File "C:\Users\Mirza Haseeb\Desktop\job board web app\venv\Lib\site-packages\django\template\base.py", line 977, in render_annotated
    return self.render(context)
           ~~~~~~~~~~~^^^^^^^^^
  File "C:\Users\Mirza Haseeb\Desktop\job board web app\venv\Lib\site-packages\django\template\loader_tags.py", line 159, in render
    return compiled_parent._render(context)
           ~~~~~~~~~~~~~~~~~~~~~~~^^^^^^^^^
  File "C:\Users\Mirza Haseeb\Desktop\job board web app\venv\Lib\site-packages\django\template\base.py", line 163, in _render
    return self.nodelist.render(context)
           ~~~~~~~~~~~~~~~~~~~~^^^^^^^^^
  File "C:\Users\Mirza Haseeb\Desktop\job board web app\venv\Lib\site-packages\django\template\base.py", line 1016, in render
    return SafeString("".join([node.render_annotated(context) for node in self]))
                               ~~~~~~~~~~~~~~~~~~~~~^^^^^^^^^
  File "C:\Users\Mirza Haseeb\Desktop\job board web app\venv\Lib\site-packages\django\template\base.py", line 977, in render_annotated
    return self.render(context)
           ~~~~~~~~~~~^^^^^^^^^
  File "C:\Users\Mirza Haseeb\Desktop\job board web app\venv\Lib\site-packages\django\template\loader_tags.py", line 65, in render
    result = block.nodelist.render(context)
  File "C:\Users\Mirza Haseeb\Desktop\job board web app\venv\Lib\site-packages\django\template\base.py", line 1016, in render
    return SafeString("".join([node.render_annotated(context) for node in self]))
                               ~~~~~~~~~~~~~~~~~~~~~^^^^^^^^^
  File "C:\Users\Mirza Haseeb\Desktop\job board web app\venv\Lib\site-packages\django\template\base.py", line 977, in render_annotated
    return self.render(context)
           ~~~~~~~~~~~^^^^^^^^^
  File "C:\Users\Mirza Haseeb\Desktop\job board web app\venv\Lib\site-packages\django\template\defaulttags.py", line 326, in render
    if match:
       ^^^^^
  File "C:\Users\Mirza Haseeb\Desktop\job board web app\venv\Lib\site-packages\django\db\models\query.py", line 398, in __bool__
    self._fetch_all()
    ~~~~~~~~~~~~~~~^^
  File "C:\Users\Mirza Haseeb\Desktop\job board web app\venv\Lib\site-packages\django\db\models\query.py", line 1949, in _fetch_all
    self._result_cache = list(self._iterable_class(self))
                         ~~~~^^^^^^^^^^^^^^^^^^^^^^^^^^^^
  File "C:\Users\Mirza Haseeb\Desktop\job board web app\venv\Lib\site-packages\django\db\models\query.py", line 91, in __iter__
    results = compiler.execute_sql(
        chunked_fetch=self.chunked_fetch, chunk_size=self.chunk_size
    )
  File "C:\Users\Mirza Haseeb\Desktop\job board web app\venv\Lib\site-packages\django\db\models\sql\compiler.py", line 1623, in execute_sql
    cursor.execute(sql, params)
    ~~~~~~~~~~~~~~^^^^^^^^^^^^^
  File "C:\Users\Mirza Haseeb\Desktop\job board web app\venv\Lib\site-packages\django\db\backends\utils.py", line 122, in execute
    return super().execute(sql, params)
           ~~~~~~~~~~~~~~~^^^^^^^^^^^^^
  File "C:\Users\Mirza Haseeb\Desktop\job board web app\venv\Lib\site-packages\django\db\backends\utils.py", line 79, in execute
    return self._execute_with_wrappers(
           ~~~~~~~~~~~~~~~~~~~~~~~~~~~^
        sql, params, many=False, executor=self._execute
        ^^^^^^^^^^^^^^^^^^^^^^^^^^^^^^^^^^^^^^^^^^^^^^^
    )
    ^
  File "C:\Users\Mirza Haseeb\Desktop\job board web app\venv\Lib\site-packages\django\db\backends\utils.py", line 92, in _execute_with_wrappers
    return executor(sql, params, many, context)
  File "C:\Users\Mirza Haseeb\Desktop\job board web app\venv\Lib\site-packages\django\db\backends\utils.py", line 100, in _execute
    with self.db.wrap_database_errors:
         ^^^^^^^^^^^^^^^^^^^^^^^^^^^^
  File "C:\Users\Mirza Haseeb\Desktop\job board web app\venv\Lib\site-packages\django\db\utils.py", line 91, in __exit__
    raise dj_exc_value.with_traceback(traceback) from exc_value
  File "C:\Users\Mirza Haseeb\Desktop\job board web app\venv\Lib\site-packages\django\db\backends\utils.py", line 105, in _execute
    return self.cursor.execute(sql, params)
           ~~~~~~~~~~~~~~~~~~~^^^^^^^^^^^^^
  File "C:\Users\Mirza Haseeb\Desktop\job board web app\venv\Lib\site-packages\django\db\backends\sqlite3\base.py", line 360, in execute
    return super().execute(query, params)
           ~~~~~~~~~~~~~~~^^^^^^^^^^^^^^^
django.db.utils.OperationalError: no such table: applicants_application
ERROR 2025-06-19 15:34:37,698 basehttp "GET /applicants/my-applications/ HTTP/1.1" 500 213931
INFO 2025-06-19 15:35:10,084 basehttp "GET / HTTP/1.1" 200 5388
INFO 2025-06-19 15:35:12,393 basehttp "GET /accounts/logout/ HTTP/1.1" 302 0
INFO 2025-06-19 15:35:12,428 basehttp "GET / HTTP/1.1" 200 5262
INFO 2025-06-19 15:35:15,626 basehttp "GET /accounts/register/ HTTP/1.1" 200 10448
INFO 2025-06-19 15:37:00,278 basehttp "POST /accounts/register/ HTTP/1.1" 302 0
INFO 2025-06-19 15:37:00,308 basehttp "GET / HTTP/1.1" 200 5833
INFO 2025-06-19 15:37:09,481 basehttp "GET /jobs/create/ HTTP/1.1" 200 6761
INFO 2025-06-19 15:37:53,018 basehttp "POST /jobs/create/ HTTP/1.1" 302 0
INFO 2025-06-19 15:37:53,097 basehttp "GET /dashboard/ HTTP/1.1" 200 6975
INFO 2025-06-19 15:38:04,678 basehttp "GET /dashboard/ HTTP/1.1" 200 6668
INFO 2025-06-19 15:38:06,399 basehttp "GET / HTTP/1.1" 200 5526
INFO 2025-06-19 15:38:08,779 basehttp "GET /accounts/logout/ HTTP/1.1" 302 0
INFO 2025-06-19 15:38:08,791 basehttp "GET / HTTP/1.1" 200 5262
INFO 2025-06-19 15:38:10,481 basehttp "GET /accounts/login/ HTTP/1.1" 200 4506
INFO 2025-06-19 15:38:24,659 basehttp "POST /accounts/login/ HTTP/1.1" 200 4696
INFO 2025-06-19 15:38:34,652 basehttp "POST /accounts/login/ HTTP/1.1" 200 4696
INFO 2025-06-19 15:38:43,205 basehttp "POST /accounts/login/ HTTP/1.1" 200 4701
INFO 2025-06-19 15:38:50,819 basehttp "GET /accounts/register/ HTTP/1.1" 200 10448
INFO 2025-06-19 15:38:57,935 basehttp "GET /accounts/login/ HTTP/1.1" 200 4506
INFO 2025-06-19 15:39:05,301 basehttp "POST /accounts/login/ HTTP/1.1" 302 0
INFO 2025-06-19 15:39:05,325 basehttp "GET / HTTP/1.1" 200 5688
INFO 2025-06-19 15:39:07,705 basehttp "GET /jobs/ HTTP/1.1" 200 7573
INFO 2025-06-19 15:39:08,033 basehttp "GET /media/company_logos/icon.png HTTP/1.1" 200 1465
ERROR 2025-06-19 15:39:11,084 log Internal Server Error: /jobs/1/
Traceback (most recent call last):
  File "C:\Users\Mirza Haseeb\Desktop\job board web app\venv\Lib\site-packages\django\db\backends\utils.py", line 105, in _execute
    return self.cursor.execute(sql, params)
           ~~~~~~~~~~~~~~~~~~~^^^^^^^^^^^^^
  File "C:\Users\Mirza Haseeb\Desktop\job board web app\venv\Lib\site-packages\django\db\backends\sqlite3\base.py", line 360, in execute
    return super().execute(query, params)
           ~~~~~~~~~~~~~~~^^^^^^^^^^^^^^^
sqlite3.OperationalError: no such table: applicants_application

The above exception was the direct cause of the following exception:

Traceback (most recent call last):
  File "C:\Users\Mirza Haseeb\Desktop\job board web app\venv\Lib\site-packages\django\core\handlers\exception.py", line 55, in inner
    response = get_response(request)
  File "C:\Users\Mirza Haseeb\Desktop\job board web app\venv\Lib\site-packages\django\core\handlers\base.py", line 197, in _get_response
    response = wrapped_callback(request, *callback_args, **callback_kwargs)
  File "C:\Users\Mirza Haseeb\Desktop\job board web app\jobs\views.py", line 89, in job_detail
    has_applied = Application.objects.filter(job=job, applicant=request.user).exists()
  File "C:\Users\Mirza Haseeb\Desktop\job board web app\venv\Lib\site-packages\django\db\models\query.py", line 1296, in exists
    return self.query.has_results(using=self.db)
           ~~~~~~~~~~~~~~~~~~~~~~^^^^^^^^^^^^^^^
  File "C:\Users\Mirza Haseeb\Desktop\job board web app\venv\Lib\site-packages\django\db\models\sql\query.py", line 674, in has_results
    return compiler.has_results()
           ~~~~~~~~~~~~~~~~~~~~^^
  File "C:\Users\Mirza Haseeb\Desktop\job board web app\venv\Lib\site-packages\django\db\models\sql\compiler.py", line 1591, in has_results
    return bool(self.execute_sql(SINGLE))
                ~~~~~~~~~~~~~~~~^^^^^^^^
  File "C:\Users\Mirza Haseeb\Desktop\job board web app\venv\Lib\site-packages\django\db\models\sql\compiler.py", line 1623, in execute_sql
    cursor.execute(sql, params)
    ~~~~~~~~~~~~~~^^^^^^^^^^^^^
  File "C:\Users\Mirza Haseeb\Desktop\job board web app\venv\Lib\site-packages\django\db\backends\utils.py", line 122, in execute
    return super().execute(sql, params)
           ~~~~~~~~~~~~~~~^^^^^^^^^^^^^
  File "C:\Users\Mirza Haseeb\Desktop\job board web app\venv\Lib\site-packages\django\db\backends\utils.py", line 79, in execute
    return self._execute_with_wrappers(
           ~~~~~~~~~~~~~~~~~~~~~~~~~~~^
        sql, params, many=False, executor=self._execute
        ^^^^^^^^^^^^^^^^^^^^^^^^^^^^^^^^^^^^^^^^^^^^^^^
    )
    ^
  File "C:\Users\Mirza Haseeb\Desktop\job board web app\venv\Lib\site-packages\django\db\backends\utils.py", line 92, in _execute_with_wrappers
    return executor(sql, params, many, context)
  File "C:\Users\Mirza Haseeb\Desktop\job board web app\venv\Lib\site-packages\django\db\backends\utils.py", line 100, in _execute
    with self.db.wrap_database_errors:
         ^^^^^^^^^^^^^^^^^^^^^^^^^^^^
  File "C:\Users\Mirza Haseeb\Desktop\job board web app\venv\Lib\site-packages\django\db\utils.py", line 91, in __exit__
    raise dj_exc_value.with_traceback(traceback) from exc_value
  File "C:\Users\Mirza Haseeb\Desktop\job board web app\venv\Lib\site-packages\django\db\backends\utils.py", line 105, in _execute
    return self.cursor.execute(sql, params)
           ~~~~~~~~~~~~~~~~~~~^^^^^^^^^^^^^
  File "C:\Users\Mirza Haseeb\Desktop\job board web app\venv\Lib\site-packages\django\db\backends\sqlite3\base.py", line 360, in execute
    return super().execute(query, params)
           ~~~~~~~~~~~~~~~^^^^^^^^^^^^^^^
django.db.utils.OperationalError: no such table: applicants_application
ERROR 2025-06-19 15:39:11,104 basehttp "GET /jobs/1/ HTTP/1.1" 500 135460
ERROR 2025-06-19 15:39:21,915 log Internal Server Error: /jobs/1/
Traceback (most recent call last):
  File "C:\Users\Mirza Haseeb\Desktop\job board web app\venv\Lib\site-packages\django\db\backends\utils.py", line 105, in _execute
    return self.cursor.execute(sql, params)
           ~~~~~~~~~~~~~~~~~~~^^^^^^^^^^^^^
  File "C:\Users\Mirza Haseeb\Desktop\job board web app\venv\Lib\site-packages\django\db\backends\sqlite3\base.py", line 360, in execute
    return super().execute(query, params)
           ~~~~~~~~~~~~~~~^^^^^^^^^^^^^^^
sqlite3.OperationalError: no such table: applicants_application

The above exception was the direct cause of the following exception:

Traceback (most recent call last):
  File "C:\Users\Mirza Haseeb\Desktop\job board web app\venv\Lib\site-packages\django\core\handlers\exception.py", line 55, in inner
    response = get_response(request)
  File "C:\Users\Mirza Haseeb\Desktop\job board web app\venv\Lib\site-packages\django\core\handlers\base.py", line 197, in _get_response
    response = wrapped_callback(request, *callback_args, **callback_kwargs)
  File "C:\Users\Mirza Haseeb\Desktop\job board web app\jobs\views.py", line 89, in job_detail
    has_applied = Application.objects.filter(job=job, applicant=request.user).exists()
  File "C:\Users\Mirza Haseeb\Desktop\job board web app\venv\Lib\site-packages\django\db\models\query.py", line 1296, in exists
    return self.query.has_results(using=self.db)
           ~~~~~~~~~~~~~~~~~~~~~~^^^^^^^^^^^^^^^
  File "C:\Users\Mirza Haseeb\Desktop\job board web app\venv\Lib\site-packages\django\db\models\sql\query.py", line 674, in has_results
    return compiler.has_results()
           ~~~~~~~~~~~~~~~~~~~~^^
  File "C:\Users\Mirza Haseeb\Desktop\job board web app\venv\Lib\site-packages\django\db\models\sql\compiler.py", line 1591, in has_results
    return bool(self.execute_sql(SINGLE))
                ~~~~~~~~~~~~~~~~^^^^^^^^
  File "C:\Users\Mirza Haseeb\Desktop\job board web app\venv\Lib\site-packages\django\db\models\sql\compiler.py", line 1623, in execute_sql
    cursor.execute(sql, params)
    ~~~~~~~~~~~~~~^^^^^^^^^^^^^
  File "C:\Users\Mirza Haseeb\Desktop\job board web app\venv\Lib\site-packages\django\db\backends\utils.py", line 122, in execute
    return super().execute(sql, params)
           ~~~~~~~~~~~~~~~^^^^^^^^^^^^^
  File "C:\Users\Mirza Haseeb\Desktop\job board web app\venv\Lib\site-packages\django\db\backends\utils.py", line 79, in execute
    return self._execute_with_wrappers(
           ~~~~~~~~~~~~~~~~~~~~~~~~~~~^
        sql, params, many=False, executor=self._execute
        ^^^^^^^^^^^^^^^^^^^^^^^^^^^^^^^^^^^^^^^^^^^^^^^
    )
    ^
  File "C:\Users\Mirza Haseeb\Desktop\job board web app\venv\Lib\site-packages\django\db\backends\utils.py", line 92, in _execute_with_wrappers
    return executor(sql, params, many, context)
  File "C:\Users\Mirza Haseeb\Desktop\job board web app\venv\Lib\site-packages\django\db\backends\utils.py", line 100, in _execute
    with self.db.wrap_database_errors:
         ^^^^^^^^^^^^^^^^^^^^^^^^^^^^
  File "C:\Users\Mirza Haseeb\Desktop\job board web app\venv\Lib\site-packages\django\db\utils.py", line 91, in __exit__
    raise dj_exc_value.with_traceback(traceback) from exc_value
  File "C:\Users\Mirza Haseeb\Desktop\job board web app\venv\Lib\site-packages\django\db\backends\utils.py", line 105, in _execute
    return self.cursor.execute(sql, params)
           ~~~~~~~~~~~~~~~~~~~^^^^^^^^^^^^^
  File "C:\Users\Mirza Haseeb\Desktop\job board web app\venv\Lib\site-packages\django\db\backends\sqlite3\base.py", line 360, in execute
    return super().execute(query, params)
           ~~~~~~~~~~~~~~~^^^^^^^^^^^^^^^
django.db.utils.OperationalError: no such table: applicants_application
ERROR 2025-06-19 15:39:21,953 basehttp "GET /jobs/1/ HTTP/1.1" 500 135460
ERROR 2025-06-19 15:39:49,601 log Internal Server Error: /jobs/1/
Traceback (most recent call last):
  File "C:\Users\Mirza Haseeb\Desktop\job board web app\venv\Lib\site-packages\django\db\backends\utils.py", line 105, in _execute
    return self.cursor.execute(sql, params)
           ~~~~~~~~~~~~~~~~~~~^^^^^^^^^^^^^
  File "C:\Users\Mirza Haseeb\Desktop\job board web app\venv\Lib\site-packages\django\db\backends\sqlite3\base.py", line 360, in execute
    return super().execute(query, params)
           ~~~~~~~~~~~~~~~^^^^^^^^^^^^^^^
sqlite3.OperationalError: no such table: applicants_application

The above exception was the direct cause of the following exception:

Traceback (most recent call last):
  File "C:\Users\Mirza Haseeb\Desktop\job board web app\venv\Lib\site-packages\django\core\handlers\exception.py", line 55, in inner
    response = get_response(request)
  File "C:\Users\Mirza Haseeb\Desktop\job board web app\venv\Lib\site-packages\django\core\handlers\base.py", line 197, in _get_response
    response = wrapped_callback(request, *callback_args, **callback_kwargs)
  File "C:\Users\Mirza Haseeb\Desktop\job board web app\jobs\views.py", line 89, in job_detail
    has_applied = Application.objects.filter(job=job, applicant=request.user).exists()
  File "C:\Users\Mirza Haseeb\Desktop\job board web app\venv\Lib\site-packages\django\db\models\query.py", line 1296, in exists
    return self.query.has_results(using=self.db)
           ~~~~~~~~~~~~~~~~~~~~~~^^^^^^^^^^^^^^^
  File "C:\Users\Mirza Haseeb\Desktop\job board web app\venv\Lib\site-packages\django\db\models\sql\query.py", line 674, in has_results
    return compiler.has_results()
           ~~~~~~~~~~~~~~~~~~~~^^
  File "C:\Users\Mirza Haseeb\Desktop\job board web app\venv\Lib\site-packages\django\db\models\sql\compiler.py", line 1591, in has_results
    return bool(self.execute_sql(SINGLE))
                ~~~~~~~~~~~~~~~~^^^^^^^^
  File "C:\Users\Mirza Haseeb\Desktop\job board web app\venv\Lib\site-packages\django\db\models\sql\compiler.py", line 1623, in execute_sql
    cursor.execute(sql, params)
    ~~~~~~~~~~~~~~^^^^^^^^^^^^^
  File "C:\Users\Mirza Haseeb\Desktop\job board web app\venv\Lib\site-packages\django\db\backends\utils.py", line 122, in execute
    return super().execute(sql, params)
           ~~~~~~~~~~~~~~~^^^^^^^^^^^^^
  File "C:\Users\Mirza Haseeb\Desktop\job board web app\venv\Lib\site-packages\django\db\backends\utils.py", line 79, in execute
    return self._execute_with_wrappers(
           ~~~~~~~~~~~~~~~~~~~~~~~~~~~^
        sql, params, many=False, executor=self._execute
        ^^^^^^^^^^^^^^^^^^^^^^^^^^^^^^^^^^^^^^^^^^^^^^^
    )
    ^
  File "C:\Users\Mirza Haseeb\Desktop\job board web app\venv\Lib\site-packages\django\db\backends\utils.py", line 92, in _execute_with_wrappers
    return executor(sql, params, many, context)
  File "C:\Users\Mirza Haseeb\Desktop\job board web app\venv\Lib\site-packages\django\db\backends\utils.py", line 100, in _execute
    with self.db.wrap_database_errors:
         ^^^^^^^^^^^^^^^^^^^^^^^^^^^^
  File "C:\Users\Mirza Haseeb\Desktop\job board web app\venv\Lib\site-packages\django\db\utils.py", line 91, in __exit__
    raise dj_exc_value.with_traceback(traceback) from exc_value
  File "C:\Users\Mirza Haseeb\Desktop\job board web app\venv\Lib\site-packages\django\db\backends\utils.py", line 105, in _execute
    return self.cursor.execute(sql, params)
           ~~~~~~~~~~~~~~~~~~~^^^^^^^^^^^^^
  File "C:\Users\Mirza Haseeb\Desktop\job board web app\venv\Lib\site-packages\django\db\backends\sqlite3\base.py", line 360, in execute
    return super().execute(query, params)
           ~~~~~~~~~~~~~~~^^^^^^^^^^^^^^^
django.db.utils.OperationalError: no such table: applicants_application
ERROR 2025-06-19 15:39:49,620 basehttp "GET /jobs/1/ HTTP/1.1" 500 135460
INFO 2025-06-19 15:43:12,176 autoreload C:\Users\Mirza Haseeb\Desktop\job board web app\applicants\models.py changed, reloading.
INFO 2025-06-19 15:43:14,424 autoreload Watching for file changes with StatReloader
INFO 2025-06-19 15:43:35,655 autoreload Watching for file changes with StatReloader
INFO 2025-06-19 15:43:40,492 basehttp "GET /jobs/1/ HTTP/1.1" 200 6779
INFO 2025-06-19 15:43:40,614 basehttp "GET /media/company_logos/icon.png HTTP/1.1" 304 0
INFO 2025-06-19 15:44:01,318 basehttp "GET /applicants/jobs/1/apply/ HTTP/1.1" 200 5242
INFO 2025-06-19 15:44:17,211 basehttp "POST /applicants/jobs/1/apply/ HTTP/1.1" 302 0
INFO 2025-06-19 15:44:17,262 basehttp "GET /jobs/1/ HTTP/1.1" 200 7288
INFO 2025-06-19 15:44:22,523 basehttp "GET /applicants/my-applications/ HTTP/1.1" 200 5167
INFO 2025-06-19 15:44:25,554 basehttp "GET /applicants/my-applications/1/ HTTP/1.1" 200 7666
INFO 2025-06-19 15:44:31,440 basehttp "GET /applicants/my-applications/ HTTP/1.1" 200 5167
INFO 2025-06-19 15:44:32,886 basehttp "GET / HTTP/1.1" 200 5388
INFO 2025-06-19 15:44:33,065 basehttp "GET /static/images/hero-image.jpg HTTP/1.1" 304 0
INFO 2025-06-19 15:44:35,886 basehttp "GET /jobs/ HTTP/1.1" 200 7574
INFO 2025-06-19 15:44:35,997 basehttp "GET /media/company_logos/icon.png HTTP/1.1" 304 0
INFO 2025-06-19 15:44:39,659 basehttp "GET /applicants/my-applications/ HTTP/1.1" 200 5167
INFO 2025-06-19 15:44:41,395 basehttp "GET / HTTP/1.1" 200 5388
INFO 2025-06-19 15:44:44,427 basehttp "GET /accounts/profile/ HTTP/1.1" 200 6113
INFO 2025-06-19 15:44:46,886 basehttp "POST /accounts/profile/ HTTP/1.1" 302 0
INFO 2025-06-19 15:44:46,927 basehttp "GET /accounts/profile/ HTTP/1.1" 200 6412
INFO 2025-06-19 15:44:49,254 basehttp "GET / HTTP/1.1" 200 5388
INFO 2025-06-19 15:44:57,930 basehttp "GET /jobs/ HTTP/1.1" 200 7574
INFO 2025-06-19 15:45:05,859 basehttp "GET /admin/ HTTP/1.1" 302 0
INFO 2025-06-19 15:45:06,013 basehttp "GET /admin/login/?next=/admin/ HTTP/1.1" 200 3694
INFO 2025-06-19 15:45:06,071 basehttp "GET /static/admin/css/base.css HTTP/1.1" 304 0
INFO 2025-06-19 15:45:06,072 basehttp "GET /static/admin/css/dark_mode.css HTTP/1.1" 304 0
INFO 2025-06-19 15:45:06,096 basehttp "GET /static/admin/js/theme.js HTTP/1.1" 304 0
INFO 2025-06-19 15:45:06,211 basehttp "GET /static/admin/css/nav_sidebar.css HTTP/1.1" 304 0
INFO 2025-06-19 15:45:06,221 basehttp "GET /static/admin/css/login.css HTTP/1.1" 304 0
INFO 2025-06-19 15:45:06,223 basehttp "GET /static/admin/css/responsive.css HTTP/1.1" 304 0
INFO 2025-06-19 15:45:06,233 basehttp "GET /static/admin/js/nav_sidebar.js HTTP/1.1" 304 0
INFO 2025-06-19 15:45:11,754 basehttp "POST /admin/login/?next=/admin/ HTTP/1.1" 302 0
INFO 2025-06-19 15:45:11,819 basehttp "GET /admin/ HTTP/1.1" 200 10688
INFO 2025-06-19 15:45:22,569 basehttp "GET /admin/applicants/application/ HTTP/1.1" 200 14122
INFO 2025-06-19 15:45:22,866 basehttp "GET /admin/jsi18n/ HTTP/1.1" 200 3342
INFO 2025-06-19 15:45:23,144 basehttp "GET /static/admin/css/changelists.css HTTP/1.1" 200 6878
INFO 2025-06-19 15:45:23,232 basehttp "GET /static/admin/js/urlify.js HTTP/1.1" 200 7887
INFO 2025-06-19 15:45:23,309 basehttp "GET /static/admin/js/prepopulate.js HTTP/1.1" 200 1531
INFO 2025-06-19 15:45:23,397 basehttp "GET /static/admin/js/jquery.init.js HTTP/1.1" 200 347
INFO 2025-06-19 15:45:23,409 basehttp "GET /static/admin/js/core.js HTTP/1.1" 200 6208
INFO 2025-06-19 15:45:23,409 basehttp "GET /static/admin/js/admin/RelatedObjectLookups.js HTTP/1.1" 200 9777
INFO 2025-06-19 15:45:23,448 basehttp "GET /static/admin/js/actions.js HTTP/1.1" 200 8076
INFO 2025-06-19 15:45:23,525 basehttp "GET /static/admin/js/vendor/jquery/jquery.js HTTP/1.1" 200 285314
INFO 2025-06-19 15:45:23,567 basehttp "GET /static/admin/js/filters.js HTTP/1.1" 200 978
INFO 2025-06-19 15:45:23,625 basehttp "GET /static/admin/js/vendor/xregexp/xregexp.js HTTP/1.1" 200 325171
INFO 2025-06-19 15:45:23,702 basehttp "GET /static/admin/img/tooltag-add.svg HTTP/1.1" 200 331
INFO 2025-06-19 15:45:23,706 basehttp "GET /static/admin/img/sorting-icons.svg HTTP/1.1" 200 1097
INFO 2025-06-19 15:45:23,707 basehttp "GET /static/admin/img/icon-viewlink.svg HTTP/1.1" 200 581
INFO 2025-06-19 15:45:29,797 basehttp "GET /admin/auth/group/ HTTP/1.1" 200 11403
INFO 2025-06-19 15:45:29,930 basehttp "GET /admin/jsi18n/ HTTP/1.1" 200 3342
INFO 2025-06-19 15:45:29,956 basehttp "GET /static/admin/img/search.svg HTTP/1.1" 200 458
INFO 2025-06-19 15:45:33,638 basehttp "GET /admin/jobs/job/ HTTP/1.1" 200 13978
INFO 2025-06-19 15:45:33,809 basehttp "GET /admin/jsi18n/ HTTP/1.1" 200 3342
INFO 2025-06-19 15:45:33,862 basehttp "GET /static/admin/img/icon-yes.svg HTTP/1.1" 200 436
INFO 2025-06-19 15:45:37,410 basehttp "GET /admin/jobs/job/add/ HTTP/1.1" 200 19623
INFO 2025-06-19 15:45:37,526 basehttp "GET /static/admin/css/forms.css HTTP/1.1" 200 8525
INFO 2025-06-19 15:45:37,547 basehttp "GET /static/admin/css/widgets.css HTTP/1.1" 200 11991
INFO 2025-06-19 15:45:37,558 basehttp "GET /admin/jsi18n/ HTTP/1.1" 200 3342
INFO 2025-06-19 15:45:37,573 basehttp "GET /static/admin/js/prepopulate_init.js HTTP/1.1" 200 586
INFO 2025-06-19 15:45:37,583 basehttp "GET /static/admin/js/admin/DateTimeShortcuts.js HTTP/1.1" 200 19319
INFO 2025-06-19 15:45:37,585 basehttp "GET /static/admin/js/calendar.js HTTP/1.1" 200 9141
INFO 2025-06-19 15:45:37,609 basehttp "GET /static/admin/img/icon-deletelink.svg HTTP/1.1" 200 392
INFO 2025-06-19 15:45:37,629 basehttp "GET /static/admin/js/change_form.js HTTP/1.1" 200 606
INFO 2025-06-19 15:45:37,807 basehttp "GET /static/admin/img/icon-calendar.svg HTTP/1.1" 200 1086
INFO 2025-06-19 15:45:44,761 basehttp "GET /admin/accounts/company/add/?_to_field=id&_popup=1 HTTP/1.1" 200 8033
INFO 2025-06-19 15:45:44,874 basehttp "GET /admin/jsi18n/ HTTP/1.1" 200 3342
INFO 2025-06-19 15:46:00,554 basehttp "GET /admin/accounts/company/add/?_to_field=id&_popup=1 HTTP/1.1" 200 8033
INFO 2025-06-19 15:46:00,609 basehttp "GET /admin/jsi18n/ HTTP/1.1" 200 3342
INFO 2025-06-19 15:48:49,590 basehttp "POST /admin/accounts/company/add/?_to_field=id&_popup=1 HTTP/1.1" 200 8536
INFO 2025-06-19 15:48:49,658 basehttp "GET /admin/jsi18n/ HTTP/1.1" 200 3342
INFO 2025-06-19 15:49:02,587 basehttp "POST /admin/accounts/company/add/?_to_field=id&_popup=1 HTTP/1.1" 200 8551
INFO 2025-06-19 15:49:02,693 basehttp "GET /admin/jsi18n/ HTTP/1.1" 200 3342
INFO 2025-06-19 15:49:12,907 basehttp "POST /admin/accounts/company/add/?_to_field=id&_popup=1 HTTP/1.1" 200 330
INFO 2025-06-19 15:49:12,998 basehttp "GET /static/admin/js/popup_response.js HTTP/1.1" 200 532
INFO 2025-06-19 15:49:25,754 basehttp "GET /admin/accounts/company/ HTTP/1.1" 200 12961
INFO 2025-06-19 15:49:25,985 basehttp "GET /admin/jsi18n/ HTTP/1.1" 200 3342
INFO 2025-06-19 15:49:29,907 basehttp "GET /admin/accounts/customuser/ HTTP/1.1" 200 15663
INFO 2025-06-19 15:49:30,065 basehttp "GET /admin/jsi18n/ HTTP/1.1" 200 3342
INFO 2025-06-19 15:49:30,109 basehttp "GET /static/admin/img/icon-no.svg HTTP/1.1" 200 560
INFO 2025-06-19 15:49:33,753 basehttp "GET /admin/accounts/customuser/add/ HTTP/1.1" 200 15679
INFO 2025-06-19 15:49:33,909 basehttp "GET /static/admin/css/unusable_password_field.css HTTP/1.1" 200 663
INFO 2025-06-19 15:49:33,922 basehttp "GET /admin/jsi18n/ HTTP/1.1" 200 3342
INFO 2025-06-19 15:49:33,968 basehttp "GET /static/admin/js/unusable_password_field.js HTTP/1.1" 200 1480
INFO 2025-06-19 15:50:15,084 basehttp - Broken pipe from ('127.0.0.1', 62131)
INFO 2025-06-19 15:50:15,219 basehttp "POST /admin/accounts/customuser/add/ HTTP/1.1" 200 15922
INFO 2025-06-19 15:50:15,337 basehttp - Broken pipe from ('127.0.0.1', 62145)
INFO 2025-06-19 15:50:15,378 basehttp - Broken pipe from ('127.0.0.1', 62148)
INFO 2025-06-19 15:50:15,458 basehttp "GET /admin/jsi18n/ HTTP/1.1" 200 3342
ERROR 2025-06-19 15:50:15,509 log Internal Server Error: /admin/accounts/customuser/add/
Traceback (most recent call last):
  File "C:\Users\Mirza Haseeb\Desktop\job board web app\venv\Lib\site-packages\django\db\backends\utils.py", line 105, in _execute
    return self.cursor.execute(sql, params)
           ~~~~~~~~~~~~~~~~~~~^^^^^^^^^^^^^
  File "C:\Users\Mirza Haseeb\Desktop\job board web app\venv\Lib\site-packages\django\db\backends\sqlite3\base.py", line 360, in execute
    return super().execute(query, params)
           ~~~~~~~~~~~~~~~^^^^^^^^^^^^^^^
sqlite3.OperationalError: database is locked

The above exception was the direct cause of the following exception:

Traceback (most recent call last):
  File "C:\Users\Mirza Haseeb\Desktop\job board web app\venv\Lib\site-packages\django\core\handlers\exception.py", line 55, in inner
    response = get_response(request)
  File "C:\Users\Mirza Haseeb\Desktop\job board web app\venv\Lib\site-packages\django\core\handlers\base.py", line 197, in _get_response
    response = wrapped_callback(request, *callback_args, **callback_kwargs)
  File "C:\Users\Mirza Haseeb\Desktop\job board web app\venv\Lib\site-packages\django\contrib\admin\options.py", line 719, in wrapper
    return self.admin_site.admin_view(view)(*args, **kwargs)
           ~~~~~~~~~~~~~~~~~~~~~~~~~~~~~~~~^^^^^^^^^^^^^^^^^
  File "C:\Users\Mirza Haseeb\Desktop\job board web app\venv\Lib\site-packages\django\utils\decorators.py", line 192, in _view_wrapper
    result = _process_exception(request, e)
  File "C:\Users\Mirza Haseeb\Desktop\job board web app\venv\Lib\site-packages\django\utils\decorators.py", line 190, in _view_wrapper
    response = view_func(request, *args, **kwargs)
  File "C:\Users\Mirza Haseeb\Desktop\job board web app\venv\Lib\site-packages\django\views\decorators\cache.py", line 80, in _view_wrapper
    response = view_func(request, *args, **kwargs)
  File "C:\Users\Mirza Haseeb\Desktop\job board web app\venv\Lib\site-packages\django\contrib\admin\sites.py", line 246, in inner
    return view(request, *args, **kwargs)
  File "C:\Users\Mirza Haseeb\Desktop\job board web app\venv\Lib\site-packages\django\utils\decorators.py", line 48, in _wrapper
    return bound_method(*args, **kwargs)
  File "C:\Users\Mirza Haseeb\Desktop\job board web app\venv\Lib\site-packages\django\views\decorators\debug.py", line 143, in sensitive_post_parameters_wrapper
    return view(request, *args, **kwargs)
  File "C:\Users\Mirza Haseeb\Desktop\job board web app\venv\Lib\site-packages\django\utils\decorators.py", line 48, in _wrapper
    return bound_method(*args, **kwargs)
  File "C:\Users\Mirza Haseeb\Desktop\job board web app\venv\Lib\site-packages\django\utils\decorators.py", line 192, in _view_wrapper
    result = _process_exception(request, e)
  File "C:\Users\Mirza Haseeb\Desktop\job board web app\venv\Lib\site-packages\django\utils\decorators.py", line 190, in _view_wrapper
    response = view_func(request, *args, **kwargs)
  File "C:\Users\Mirza Haseeb\Desktop\job board web app\venv\Lib\site-packages\django\contrib\auth\admin.py", line 124, in add_view
    return self._add_view(request, form_url, extra_context)
           ~~~~~~~~~~~~~~^^^^^^^^^^^^^^^^^^^^^^^^^^^^^^^^^^
  File "C:\Users\Mirza Haseeb\Desktop\job board web app\venv\Lib\site-packages\django\contrib\auth\admin.py", line 152, in _add_view
    return super().add_view(request, form_url, extra_context)
           ~~~~~~~~~~~~~~~~^^^^^^^^^^^^^^^^^^^^^^^^^^^^^^^^^^
  File "C:\Users\Mirza Haseeb\Desktop\job board web app\venv\Lib\site-packages\django\contrib\admin\options.py", line 1984, in add_view
    return self.changeform_view(request, None, form_url, extra_context)
           ~~~~~~~~~~~~~~~~~~~~^^^^^^^^^^^^^^^^^^^^^^^^^^^^^^^^^^^^^^^^
  File "C:\Users\Mirza Haseeb\Desktop\job board web app\venv\Lib\site-packages\django\utils\decorators.py", line 48, in _wrapper
    return bound_method(*args, **kwargs)
  File "C:\Users\Mirza Haseeb\Desktop\job board web app\venv\Lib\site-packages\django\utils\decorators.py", line 192, in _view_wrapper
    result = _process_exception(request, e)
  File "C:\Users\Mirza Haseeb\Desktop\job board web app\venv\Lib\site-packages\django\utils\decorators.py", line 190, in _view_wrapper
    response = view_func(request, *args, **kwargs)
  File "C:\Users\Mirza Haseeb\Desktop\job board web app\venv\Lib\site-packages\django\contrib\admin\options.py", line 1843, in changeform_view
    return self._changeform_view(request, object_id, form_url, extra_context)
           ~~~~~~~~~~~~~~~~~~~~~^^^^^^^^^^^^^^^^^^^^^^^^^^^^^^^^^^^^^^^^^^^^^
  File "C:\Users\Mirza Haseeb\Desktop\job board web app\venv\Lib\site-packages\django\contrib\admin\options.py", line 1894, in _changeform_view
    self.save_model(request, new_object, form, not add)
    ~~~~~~~~~~~~~~~^^^^^^^^^^^^^^^^^^^^^^^^^^^^^^^^^^^^
  File "C:\Users\Mirza Haseeb\Desktop\job board web app\venv\Lib\site-packages\django\contrib\admin\options.py", line 1314, in save_model
    obj.save()
    ~~~~~~~~^^
  File "C:\Users\Mirza Haseeb\Desktop\job board web app\venv\Lib\site-packages\django\contrib\auth\base_user.py", line 65, in save
    super().save(*args, **kwargs)
    ~~~~~~~~~~~~^^^^^^^^^^^^^^^^^
  File "C:\Users\Mirza Haseeb\Desktop\job board web app\venv\Lib\site-packages\django\db\models\base.py", line 902, in save
    self.save_base(
    ~~~~~~~~~~~~~~^
        using=using,
        ^^^^^^^^^^^^
    ...<2 lines>...
        update_fields=update_fields,
        ^^^^^^^^^^^^^^^^^^^^^^^^^^^^
    )
    ^
  File "C:\Users\Mirza Haseeb\Desktop\job board web app\venv\Lib\site-packages\django\db\models\base.py", line 1008, in save_base
    updated = self._save_table(
        raw,
    ...<4 lines>...
        update_fields,
    )
  File "C:\Users\Mirza Haseeb\Desktop\job board web app\venv\Lib\site-packages\django\db\models\base.py", line 1169, in _save_table
    results = self._do_insert(
        cls._base_manager, using, fields, returning_fields, raw
    )
  File "C:\Users\Mirza Haseeb\Desktop\job board web app\venv\Lib\site-packages\django\db\models\base.py", line 1210, in _do_insert
    return manager._insert(
           ~~~~~~~~~~~~~~~^
        [self],
        ^^^^^^^
    ...<3 lines>...
        raw=raw,
        ^^^^^^^^
    )
    ^
  File "C:\Users\Mirza Haseeb\Desktop\job board web app\venv\Lib\site-packages\django\db\models\manager.py", line 87, in manager_method
    return getattr(self.get_queryset(), name)(*args, **kwargs)
           ~~~~~~~~~~~~~~~~~~~~~~~~~~~~~~~~~~^^^^^^^^^^^^^^^^^
  File "C:\Users\Mirza Haseeb\Desktop\job board web app\venv\Lib\site-packages\django\db\models\query.py", line 1868, in _insert
    return query.get_compiler(using=using).execute_sql(returning_fields)
           ~~~~~~~~~~~~~~~~~~~~~~~~~~~~~~~~~~~~~~~~~~~^^^^^^^^^^^^^^^^^^
  File "C:\Users\Mirza Haseeb\Desktop\job board web app\venv\Lib\site-packages\django\db\models\sql\compiler.py", line 1882, in execute_sql
    cursor.execute(sql, params)
    ~~~~~~~~~~~~~~^^^^^^^^^^^^^
  File "C:\Users\Mirza Haseeb\Desktop\job board web app\venv\Lib\site-packages\django\db\backends\utils.py", line 122, in execute
    return super().execute(sql, params)
           ~~~~~~~~~~~~~~~^^^^^^^^^^^^^
  File "C:\Users\Mirza Haseeb\Desktop\job board web app\venv\Lib\site-packages\django\db\backends\utils.py", line 79, in execute
    return self._execute_with_wrappers(
           ~~~~~~~~~~~~~~~~~~~~~~~~~~~^
        sql, params, many=False, executor=self._execute
        ^^^^^^^^^^^^^^^^^^^^^^^^^^^^^^^^^^^^^^^^^^^^^^^
    )
    ^
  File "C:\Users\Mirza Haseeb\Desktop\job board web app\venv\Lib\site-packages\django\db\backends\utils.py", line 92, in _execute_with_wrappers
    return executor(sql, params, many, context)
  File "C:\Users\Mirza Haseeb\Desktop\job board web app\venv\Lib\site-packages\django\db\backends\utils.py", line 100, in _execute
    with self.db.wrap_database_errors:
         ^^^^^^^^^^^^^^^^^^^^^^^^^^^^
  File "C:\Users\Mirza Haseeb\Desktop\job board web app\venv\Lib\site-packages\django\db\utils.py", line 91, in __exit__
    raise dj_exc_value.with_traceback(traceback) from exc_value
  File "C:\Users\Mirza Haseeb\Desktop\job board web app\venv\Lib\site-packages\django\db\backends\utils.py", line 105, in _execute
    return self.cursor.execute(sql, params)
           ~~~~~~~~~~~~~~~~~~~^^^^^^^^^^^^^
  File "C:\Users\Mirza Haseeb\Desktop\job board web app\venv\Lib\site-packages\django\db\backends\sqlite3\base.py", line 360, in execute
    return super().execute(query, params)
           ~~~~~~~~~~~~~~~^^^^^^^^^^^^^^^
django.db.utils.OperationalError: database is locked
INFO 2025-06-19 15:50:15,573 basehttp - Broken pipe from ('127.0.0.1', 62138)
INFO 2025-06-19 15:50:22,310 basehttp "GET /admin/accounts/customuser/ HTTP/1.1" 200 16082
INFO 2025-06-19 15:50:22,517 basehttp "GET /admin/jsi18n/ HTTP/1.1" 200 3342
INFO 2025-06-19 15:50:34,995 basehttp "GET /admin/accounts/customuser/add/ HTTP/1.1" 200 15679
INFO 2025-06-19 15:50:35,170 basehttp "GET /admin/jsi18n/ HTTP/1.1" 200 3342
INFO 2025-06-19 15:50:41,006 basehttp "GET /admin/accounts/jobseekerprofile/ HTTP/1.1" 200 12652
INFO 2025-06-19 15:50:41,194 basehttp "GET /admin/jsi18n/ HTTP/1.1" 200 3342
INFO 2025-06-19 15:50:47,785 basehttp "GET /admin/accounts/company/ HTTP/1.1" 200 12961
INFO 2025-06-19 15:50:47,924 basehttp "GET /admin/jsi18n/ HTTP/1.1" 200 3342
INFO 2025-06-19 15:50:57,152 basehttp "GET /admin/accounts/company/add/ HTTP/1.1" 200 15533
INFO 2025-06-19 15:50:57,268 basehttp "GET /admin/jsi18n/ HTTP/1.1" 200 3342
INFO 2025-06-19 15:52:02,585 basehttp "POST /admin/accounts/company/add/ HTTP/1.1" 200 16096
INFO 2025-06-19 15:52:02,748 basehttp "GET /admin/jsi18n/ HTTP/1.1" 200 3342
INFO 2025-06-19 15:52:33,721 basehttp "POST /admin/accounts/company/add/ HTTP/1.1" 302 0
INFO 2025-06-19 15:52:33,782 basehttp "GET /admin/accounts/company/add/ HTTP/1.1" 200 15785
INFO 2025-06-19 15:52:33,893 basehttp "GET /admin/jsi18n/ HTTP/1.1" 200 3342
INFO 2025-06-19 15:52:38,518 basehttp "GET /admin/accounts/customuser/ HTTP/1.1" 200 16082
INFO 2025-06-19 15:52:38,648 basehttp "GET /admin/jsi18n/ HTTP/1.1" 200 3342
INFO 2025-06-19 15:53:02,039 basehttp "GET /admin/ HTTP/1.1" 200 11783
INFO 2025-06-19 15:53:02,948 basehttp "GET / HTTP/1.1" 200 5394
INFO 2025-06-19 15:53:06,590 basehttp "GET /accounts/logout/ HTTP/1.1" 302 0
INFO 2025-06-19 15:53:06,613 basehttp "GET / HTTP/1.1" 200 5262
INFO 2025-06-19 15:53:09,033 basehttp "GET /accounts/register/ HTTP/1.1" 200 10448
INFO 2025-06-19 15:58:02,747 autoreload C:\Users\Mirza Haseeb\Desktop\job board web app\accounts\models.py changed, reloading.
INFO 2025-06-19 15:58:04,508 autoreload Watching for file changes with StatReloader
INFO 2025-06-19 16:01:59,097 autoreload Watching for file changes with StatReloader
INFO 2025-06-19 16:02:01,869 basehttp "GET / HTTP/1.1" 200 4954
INFO 2025-06-19 16:02:02,043 basehttp "GET /static/images/hero-image.jpg HTTP/1.1" 304 0
INFO 2025-06-19 16:02:05,438 basehttp "GET /accounts/register/ HTTP/1.1" 200 10446
ERROR 2025-06-19 16:03:07,686 log Internal Server Error: /accounts/register/
Traceback (most recent call last):
  File "C:\Users\Mirza Haseeb\Desktop\job board web app\venv\Lib\site-packages\django\core\handlers\exception.py", line 55, in inner
    response = get_response(request)
  File "C:\Users\Mirza Haseeb\Desktop\job board web app\venv\Lib\site-packages\django\core\handlers\base.py", line 197, in _get_response
    response = wrapped_callback(request, *callback_args, **callback_kwargs)
  File "C:\Users\Mirza Haseeb\Desktop\job board web app\accounts\views.py", line 16, in register
    if user.role == CustomUser.Role.EMPLOYER:
                    ^^^^^^^^^^^^^^^^^^^^^^^^
AttributeError: type object 'Role' has no attribute 'EMPLOYER'
ERROR 2025-06-19 16:03:07,692 basehttp "POST /accounts/register/ HTTP/1.1" 500 76813
INFO 2025-06-19 16:03:41,969 autoreload C:\Users\Mirza Haseeb\Desktop\job board web app\accounts\models.py changed, reloading.
INFO 2025-06-19 16:03:43,916 autoreload Watching for file changes with StatReloader
ERROR 2025-06-19 16:03:49,271 log Internal Server Error: /accounts/register/
Traceback (most recent call last):
  File "C:\Users\Mirza Haseeb\Desktop\job board web app\venv\Lib\site-packages\django\core\handlers\exception.py", line 55, in inner
    response = get_response(request)
  File "C:\Users\Mirza Haseeb\Desktop\job board web app\venv\Lib\site-packages\django\core\handlers\base.py", line 197, in _get_response
    response = wrapped_callback(request, *callback_args, **callback_kwargs)
  File "C:\Users\Mirza Haseeb\Desktop\job board web app\accounts\views.py", line 39, in register
    'company_form': company_form,
                    ^^^^^^^^^^^^
UnboundLocalError: cannot access local variable 'company_form' where it is not associated with a value
ERROR 2025-06-19 16:03:49,281 basehttp "POST /accounts/register/ HTTP/1.1" 500 76586
INFO 2025-06-19 16:04:24,261 autoreload Watching for file changes with StatReloader
ERROR 2025-06-19 16:12:34,031 log Internal Server Error: /accounts/register/
Traceback (most recent call last):
  File "C:\Users\Mirza Haseeb\Desktop\job board web app\venv\Lib\site-packages\django\core\handlers\exception.py", line 55, in inner
    response = get_response(request)
  File "C:\Users\Mirza Haseeb\Desktop\job board web app\venv\Lib\site-packages\django\core\handlers\base.py", line 197, in _get_response
    response = wrapped_callback(request, *callback_args, **callback_kwargs)
  File "C:\Users\Mirza Haseeb\Desktop\job board web app\accounts\views.py", line 39, in register
    'company_form': company_form,
                    ^^^^^^^^^^^^
UnboundLocalError: cannot access local variable 'company_form' where it is not associated with a value
ERROR 2025-06-19 16:12:34,034 basehttp "POST /accounts/register/ HTTP/1.1" 500 76586
INFO 2025-06-19 16:13:24,971 autoreload C:\Users\Mirza Haseeb\Desktop\job board web app\accounts\models.py changed, reloading.
INFO 2025-06-19 16:13:25,652 autoreload Watching for file changes with StatReloader
INFO 2025-06-19 16:13:48,966 basehttp "GET / HTTP/1.1" 200 4954
INFO 2025-06-19 16:13:49,024 basehttp "GET /static/images/hero-image.jpg HTTP/1.1" 304 0
INFO 2025-06-19 16:13:51,726 basehttp "GET /accounts/register/ HTTP/1.1" 200 10448
ERROR 2025-06-19 16:15:24,759 log Internal Server Error: /accounts/register/
Traceback (most recent call last):
  File "C:\Users\Mirza Haseeb\Desktop\job board web app\venv\Lib\site-packages\django\core\handlers\exception.py", line 55, in inner
    response = get_response(request)
  File "C:\Users\Mirza Haseeb\Desktop\job board web app\venv\Lib\site-packages\django\core\handlers\base.py", line 197, in _get_response
    response = wrapped_callback(request, *callback_args, **callback_kwargs)
  File "C:\Users\Mirza Haseeb\Desktop\job board web app\accounts\views.py", line 39, in register
    'company_form': company_form,
                    ^^^^^^^^^^^^
UnboundLocalError: cannot access local variable 'company_form' where it is not associated with a value
ERROR 2025-06-19 16:15:24,763 basehttp "POST /accounts/register/ HTTP/1.1" 500 76974
INFO 2025-06-19 16:16:33,848 autoreload C:\Users\Mirza Haseeb\Desktop\job board web app\accounts\views.py changed, reloading.
INFO 2025-06-19 16:16:34,579 autoreload Watching for file changes with StatReloader
INFO 2025-06-19 16:16:45,766 basehttp "POST /accounts/register/ HTTP/1.1" 200 10735
INFO 2025-06-19 16:17:00,650 basehttp "GET / HTTP/1.1" 200 4954
INFO 2025-06-19 16:17:03,055 basehttp "GET /accounts/login/ HTTP/1.1" 200 4506
INFO 2025-06-19 16:17:09,253 basehttp "POST /accounts/login/ HTTP/1.1" 200 4696
INFO 2025-06-19 16:17:26,595 basehttp "POST /accounts/login/ HTTP/1.1" 200 4696
INFO 2025-06-19 16:17:30,432 basehttp "GET /admin/ HTTP/1.1" 302 0
INFO 2025-06-19 16:17:30,452 basehttp "GET /admin/login/?next=/admin/ HTTP/1.1" 200 3541
INFO 2025-06-19 16:17:34,926 basehttp "POST /admin/login/?next=/admin/ HTTP/1.1" 302 0
INFO 2025-06-19 16:17:34,957 basehttp "GET /admin/ HTTP/1.1" 200 11783
INFO 2025-06-19 16:17:34,999 basehttp "GET /static/admin/css/dashboard.css HTTP/1.1" 304 0
INFO 2025-06-19 16:17:35,011 basehttp "GET /static/admin/img/icon-changelink.svg HTTP/1.1" 304 0
INFO 2025-06-19 16:17:35,011 basehttp "GET /static/admin/img/icon-addlink.svg HTTP/1.1" 304 0
INFO 2025-06-19 16:17:38,675 basehttp "GET /admin/accounts/company/ HTTP/1.1" 200 13350
INFO 2025-06-19 16:17:38,734 basehttp "GET /admin/jsi18n/ HTTP/1.1" 200 3342
INFO 2025-06-19 16:17:42,715 basehttp "GET /admin/accounts/jobseekerprofile/ HTTP/1.1" 200 12652
INFO 2025-06-19 16:17:42,770 basehttp "GET /admin/jsi18n/ HTTP/1.1" 200 3342
INFO 2025-06-19 16:17:44,254 basehttp "GET /admin/accounts/customuser/ HTTP/1.1" 200 16502
INFO 2025-06-19 16:17:44,317 basehttp "GET /admin/jsi18n/ HTTP/1.1" 200 3342
INFO 2025-06-19 16:17:48,579 basehttp "GET /admin/accounts/customuser/5/change/ HTTP/1.1" 200 19022
INFO 2025-06-19 16:17:48,640 basehttp "GET /admin/jsi18n/ HTTP/1.1" 200 3342
INFO 2025-06-19 16:17:56,324 basehttp "POST /admin/accounts/customuser/5/change/ HTTP/1.1" 302 0
INFO 2025-06-19 16:17:56,353 basehttp "GET /admin/accounts/customuser/ HTTP/1.1" 200 16713
INFO 2025-06-19 16:17:56,421 basehttp "GET /admin/jsi18n/ HTTP/1.1" 200 3342
INFO 2025-06-19 16:18:00,662 basehttp "GET /admin/accounts/customuser/5/change/ HTTP/1.1" 200 19031
INFO 2025-06-19 16:18:00,711 basehttp "GET /admin/jsi18n/ HTTP/1.1" 200 3342
INFO 2025-06-19 16:18:05,147 basehttp "GET /admin/accounts/customuser/5/password/ HTTP/1.1" 200 12571
INFO 2025-06-19 16:18:16,432 basehttp "POST /admin/accounts/customuser/5/password/ HTTP/1.1" 302 0
INFO 2025-06-19 16:18:16,460 basehttp "GET /admin/accounts/customuser/5/change/ HTTP/1.1" 200 19167
INFO 2025-06-19 16:18:16,521 basehttp "GET /admin/jsi18n/ HTTP/1.1" 200 3342
INFO 2025-06-19 16:18:24,289 basehttp "POST /admin/accounts/customuser/5/change/ HTTP/1.1" 302 0
INFO 2025-06-19 16:18:24,321 basehttp "GET /admin/accounts/customuser/ HTTP/1.1" 200 16713
INFO 2025-06-19 16:18:24,372 basehttp "GET /admin/jsi18n/ HTTP/1.1" 200 3342
INFO 2025-06-19 16:18:30,612 basehttp "GET /admin/accounts/customuser/3/change/ HTTP/1.1" 200 19034
INFO 2025-06-19 16:18:30,667 basehttp "GET /admin/jsi18n/ HTTP/1.1" 200 3342
INFO 2025-06-19 16:18:46,699 basehttp "GET / HTTP/1.1" 200 5394
INFO 2025-06-19 16:18:49,310 basehttp "GET /accounts/logout/ HTTP/1.1" 302 0
INFO 2025-06-19 16:18:49,317 basehttp "GET / HTTP/1.1" 200 5262
INFO 2025-06-19 16:18:50,918 basehttp "GET /accounts/login/ HTTP/1.1" 200 4506
INFO 2025-06-19 16:18:58,837 basehttp "POST /accounts/login/ HTTP/1.1" 200 4696
INFO 2025-06-19 16:19:05,919 basehttp "POST /accounts/login/ HTTP/1.1" 302 0
INFO 2025-06-19 16:19:05,933 basehttp "GET / HTTP/1.1" 200 5824
INFO 2025-06-19 16:19:14,757 basehttp "GET /jobs/create/ HTTP/1.1" 302 0
INFO 2025-06-19 16:19:14,782 basehttp "GET /accounts/profile/ HTTP/1.1" 200 4301
INFO 2025-06-19 16:19:26,671 basehttp "GET /dashboard/ HTTP/1.1" 302 0
INFO 2025-06-19 16:19:26,689 basehttp "GET /accounts/profile/ HTTP/1.1" 200 4301
INFO 2025-06-19 16:19:27,736 basehttp "GET /jobs/ HTTP/1.1" 200 7772
INFO 2025-06-19 16:19:27,803 basehttp "GET /media/company_logos/icon.png HTTP/1.1" 304 0
INFO 2025-06-19 16:19:30,103 basehttp "GET / HTTP/1.1" 200 5524
INFO 2025-06-19 16:19:31,337 basehttp "GET /jobs/create/ HTTP/1.1" 302 0
INFO 2025-06-19 16:19:31,355 basehttp "GET /accounts/profile/ HTTP/1.1" 200 4301
INFO 2025-06-19 16:19:34,607 basehttp "GET /accounts/profile/ HTTP/1.1" 200 3977
INFO 2025-06-19 16:19:37,257 basehttp "GET /accounts/profile/ HTTP/1.1" 200 3977
INFO 2025-06-19 16:19:38,894 basehttp "GET / HTTP/1.1" 200 5524
INFO 2025-06-19 16:19:45,306 basehttp "GET /admin/ HTTP/1.1" 302 0
INFO 2025-06-19 16:19:45,330 basehttp "GET /admin/login/?next=/admin/ HTTP/1.1" 200 3694
INFO 2025-06-19 16:19:49,641 basehttp "POST /admin/login/?next=/admin/ HTTP/1.1" 302 0
INFO 2025-06-19 16:19:49,664 basehttp "GET /admin/ HTTP/1.1" 200 12842
INFO 2025-06-19 16:19:51,529 basehttp "GET /admin/accounts/customuser/ HTTP/1.1" 200 16509
INFO 2025-06-19 16:19:51,616 basehttp "GET /admin/jsi18n/ HTTP/1.1" 200 3342
INFO 2025-06-19 16:19:54,293 basehttp "GET /admin/accounts/customuser/5/change/ HTTP/1.1" 200 19031
INFO 2025-06-19 16:19:54,346 basehttp "GET /admin/jsi18n/ HTTP/1.1" 200 3342
INFO 2025-06-19 16:20:07,510 basehttp "GET /admin/accounts/jobseekerprofile/ HTTP/1.1" 200 12652
INFO 2025-06-19 16:20:07,564 basehttp "GET /admin/jsi18n/ HTTP/1.1" 200 3342
INFO 2025-06-19 16:20:10,037 basehttp "GET /admin/accounts/company/ HTTP/1.1" 200 13350
INFO 2025-06-19 16:20:10,082 basehttp "GET /admin/jsi18n/ HTTP/1.1" 200 3342
INFO 2025-06-19 16:20:21,943 basehttp "GET / HTTP/1.1" 200 5394
INFO 2025-06-19 16:20:24,320 basehttp "GET /accounts/logout/ HTTP/1.1" 302 0
INFO 2025-06-19 16:20:24,327 basehttp "GET / HTTP/1.1" 200 5262
INFO 2025-06-19 16:20:25,491 basehttp "GET /accounts/login/ HTTP/1.1" 200 4506
INFO 2025-06-19 16:20:33,644 basehttp "POST /accounts/login/ HTTP/1.1" 302 0
INFO 2025-06-19 16:20:33,657 basehttp "GET / HTTP/1.1" 200 5824
INFO 2025-06-19 16:20:37,419 basehttp "GET /jobs/create/ HTTP/1.1" 302 0
INFO 2025-06-19 16:20:37,435 basehttp "GET /accounts/profile/ HTTP/1.1" 200 4301
INFO 2025-06-19 16:20:46,938 basehttp "GET /accounts/profile/ HTTP/1.1" 200 3977
INFO 2025-06-19 16:20:48,677 basehttp "GET / HTTP/1.1" 200 5524
INFO 2025-06-19 16:20:51,039 basehttp "GET /accounts/logout/ HTTP/1.1" 302 0
INFO 2025-06-19 16:20:51,046 basehttp "GET / HTTP/1.1" 200 5262
INFO 2025-06-19 16:20:52,958 basehttp "GET /accounts/login/ HTTP/1.1" 200 4506
INFO 2025-06-19 16:20:55,940 basehttp "POST /accounts/login/ HTTP/1.1" 302 0
INFO 2025-06-19 16:20:55,954 basehttp "GET / HTTP/1.1" 200 5694
INFO 2025-06-19 16:20:59,288 basehttp "GET /applicants/my-applications/ HTTP/1.1" 200 3848
INFO 2025-06-19 16:21:03,314 basehttp "GET /accounts/logout/ HTTP/1.1" 302 0
INFO 2025-06-19 16:21:03,319 basehttp "GET / HTTP/1.1" 200 5262
INFO 2025-06-19 16:21:05,226 basehttp "GET /accounts/login/ HTTP/1.1" 200 4506
INFO 2025-06-19 16:21:11,976 basehttp "POST /accounts/login/ HTTP/1.1" 302 0
INFO 2025-06-19 16:21:11,992 basehttp "GET / HTTP/1.1" 200 5688
INFO 2025-06-19 16:21:14,521 basehttp "GET /jobs/ HTTP/1.1" 200 7575
INFO 2025-06-19 16:21:18,382 basehttp "GET /applicants/my-applications/ HTTP/1.1" 200 5167
INFO 2025-06-19 16:21:23,295 basehttp "GET /accounts/logout/ HTTP/1.1" 302 0
INFO 2025-06-19 16:21:23,302 basehttp "GET / HTTP/1.1" 200 5262
INFO 2025-06-19 16:21:25,971 basehttp "GET /accounts/login/ HTTP/1.1" 200 4506
INFO 2025-06-19 16:21:31,897 basehttp "POST /accounts/login/ HTTP/1.1" 302 0
INFO 2025-06-19 16:21:31,911 basehttp "GET / HTTP/1.1" 200 5543
INFO 2025-06-19 16:21:35,412 basehttp "GET /jobs/ HTTP/1.1" 200 7430
INFO 2025-06-19 16:21:38,822 basehttp "GET /accounts/profile/ HTTP/1.1" 200 3813
INFO 2025-06-19 16:21:41,799 basehttp "GET / HTTP/1.1" 200 5243
INFO 2025-06-19 16:21:45,554 basehttp "GET /jobs/ HTTP/1.1" 200 7430
INFO 2025-06-19 16:21:46,805 basehttp "GET /jobs/1/ HTTP/1.1" 200 6402
INFO 2025-06-19 16:21:54,705 basehttp "GET /accounts/profile/ HTTP/1.1" 200 3813
INFO 2025-06-19 16:21:56,985 basehttp "GET / HTTP/1.1" 200 5243
INFO 2025-06-19 16:21:59,870 basehttp "GET /admin/ HTTP/1.1" 302 0
INFO 2025-06-19 16:21:59,909 basehttp "GET /admin/login/?next=/admin/ HTTP/1.1" 200 3696
INFO 2025-06-19 16:22:03,814 basehttp "POST /admin/login/?next=/admin/ HTTP/1.1" 302 0
INFO 2025-06-19 16:22:03,841 basehttp "GET /admin/ HTTP/1.1" 200 12842
INFO 2025-06-19 16:22:06,242 basehttp "GET /admin/accounts/company/ HTTP/1.1" 200 13350
INFO 2025-06-19 16:22:06,306 basehttp "GET /admin/jsi18n/ HTTP/1.1" 200 3342
INFO 2025-06-19 16:22:08,018 basehttp "GET /admin/accounts/jobseekerprofile/ HTTP/1.1" 200 12652
INFO 2025-06-19 16:22:08,067 basehttp "GET /admin/jsi18n/ HTTP/1.1" 200 3342
INFO 2025-06-19 16:22:09,367 basehttp "GET /admin/accounts/customuser/ HTTP/1.1" 200 16509
INFO 2025-06-19 16:22:09,421 basehttp "GET /admin/jsi18n/ HTTP/1.1" 200 3342
INFO 2025-06-19 16:22:12,340 basehttp "GET /admin/accounts/customuser/3/change/ HTTP/1.1" 200 19034
INFO 2025-06-19 16:22:12,401 basehttp "GET /admin/jsi18n/ HTTP/1.1" 200 3342
INFO 2025-06-19 16:22:16,678 basehttp "POST /admin/accounts/customuser/3/change/ HTTP/1.1" 302 0
INFO 2025-06-19 16:22:16,708 basehttp "GET /admin/accounts/customuser/ HTTP/1.1" 200 16722
INFO 2025-06-19 16:22:16,773 basehttp "GET /admin/jsi18n/ HTTP/1.1" 200 3342
INFO 2025-06-19 16:22:22,545 basehttp "GET /admin/jobs/jobcategory/ HTTP/1.1" 200 11097
INFO 2025-06-19 16:22:22,598 basehttp "GET /admin/jsi18n/ HTTP/1.1" 200 3342
INFO 2025-06-19 16:22:24,468 basehttp "GET /admin/jobs/job/ HTTP/1.1" 200 13978
INFO 2025-06-19 16:22:24,518 basehttp "GET /admin/jsi18n/ HTTP/1.1" 200 3342
INFO 2025-06-19 16:22:27,745 basehttp "GET /admin/jobs/job/add/ HTTP/1.1" 200 19716
INFO 2025-06-19 16:22:27,792 basehttp "GET /admin/jsi18n/ HTTP/1.1" 200 3342
INFO 2025-06-19 16:23:17,677 basehttp "GET /admin/jobs/jobcategory/add/?_to_field=id&_popup=1 HTTP/1.1" 200 5041
INFO 2025-06-19 16:23:17,709 basehttp "GET /admin/jsi18n/ HTTP/1.1" 200 3342
INFO 2025-06-19 16:23:35,254 basehttp "POST /admin/jobs/jobcategory/add/?_to_field=id&_popup=1 HTTP/1.1" 200 322
INFO 2025-06-19 16:23:37,396 basehttp "GET /static/admin/img/calendar-icons.svg HTTP/1.1" 200 2455
INFO 2025-06-19 16:23:40,505 basehttp "POST /admin/jobs/job/add/ HTTP/1.1" 302 0
INFO 2025-06-19 16:23:40,529 basehttp "GET /admin/jobs/job/ HTTP/1.1" 200 14642
INFO 2025-06-19 16:23:40,595 basehttp "GET /admin/jsi18n/ HTTP/1.1" 200 3342
INFO 2025-06-19 16:23:46,161 basehttp "GET /admin/jobs/jobcategory/ HTTP/1.1" 200 12379
INFO 2025-06-19 16:23:46,219 basehttp "GET /admin/jsi18n/ HTTP/1.1" 200 3342
INFO 2025-06-19 16:23:48,301 basehttp "GET /admin/auth/group/ HTTP/1.1" 200 11403
INFO 2025-06-19 16:23:48,346 basehttp "GET /admin/jsi18n/ HTTP/1.1" 200 3342
INFO 2025-06-19 16:23:49,812 basehttp "GET /admin/applicants/application/ HTTP/1.1" 200 14528
INFO 2025-06-19 16:23:49,866 basehttp "GET /admin/jsi18n/ HTTP/1.1" 200 3342
INFO 2025-06-19 16:23:52,732 basehttp "GET /admin/applicants/application/1/change/ HTTP/1.1" 200 17230
INFO 2025-06-19 16:23:52,784 basehttp "GET /admin/jsi18n/ HTTP/1.1" 200 3342
INFO 2025-06-19 16:23:57,070 basehttp "GET /admin/accounts/customuser/ HTTP/1.1" 200 16516
INFO 2025-06-19 16:23:57,129 basehttp "GET /admin/jsi18n/ HTTP/1.1" 200 3342
INFO 2025-06-19 16:23:58,632 basehttp "GET /admin/accounts/customuser/3/change/ HTTP/1.1" 200 19043
INFO 2025-06-19 16:23:58,692 basehttp "GET /admin/jsi18n/ HTTP/1.1" 200 3342
INFO 2025-06-19 16:24:05,580 basehttp "GET / HTTP/1.1" 200 5394
INFO 2025-06-19 16:24:08,676 basehttp "GET /accounts/logout/ HTTP/1.1" 302 0
INFO 2025-06-19 16:24:08,682 basehttp "GET / HTTP/1.1" 200 5262
INFO 2025-06-19 16:24:09,889 basehttp "GET /accounts/login/ HTTP/1.1" 200 4506
INFO 2025-06-19 16:24:16,691 basehttp "POST /accounts/login/ HTTP/1.1" 302 0
INFO 2025-06-19 16:24:16,706 basehttp "GET / HTTP/1.1" 200 5826
INFO 2025-06-19 16:24:22,696 basehttp "GET /dashboard/ HTTP/1.1" 200 6668
INFO 2025-06-19 16:24:28,419 basehttp "GET /accounts/profile/ HTTP/1.1" 200 5897
INFO 2025-06-19 16:24:35,139 basehttp "GET /dashboard/ HTTP/1.1" 200 6668
INFO 2025-06-19 17:17:41,057 autoreload Watching for file changes with StatReloader
INFO 2025-06-19 17:17:43,224 basehttp "GET / HTTP/1.1" 200 5526
INFO 2025-06-19 17:17:43,280 basehttp "GET /static/css/style.css HTTP/1.1" 304 0
INFO 2025-06-19 17:17:43,280 basehttp "GET /static/images/hero-image.jpg HTTP/1.1" 304 0
INFO 2025-06-19 17:17:49,235 basehttp "GET /accounts/logout/ HTTP/1.1" 302 0
INFO 2025-06-19 17:17:49,241 basehttp "GET / HTTP/1.1" 200 5262
INFO 2025-06-19 17:17:50,764 basehttp "GET /accounts/register/ HTTP/1.1" 200 10411
INFO 2025-06-19 17:18:10,355 autoreload C:\Users\Mirza Haseeb\Desktop\job board web app\accounts\models.py changed, reloading.
INFO 2025-06-19 17:18:11,006 autoreload Watching for file changes with StatReloader
INFO 2025-06-19 17:18:27,039 autoreload Watching for file changes with StatReloader
INFO 2025-06-19 17:18:28,530 basehttp "GET / HTTP/1.1" 200 4954
INFO 2025-06-19 17:18:32,751 basehttp "GET /accounts/register/ HTTP/1.1" 200 10410
INFO 2025-06-19 17:20:36,370 basehttp "POST /accounts/register/ HTTP/1.1" 302 0
INFO 2025-06-19 17:20:36,382 basehttp "GET /accounts/login/ HTTP/1.1" 200 4506
INFO 2025-06-19 17:20:45,172 basehttp "POST /accounts/login/ HTTP/1.1" 302 0
INFO 2025-06-19 17:20:45,187 basehttp "GET / HTTP/1.1" 200 5824
INFO 2025-06-19 17:20:51,030 basehttp "GET /jobs/create/ HTTP/1.1" 302 0
INFO 2025-06-19 17:20:51,046 basehttp "GET /accounts/profile/ HTTP/1.1" 200 4301
INFO 2025-06-19 17:20:54,885 basehttp "GET /dashboard/ HTTP/1.1" 302 0
INFO 2025-06-19 17:20:54,903 basehttp "GET /accounts/profile/ HTTP/1.1" 200 4301
INFO 2025-06-19 17:20:56,504 basehttp "GET /dashboard/ HTTP/1.1" 302 0
INFO 2025-06-19 17:20:56,520 basehttp "GET /accounts/profile/ HTTP/1.1" 200 4301
INFO 2025-06-19 17:20:57,363 basehttp "GET /dashboard/ HTTP/1.1" 302 0
INFO 2025-06-19 17:20:57,380 basehttp "GET /accounts/profile/ HTTP/1.1" 200 4301
INFO 2025-06-19 17:20:58,283 basehttp "GET /jobs/ HTTP/1.1" 200 9240
INFO 2025-06-19 17:20:58,344 basehttp "GET /media/company_logos/icon.png HTTP/1.1" 304 0
INFO 2025-06-19 17:20:58,415 basehttp "GET /media/company_logos/download.png HTTP/1.1" 200 573
INFO 2025-06-19 17:21:01,356 basehttp "GET /jobs/2/ HTTP/1.1" 200 6741
INFO 2025-06-19 17:21:09,015 basehttp "GET /jobs/ HTTP/1.1" 200 9240
INFO 2025-06-19 17:21:14,567 basehttp "GET /dashboard/ HTTP/1.1" 302 0
INFO 2025-06-19 17:21:14,583 basehttp "GET /accounts/profile/ HTTP/1.1" 200 4301
INFO 2025-06-19 17:21:16,823 basehttp "GET / HTTP/1.1" 200 5524
INFO 2025-06-19 17:21:17,752 basehttp "GET /dashboard/ HTTP/1.1" 302 0
INFO 2025-06-19 17:21:17,765 basehttp "GET /accounts/profile/ HTTP/1.1" 200 4301
INFO 2025-06-19 17:23:24,677 basehttp "GET /dashboard/ HTTP/1.1" 302 0
INFO 2025-06-19 17:23:24,690 basehttp "GET /accounts/profile/ HTTP/1.1" 200 4301
INFO 2025-06-19 17:24:16,021 basehttp "GET / HTTP/1.1" 200 5524
INFO 2025-06-19 17:24:20,659 basehttp "GET /dashboard/ HTTP/1.1" 302 0
INFO 2025-06-19 17:24:20,681 basehttp "GET /accounts/profile/ HTTP/1.1" 200 4301
INFO 2025-06-19 17:24:37,751 autoreload C:\Users\Mirza Haseeb\Desktop\job board web app\jobs\views.py changed, reloading.
INFO 2025-06-19 17:24:38,316 autoreload Watching for file changes with StatReloader
INFO 2025-06-19 17:24:54,891 autoreload Watching for file changes with StatReloader
INFO 2025-06-19 17:24:56,401 basehttp "GET / HTTP/1.1" 200 8905
INFO 2025-06-19 17:24:59,798 basehttp "GET /jobs/create/ HTTP/1.1" 302 0
INFO 2025-06-19 17:24:59,814 basehttp "GET /accounts/profile/ HTTP/1.1" 200 4301
INFO 2025-06-19 17:25:04,273 basehttp "GET /accounts/profile/ HTTP/1.1" 200 3977
INFO 2025-06-19 17:25:07,180 basehttp "GET /dashboard/ HTTP/1.1" 302 0
INFO 2025-06-19 17:25:07,197 basehttp "GET /accounts/profile/ HTTP/1.1" 200 4301
INFO 2025-06-19 17:32:18,265 autoreload C:\Users\Mirza Haseeb\Desktop\job board web app\jobs\views.py changed, reloading.
INFO 2025-06-19 17:32:18,825 autoreload Watching for file changes with StatReloader
INFO 2025-06-19 17:33:17,189 autoreload C:\Users\Mirza Haseeb\Desktop\job board web app\accounts\apps.py changed, reloading.
INFO 2025-06-19 17:33:17,842 autoreload Watching for file changes with StatReloader
INFO 2025-06-19 17:33:41,425 autoreload Watching for file changes with StatReloader
INFO 2025-06-19 17:33:43,025 basehttp "GET / HTTP/1.1" 200 8905
INFO 2025-06-19 17:33:43,104 basehttp "GET /media/company_logos/download.png HTTP/1.1" 304 0
INFO 2025-06-19 17:33:43,122 basehttp "GET /media/company_logos/icon.png HTTP/1.1" 304 0
INFO 2025-06-19 17:33:46,819 basehttp "GET /jobs/create/ HTTP/1.1" 302 0
INFO 2025-06-19 17:33:46,837 basehttp "GET /accounts/profile/ HTTP/1.1" 200 4301
INFO 2025-06-19 17:34:01,417 basehttp "GET /dashboard/ HTTP/1.1" 302 0
INFO 2025-06-19 17:34:01,437 basehttp "GET /accounts/profile/ HTTP/1.1" 200 4301
INFO 2025-06-19 17:34:02,857 basehttp "GET /dashboard/ HTTP/1.1" 302 0
INFO 2025-06-19 17:34:02,875 basehttp "GET /accounts/profile/ HTTP/1.1" 200 4301
INFO 2025-06-19 17:34:03,649 basehttp "GET /dashboard/ HTTP/1.1" 302 0
INFO 2025-06-19 17:34:03,664 basehttp "GET /accounts/profile/ HTTP/1.1" 200 4301
INFO 2025-06-19 17:34:06,203 basehttp "GET / HTTP/1.1" 200 8905
WARNING 2025-06-19 17:34:09,004 log Not Found: /.well-known/appspecific/com.chrome.devtools.json
WARNING 2025-06-19 17:34:09,005 basehttp "GET /.well-known/appspecific/com.chrome.devtools.json HTTP/1.1" 404 5673
INFO 2025-06-19 17:34:19,392 basehttp "GET /jobs/create/ HTTP/1.1" 302 0
INFO 2025-06-19 17:34:19,413 basehttp "GET /accounts/profile/ HTTP/1.1" 200 4301
WARNING 2025-06-19 17:34:19,471 log Not Found: /.well-known/appspecific/com.chrome.devtools.json
WARNING 2025-06-19 17:34:19,472 basehttp "GET /.well-known/appspecific/com.chrome.devtools.json HTTP/1.1" 404 5673
INFO 2025-06-19 17:34:27,139 basehttp "GET /dashboard/ HTTP/1.1" 302 0
INFO 2025-06-19 17:34:27,160 basehttp "GET /accounts/profile/ HTTP/1.1" 200 4301
WARNING 2025-06-19 17:34:27,229 log Not Found: /.well-known/appspecific/com.chrome.devtools.json
WARNING 2025-06-19 17:34:27,230 basehttp "GET /.well-known/appspecific/com.chrome.devtools.json HTTP/1.1" 404 5673
INFO 2025-06-19 17:34:31,728 basehttp "GET /dashboard/ HTTP/1.1" 302 0
INFO 2025-06-19 17:34:31,744 basehttp "GET /accounts/profile/ HTTP/1.1" 200 4301
WARNING 2025-06-19 17:34:31,812 log Not Found: /.well-known/appspecific/com.chrome.devtools.json
WARNING 2025-06-19 17:34:31,813 basehttp "GET /.well-known/appspecific/com.chrome.devtools.json HTTP/1.1" 404 5673
INFO 2025-06-19 17:34:37,124 basehttp "GET / HTTP/1.1" 200 8905
WARNING 2025-06-19 17:34:37,180 log Not Found: /.well-known/appspecific/com.chrome.devtools.json
WARNING 2025-06-19 17:34:37,181 basehttp "GET /.well-known/appspecific/com.chrome.devtools.json HTTP/1.1" 404 5673
INFO 2025-06-19 17:34:38,634 basehttp "GET /jobs/create/ HTTP/1.1" 302 0
INFO 2025-06-19 17:34:38,652 basehttp "GET /accounts/profile/ HTTP/1.1" 200 4301
WARNING 2025-06-19 17:34:38,772 log Not Found: /.well-known/appspecific/com.chrome.devtools.json
WARNING 2025-06-19 17:34:38,773 basehttp "GET /.well-known/appspecific/com.chrome.devtools.json HTTP/1.1" 404 5673
INFO 2025-06-19 17:36:41,769 autoreload C:\Users\Mirza Haseeb\Desktop\job board web app\jobs\views.py changed, reloading.
INFO 2025-06-19 17:36:42,349 autoreload Watching for file changes with StatReloader
INFO 2025-06-19 17:36:45,812 basehttp "GET / HTTP/1.1" 200 8905
INFO 2025-06-19 17:36:45,868 basehttp "GET /static/images/hero-image.jpg HTTP/1.1" 304 0
ERROR 2025-06-19 17:36:47,696 log Internal Server Error: /jobs/create/
Traceback (most recent call last):
  File "C:\Users\Mirza Haseeb\Desktop\job board web app\venv\Lib\site-packages\django\core\handlers\exception.py", line 55, in inner
    response = get_response(request)
  File "C:\Users\Mirza Haseeb\Desktop\job board web app\venv\Lib\site-packages\django\core\handlers\base.py", line 197, in _get_response
    response = wrapped_callback(request, *callback_args, **callback_kwargs)
  File "C:\Users\Mirza Haseeb\Desktop\job board web app\venv\Lib\site-packages\django\contrib\auth\decorators.py", line 59, in _view_wrapper
    return view_func(request, *args, **kwargs)
  File "C:\Users\Mirza Haseeb\Desktop\job board web app\jobs\views.py", line 89, in create_job
    company = request.user.company
              ^^^^^^^^^^^^^^^^^^^^
  File "C:\Users\Mirza Haseeb\Desktop\job board web app\venv\Lib\site-packages\django\utils\functional.py", line 253, in inner
    return func(_wrapped, *args)
  File "C:\Users\Mirza Haseeb\Desktop\job board web app\venv\Lib\site-packages\django\db\models\fields\related_descriptors.py", line 534, in __get__
    raise self.RelatedObjectDoesNotExist(
    ...<2 lines>...
    )
accounts.models.CustomUser.company.RelatedObjectDoesNotExist: CustomUser has no company.
ERROR 2025-06-19 17:36:47,700 basehttp "GET /jobs/create/ HTTP/1.1" 500 85363
INFO 2025-06-19 17:37:03,368 autoreload C:\Users\Mirza Haseeb\Desktop\job board web app\jobs\views.py changed, reloading.
INFO 2025-06-19 17:37:04,049 autoreload Watching for file changes with StatReloader
INFO 2025-06-19 17:37:06,623 basehttp "GET /admin/ HTTP/1.1" 302 0
INFO 2025-06-19 17:37:06,664 basehttp "GET /admin/login/?next=/admin/ HTTP/1.1" 200 3694
INFO 2025-06-19 17:37:06,679 basehttp "GET /static/admin/css/base.css HTTP/1.1" 304 0
INFO 2025-06-19 17:37:06,680 basehttp "GET /static/admin/css/dark_mode.css HTTP/1.1" 304 0
INFO 2025-06-19 17:37:06,681 basehttp "GET /static/admin/js/theme.js HTTP/1.1" 304 0
INFO 2025-06-19 17:37:06,706 basehttp "GET /static/admin/css/nav_sidebar.css HTTP/1.1" 304 0
INFO 2025-06-19 17:37:06,706 basehttp "GET /static/admin/css/login.css HTTP/1.1" 304 0
INFO 2025-06-19 17:37:06,707 basehttp "GET /static/admin/css/responsive.css HTTP/1.1" 304 0
INFO 2025-06-19 17:37:06,716 basehttp "GET /static/admin/js/nav_sidebar.js HTTP/1.1" 304 0
INFO 2025-06-19 17:37:10,005 basehttp "POST /admin/login/?next=/admin/ HTTP/1.1" 302 0
INFO 2025-06-19 17:37:10,040 basehttp "GET /admin/ HTTP/1.1" 200 13915
INFO 2025-06-19 17:37:11,802 basehttp "GET /admin/accounts/customuser/ HTTP/1.1" 200 16947
INFO 2025-06-19 17:37:11,837 basehttp "GET /static/admin/css/changelists.css HTTP/1.1" 304 0
INFO 2025-06-19 17:37:11,850 basehttp "GET /static/admin/js/jquery.init.js HTTP/1.1" 304 0
INFO 2025-06-19 17:37:11,850 basehttp "GET /static/admin/js/vendor/jquery/jquery.js HTTP/1.1" 304 0
INFO 2025-06-19 17:37:11,856 basehttp "GET /static/admin/js/core.js HTTP/1.1" 304 0
INFO 2025-06-19 17:37:11,859 basehttp "GET /static/admin/js/admin/RelatedObjectLookups.js HTTP/1.1" 304 0
INFO 2025-06-19 17:37:11,865 basehttp "GET /static/admin/js/actions.js HTTP/1.1" 304 0
INFO 2025-06-19 17:37:11,867 basehttp "GET /static/admin/js/vendor/xregexp/xregexp.js HTTP/1.1" 304 0
INFO 2025-06-19 17:37:11,867 basehttp "GET /admin/jsi18n/ HTTP/1.1" 200 3342
INFO 2025-06-19 17:37:11,868 basehttp "GET /static/admin/js/urlify.js HTTP/1.1" 304 0
INFO 2025-06-19 17:37:11,868 basehttp "GET /static/admin/img/search.svg HTTP/1.1" 304 0
INFO 2025-06-19 17:37:11,868 basehttp "GET /static/admin/js/prepopulate.js HTTP/1.1" 304 0
INFO 2025-06-19 17:37:11,868 basehttp "GET /static/admin/img/icon-no.svg HTTP/1.1" 304 0
INFO 2025-06-19 17:37:11,884 basehttp "GET /static/admin/js/filters.js HTTP/1.1" 304 0
INFO 2025-06-19 17:37:11,884 basehttp "GET /static/admin/img/icon-yes.svg HTTP/1.1" 304 0
INFO 2025-06-19 17:37:11,897 basehttp "GET /static/admin/img/tooltag-add.svg HTTP/1.1" 304 0
INFO 2025-06-19 17:37:11,899 basehttp "GET /static/admin/img/icon-viewlink.svg HTTP/1.1" 304 0
INFO 2025-06-19 17:37:11,900 basehttp "GET /static/admin/img/sorting-icons.svg HTTP/1.1" 304 0
INFO 2025-06-19 17:37:24,238 basehttp "GET /admin/accounts/customuser/6/change/ HTTP/1.1" 200 18978
INFO 2025-06-19 17:37:24,278 basehttp "GET /static/admin/css/forms.css HTTP/1.1" 304 0
INFO 2025-06-19 17:37:24,287 basehttp "GET /static/admin/js/prepopulate_init.js HTTP/1.1" 304 0
INFO 2025-06-19 17:37:24,289 basehttp "GET /static/admin/css/widgets.css HTTP/1.1" 304 0
INFO 2025-06-19 17:37:24,292 basehttp "GET /static/admin/js/change_form.js HTTP/1.1" 304 0
INFO 2025-06-19 17:37:24,297 basehttp "GET /admin/jsi18n/ HTTP/1.1" 200 3342
INFO 2025-06-19 17:37:37,094 basehttp "GET /admin/accounts/customuser/ HTTP/1.1" 200 16947
INFO 2025-06-19 17:37:37,144 basehttp "GET /admin/jsi18n/ HTTP/1.1" 200 3342
INFO 2025-06-19 17:37:39,409 basehttp "GET /admin/accounts/customuser/3/change/ HTTP/1.1" 200 19002
INFO 2025-06-19 17:37:39,464 basehttp "GET /admin/jsi18n/ HTTP/1.1" 200 3342
INFO 2025-06-19 17:37:42,779 basehttp "GET /admin/accounts/customuser/ HTTP/1.1" 200 16947
INFO 2025-06-19 17:37:46,511 basehttp "GET /admin/accounts/jobseekerprofile/ HTTP/1.1" 200 12652
INFO 2025-06-19 17:37:46,561 basehttp "GET /admin/jsi18n/ HTTP/1.1" 200 3342
INFO 2025-06-19 17:37:51,381 basehttp "GET /admin/accounts/company/ HTTP/1.1" 200 13350
INFO 2025-06-19 17:37:51,435 basehttp "GET /admin/jsi18n/ HTTP/1.1" 200 3342
INFO 2025-06-19 17:37:54,548 basehttp "GET /admin/accounts/company/add/ HTTP/1.1" 200 15607
INFO 2025-06-19 17:37:54,598 basehttp "GET /admin/jsi18n/ HTTP/1.1" 200 3342
INFO 2025-06-19 17:38:36,105 basehttp "POST /admin/accounts/company/add/ HTTP/1.1" 302 0
INFO 2025-06-19 17:38:36,132 basehttp "GET /admin/accounts/company/ HTTP/1.1" 200 13905
INFO 2025-06-19 17:38:36,190 basehttp "GET /admin/jsi18n/ HTTP/1.1" 200 3342
INFO 2025-06-19 17:38:44,266 basehttp "GET /admin/ HTTP/1.1" 200 14263
INFO 2025-06-19 17:38:44,833 basehttp "GET / HTTP/1.1" 200 8775
INFO 2025-06-19 17:38:50,181 basehttp "GET /applicants/my-applications/ HTTP/1.1" 200 3848
INFO 2025-06-19 17:38:54,235 basehttp "GET /accounts/profile/ HTTP/1.1" 200 3964
INFO 2025-06-19 17:38:55,692 basehttp "GET / HTTP/1.1" 200 8775
INFO 2025-06-19 17:38:56,800 basehttp "GET /jobs/ HTTP/1.1" 200 9057
INFO 2025-06-19 17:38:58,909 basehttp "GET /jobs/2/ HTTP/1.1" 200 6960
INFO 2025-06-19 17:39:02,138 basehttp "GET / HTTP/1.1" 200 8775
INFO 2025-06-19 17:39:04,019 basehttp "GET /accounts/logout/ HTTP/1.1" 302 0
INFO 2025-06-19 17:39:04,027 basehttp "GET / HTTP/1.1" 200 8643
INFO 2025-06-19 17:39:05,263 basehttp "GET /accounts/login/ HTTP/1.1" 200 4506
INFO 2025-06-19 17:39:11,231 basehttp "POST /accounts/login/ HTTP/1.1" 302 0
INFO 2025-06-19 17:39:11,254 basehttp "GET / HTTP/1.1" 200 9205
INFO 2025-06-19 17:39:13,938 basehttp "GET /jobs/ HTTP/1.1" 200 9248
INFO 2025-06-19 17:39:14,361 basehttp "GET /jobs/?q=None&location=None&type=&category= HTTP/1.1" 200 6596
INFO 2025-06-19 17:39:18,174 basehttp "GET /jobs/ HTTP/1.1" 200 9248
INFO 2025-06-19 17:39:20,223 basehttp "GET / HTTP/1.1" 200 8905
INFO 2025-06-19 17:39:21,229 basehttp "GET /jobs/create/ HTTP/1.1" 200 6789
INFO 2025-06-19 17:42:06,659 basehttp "GET / HTTP/1.1" 200 8905
INFO 2025-06-19 17:42:08,943 basehttp "GET /accounts/logout/ HTTP/1.1" 302 0
INFO 2025-06-19 17:42:08,955 basehttp "GET / HTTP/1.1" 200 8643
INFO 2025-06-19 17:42:11,094 basehttp "GET /accounts/register/ HTTP/1.1" 200 10410
INFO 2025-06-19 17:46:09,016 autoreload C:\Users\Mirza Haseeb\Desktop\job board web app\accounts\views.py changed, reloading.
INFO 2025-06-19 17:46:09,609 autoreload Watching for file changes with StatReloader
INFO 2025-06-19 17:46:27,747 autoreload Watching for file changes with StatReloader
INFO 2025-06-19 17:46:29,280 basehttp "GET / HTTP/1.1" 200 8335
INFO 2025-06-19 17:46:29,335 basehttp "GET /media/company_logos/download.png HTTP/1.1" 304 0
INFO 2025-06-19 17:46:29,336 basehttp "GET /media/company_logos/icon.png HTTP/1.1" 304 0
INFO 2025-06-19 17:46:32,139 basehttp "GET /accounts/register/ HTTP/1.1" 200 10410
ERROR 2025-06-19 17:48:11,631 log Internal Server Error: /accounts/register/
Traceback (most recent call last):
  File "C:\Users\Mirza Haseeb\Desktop\job board web app\venv\Lib\site-packages\django\db\backends\utils.py", line 105, in _execute
    return self.cursor.execute(sql, params)
           ~~~~~~~~~~~~~~~~~~~^^^^^^^^^^^^^
  File "C:\Users\Mirza Haseeb\Desktop\job board web app\venv\Lib\site-packages\django\db\backends\sqlite3\base.py", line 360, in execute
    return super().execute(query, params)
           ~~~~~~~~~~~~~~~^^^^^^^^^^^^^^^
sqlite3.IntegrityError: UNIQUE constraint failed: accounts_company.user_id

The above exception was the direct cause of the following exception:

Traceback (most recent call last):
  File "C:\Users\Mirza Haseeb\Desktop\job board web app\venv\Lib\site-packages\django\core\handlers\exception.py", line 55, in inner
    response = get_response(request)
  File "C:\Users\Mirza Haseeb\Desktop\job board web app\venv\Lib\site-packages\django\core\handlers\base.py", line 197, in _get_response
    response = wrapped_callback(request, *callback_args, **callback_kwargs)
  File "C:\Users\Mirza Haseeb\Desktop\job board web app\accounts\views.py", line 29, in register
    company.save()
    ~~~~~~~~~~~~^^
  File "C:\Users\Mirza Haseeb\Desktop\job board web app\venv\Lib\site-packages\django\db\models\base.py", line 902, in save
    self.save_base(
    ~~~~~~~~~~~~~~^
        using=using,
        ^^^^^^^^^^^^
    ...<2 lines>...
        update_fields=update_fields,
        ^^^^^^^^^^^^^^^^^^^^^^^^^^^^
    )
    ^
  File "C:\Users\Mirza Haseeb\Desktop\job board web app\venv\Lib\site-packages\django\db\models\base.py", line 1008, in save_base
    updated = self._save_table(
        raw,
    ...<4 lines>...
        update_fields,
    )
  File "C:\Users\Mirza Haseeb\Desktop\job board web app\venv\Lib\site-packages\django\db\models\base.py", line 1169, in _save_table
    results = self._do_insert(
        cls._base_manager, using, fields, returning_fields, raw
    )
  File "C:\Users\Mirza Haseeb\Desktop\job board web app\venv\Lib\site-packages\django\db\models\base.py", line 1210, in _do_insert
    return manager._insert(
           ~~~~~~~~~~~~~~~^
        [self],
        ^^^^^^^
    ...<3 lines>...
        raw=raw,
        ^^^^^^^^
    )
    ^
  File "C:\Users\Mirza Haseeb\Desktop\job board web app\venv\Lib\site-packages\django\db\models\manager.py", line 87, in manager_method
    return getattr(self.get_queryset(), name)(*args, **kwargs)
           ~~~~~~~~~~~~~~~~~~~~~~~~~~~~~~~~~~^^^^^^^^^^^^^^^^^
  File "C:\Users\Mirza Haseeb\Desktop\job board web app\venv\Lib\site-packages\django\db\models\query.py", line 1868, in _insert
    return query.get_compiler(using=using).execute_sql(returning_fields)
           ~~~~~~~~~~~~~~~~~~~~~~~~~~~~~~~~~~~~~~~~~~~^^^^^^^^^^^^^^^^^^
  File "C:\Users\Mirza Haseeb\Desktop\job board web app\venv\Lib\site-packages\django\db\models\sql\compiler.py", line 1882, in execute_sql
    cursor.execute(sql, params)
    ~~~~~~~~~~~~~~^^^^^^^^^^^^^
  File "C:\Users\Mirza Haseeb\Desktop\job board web app\venv\Lib\site-packages\django\db\backends\utils.py", line 122, in execute
    return super().execute(sql, params)
           ~~~~~~~~~~~~~~~^^^^^^^^^^^^^
  File "C:\Users\Mirza Haseeb\Desktop\job board web app\venv\Lib\site-packages\django\db\backends\utils.py", line 79, in execute
    return self._execute_with_wrappers(
           ~~~~~~~~~~~~~~~~~~~~~~~~~~~^
        sql, params, many=False, executor=self._execute
        ^^^^^^^^^^^^^^^^^^^^^^^^^^^^^^^^^^^^^^^^^^^^^^^
    )
    ^
  File "C:\Users\Mirza Haseeb\Desktop\job board web app\venv\Lib\site-packages\django\db\backends\utils.py", line 92, in _execute_with_wrappers
    return executor(sql, params, many, context)
  File "C:\Users\Mirza Haseeb\Desktop\job board web app\venv\Lib\site-packages\django\db\backends\utils.py", line 100, in _execute
    with self.db.wrap_database_errors:
         ^^^^^^^^^^^^^^^^^^^^^^^^^^^^
  File "C:\Users\Mirza Haseeb\Desktop\job board web app\venv\Lib\site-packages\django\db\utils.py", line 91, in __exit__
    raise dj_exc_value.with_traceback(traceback) from exc_value
  File "C:\Users\Mirza Haseeb\Desktop\job board web app\venv\Lib\site-packages\django\db\backends\utils.py", line 105, in _execute
    return self.cursor.execute(sql, params)
           ~~~~~~~~~~~~~~~~~~~^^^^^^^^^^^^^
  File "C:\Users\Mirza Haseeb\Desktop\job board web app\venv\Lib\site-packages\django\db\backends\sqlite3\base.py", line 360, in execute
    return super().execute(query, params)
           ~~~~~~~~~~~~~~~^^^^^^^^^^^^^^^
django.db.utils.IntegrityError: UNIQUE constraint failed: accounts_company.user_id
ERROR 2025-06-19 17:48:11,648 basehttp "POST /accounts/register/ HTTP/1.1" 500 162701
INFO 2025-06-19 17:49:34,647 autoreload C:\Users\Mirza Haseeb\Desktop\job board web app\accounts\views.py changed, reloading.
INFO 2025-06-19 17:49:35,291 autoreload Watching for file changes with StatReloader
INFO 2025-06-19 17:49:41,562 basehttp "POST /accounts/register/ HTTP/1.1" 200 11161
INFO 2025-06-19 17:50:17,337 autoreload C:\Users\Mirza Haseeb\Desktop\job board web app\accounts\views.py changed, reloading.
INFO 2025-06-19 17:50:17,912 autoreload Watching for file changes with StatReloader
ERROR 2025-06-19 17:51:31,964 log Internal Server Error: /accounts/register/
Traceback (most recent call last):
  File "C:\Users\Mirza Haseeb\Desktop\job board web app\venv\Lib\site-packages\django\db\backends\utils.py", line 105, in _execute
    return self.cursor.execute(sql, params)
           ~~~~~~~~~~~~~~~~~~~^^^^^^^^^^^^^
  File "C:\Users\Mirza Haseeb\Desktop\job board web app\venv\Lib\site-packages\django\db\backends\sqlite3\base.py", line 360, in execute
    return super().execute(query, params)
           ~~~~~~~~~~~~~~~^^^^^^^^^^^^^^^
sqlite3.IntegrityError: UNIQUE constraint failed: accounts_company.user_id

The above exception was the direct cause of the following exception:

Traceback (most recent call last):
  File "C:\Users\Mirza Haseeb\Desktop\job board web app\venv\Lib\site-packages\django\core\handlers\exception.py", line 55, in inner
    response = get_response(request)
  File "C:\Users\Mirza Haseeb\Desktop\job board web app\venv\Lib\site-packages\django\core\handlers\base.py", line 197, in _get_response
    response = wrapped_callback(request, *callback_args, **callback_kwargs)
  File "C:\Users\Mirza Haseeb\Desktop\job board web app\accounts\views.py", line 29, in register
    company.save()
    ~~~~~~~~~~~~^^
  File "C:\Users\Mirza Haseeb\Desktop\job board web app\venv\Lib\site-packages\django\db\models\base.py", line 902, in save
    self.save_base(
    ~~~~~~~~~~~~~~^
        using=using,
        ^^^^^^^^^^^^
    ...<2 lines>...
        update_fields=update_fields,
        ^^^^^^^^^^^^^^^^^^^^^^^^^^^^
    )
    ^
  File "C:\Users\Mirza Haseeb\Desktop\job board web app\venv\Lib\site-packages\django\db\models\base.py", line 1008, in save_base
    updated = self._save_table(
        raw,
    ...<4 lines>...
        update_fields,
    )
  File "C:\Users\Mirza Haseeb\Desktop\job board web app\venv\Lib\site-packages\django\db\models\base.py", line 1169, in _save_table
    results = self._do_insert(
        cls._base_manager, using, fields, returning_fields, raw
    )
  File "C:\Users\Mirza Haseeb\Desktop\job board web app\venv\Lib\site-packages\django\db\models\base.py", line 1210, in _do_insert
    return manager._insert(
           ~~~~~~~~~~~~~~~^
        [self],
        ^^^^^^^
    ...<3 lines>...
        raw=raw,
        ^^^^^^^^
    )
    ^
  File "C:\Users\Mirza Haseeb\Desktop\job board web app\venv\Lib\site-packages\django\db\models\manager.py", line 87, in manager_method
    return getattr(self.get_queryset(), name)(*args, **kwargs)
           ~~~~~~~~~~~~~~~~~~~~~~~~~~~~~~~~~~^^^^^^^^^^^^^^^^^
  File "C:\Users\Mirza Haseeb\Desktop\job board web app\venv\Lib\site-packages\django\db\models\query.py", line 1868, in _insert
    return query.get_compiler(using=using).execute_sql(returning_fields)
           ~~~~~~~~~~~~~~~~~~~~~~~~~~~~~~~~~~~~~~~~~~~^^^^^^^^^^^^^^^^^^
  File "C:\Users\Mirza Haseeb\Desktop\job board web app\venv\Lib\site-packages\django\db\models\sql\compiler.py", line 1882, in execute_sql
    cursor.execute(sql, params)
    ~~~~~~~~~~~~~~^^^^^^^^^^^^^
  File "C:\Users\Mirza Haseeb\Desktop\job board web app\venv\Lib\site-packages\django\db\backends\utils.py", line 122, in execute
    return super().execute(sql, params)
           ~~~~~~~~~~~~~~~^^^^^^^^^^^^^
  File "C:\Users\Mirza Haseeb\Desktop\job board web app\venv\Lib\site-packages\django\db\backends\utils.py", line 79, in execute
    return self._execute_with_wrappers(
           ~~~~~~~~~~~~~~~~~~~~~~~~~~~^
        sql, params, many=False, executor=self._execute
        ^^^^^^^^^^^^^^^^^^^^^^^^^^^^^^^^^^^^^^^^^^^^^^^
    )
    ^
  File "C:\Users\Mirza Haseeb\Desktop\job board web app\venv\Lib\site-packages\django\db\backends\utils.py", line 92, in _execute_with_wrappers
    return executor(sql, params, many, context)
  File "C:\Users\Mirza Haseeb\Desktop\job board web app\venv\Lib\site-packages\django\db\backends\utils.py", line 100, in _execute
    with self.db.wrap_database_errors:
         ^^^^^^^^^^^^^^^^^^^^^^^^^^^^
  File "C:\Users\Mirza Haseeb\Desktop\job board web app\venv\Lib\site-packages\django\db\utils.py", line 91, in __exit__
    raise dj_exc_value.with_traceback(traceback) from exc_value
  File "C:\Users\Mirza Haseeb\Desktop\job board web app\venv\Lib\site-packages\django\db\backends\utils.py", line 105, in _execute
    return self.cursor.execute(sql, params)
           ~~~~~~~~~~~~~~~~~~~^^^^^^^^^^^^^
  File "C:\Users\Mirza Haseeb\Desktop\job board web app\venv\Lib\site-packages\django\db\backends\sqlite3\base.py", line 360, in execute
    return super().execute(query, params)
           ~~~~~~~~~~~~~~~^^^^^^^^^^^^^^^
django.db.utils.IntegrityError: UNIQUE constraint failed: accounts_company.user_id
ERROR 2025-06-19 17:51:31,983 basehttp "POST /accounts/register/ HTTP/1.1" 500 162700
INFO 2025-06-19 17:51:42,946 autoreload C:\Users\Mirza Haseeb\Desktop\job board web app\accounts\views.py changed, reloading.
INFO 2025-06-19 17:51:43,526 autoreload Watching for file changes with StatReloader
INFO 2025-06-19 17:51:47,077 basehttp "POST /accounts/register/ HTTP/1.1" 200 11166
INFO 2025-06-19 17:52:02,857 basehttp "POST /accounts/register/ HTTP/1.1" 200 11166
INFO 2025-06-19 17:52:20,725 basehttp "POST /accounts/register/ HTTP/1.1" 302 0
INFO 2025-06-19 17:52:20,751 basehttp "GET /accounts/register/ HTTP/1.1" 200 10731
INFO 2025-06-19 17:52:34,304 basehttp "GET /admin/ HTTP/1.1" 302 0
INFO 2025-06-19 17:52:34,329 basehttp "GET /admin/login/?next=/admin/ HTTP/1.1" 200 3541
INFO 2025-06-19 17:52:38,205 basehttp "POST /admin/login/?next=/admin/ HTTP/1.1" 302 0
INFO 2025-06-19 17:52:38,232 basehttp "GET /admin/ HTTP/1.1" 200 14263
INFO 2025-06-19 17:52:40,063 basehttp "GET /admin/accounts/company/ HTTP/1.1" 200 14319
INFO 2025-06-19 17:52:40,128 basehttp "GET /admin/jsi18n/ HTTP/1.1" 200 3342
INFO 2025-06-19 17:52:48,046 basehttp "GET /admin/accounts/jobseekerprofile/ HTTP/1.1" 200 12652
INFO 2025-06-19 17:52:48,098 basehttp "GET /admin/jsi18n/ HTTP/1.1" 200 3342
INFO 2025-06-19 17:52:49,370 basehttp "GET /admin/accounts/company/ HTTP/1.1" 200 14319
INFO 2025-06-19 17:52:49,418 basehttp "GET /admin/jsi18n/ HTTP/1.1" 200 3342
INFO 2025-06-19 17:52:51,927 basehttp "GET /admin/accounts/jobseekerprofile/ HTTP/1.1" 200 12652
INFO 2025-06-19 17:52:51,971 basehttp "GET /admin/jsi18n/ HTTP/1.1" 200 3342
INFO 2025-06-19 17:52:53,484 basehttp "GET /admin/accounts/customuser/ HTTP/1.1" 200 17810
INFO 2025-06-19 17:52:53,541 basehttp "GET /admin/jsi18n/ HTTP/1.1" 200 3342
INFO 2025-06-19 17:52:58,475 basehttp "GET /admin/accounts/customuser/8/change/ HTTP/1.1" 200 18983
INFO 2025-06-19 17:52:58,526 basehttp "GET /admin/jsi18n/ HTTP/1.1" 200 3342
INFO 2025-06-19 17:53:10,336 basehttp "GET /admin/jobs/jobcategory/ HTTP/1.1" 200 12379
INFO 2025-06-19 17:53:10,387 basehttp "GET /admin/jsi18n/ HTTP/1.1" 200 3342
INFO 2025-06-19 17:53:16,203 basehttp "GET /admin/jobs/job/ HTTP/1.1" 200 14419
INFO 2025-06-19 17:53:16,259 basehttp "GET /admin/jsi18n/ HTTP/1.1" 200 3342
INFO 2025-06-19 17:53:23,948 basehttp "GET / HTTP/1.1" 200 8775
INFO 2025-06-19 17:53:26,707 basehttp "GET /accounts/logout/ HTTP/1.1" 302 0
INFO 2025-06-19 17:53:26,720 basehttp "GET / HTTP/1.1" 200 8643
INFO 2025-06-19 17:53:28,265 basehttp "GET /accounts/register/ HTTP/1.1" 200 10410
INFO 2025-06-19 17:54:57,308 basehttp "POST /accounts/register/ HTTP/1.1" 302 0
INFO 2025-06-19 17:54:57,330 basehttp "GET /accounts/register/ HTTP/1.1" 200 10723
INFO 2025-06-19 17:55:01,007 basehttp "GET /accounts/login/ HTTP/1.1" 200 4506
INFO 2025-06-19 17:55:06,570 basehttp "POST /accounts/login/ HTTP/1.1" 200 4695
INFO 2025-06-19 17:55:15,317 basehttp "GET /admin/ HTTP/1.1" 302 0
INFO 2025-06-19 17:55:15,339 basehttp "GET /admin/login/?next=/admin/ HTTP/1.1" 200 3541
INFO 2025-06-19 17:55:18,997 basehttp "POST /admin/login/?next=/admin/ HTTP/1.1" 302 0
INFO 2025-06-19 17:55:19,026 basehttp "GET /admin/ HTTP/1.1" 200 14263
INFO 2025-06-19 17:55:20,909 basehttp "GET /admin/accounts/customuser/ HTTP/1.1" 200 17810
INFO 2025-06-19 17:55:20,974 basehttp "GET /admin/jsi18n/ HTTP/1.1" 200 3342
INFO 2025-06-19 17:55:29,943 basehttp "GET /admin/accounts/jobseekerprofile/ HTTP/1.1" 200 12652
INFO 2025-06-19 17:55:29,994 basehttp "GET /admin/jsi18n/ HTTP/1.1" 200 3342
INFO 2025-06-19 17:55:32,989 basehttp "GET /admin/accounts/jobseekerprofile/add/ HTTP/1.1" 200 16329
INFO 2025-06-19 17:55:33,053 basehttp "GET /admin/jsi18n/ HTTP/1.1" 200 3342
INFO 2025-06-19 17:56:51,138 autoreload C:\Users\Mirza Haseeb\Desktop\job board web app\accounts\views.py changed, reloading.
INFO 2025-06-19 17:56:51,810 autoreload Watching for file changes with StatReloader
INFO 2025-06-19 17:58:27,003 autoreload C:\Users\Mirza Haseeb\Desktop\job board web app\accounts\forms.py changed, reloading.
INFO 2025-06-19 17:58:27,552 autoreload Watching for file changes with StatReloader
INFO 2025-06-19 17:59:39,664 autoreload Watching for file changes with StatReloader
INFO 2025-06-19 17:59:41,040 basehttp "GET / HTTP/1.1" 200 8775
INFO 2025-06-19 17:59:41,091 basehttp "GET /static/images/hero-image.jpg HTTP/1.1" 304 0
INFO 2025-06-19 17:59:41,109 basehttp "GET /media/company_logos/download.png HTTP/1.1" 304 0
INFO 2025-06-19 17:59:41,132 basehttp "GET /media/company_logos/icon.png HTTP/1.1" 304 0
INFO 2025-06-19 17:59:44,619 basehttp "GET /accounts/logout/ HTTP/1.1" 302 0
INFO 2025-06-19 17:59:44,630 basehttp "GET / HTTP/1.1" 200 8643
INFO 2025-06-19 17:59:51,290 basehttp "GET /accounts/register/ HTTP/1.1" 200 10455
INFO 2025-06-19 18:00:45,518 basehttp "POST /accounts/register/ HTTP/1.1" 302 0
INFO 2025-06-19 18:00:45,539 basehttp "GET /accounts/register/ HTTP/1.1" 200 10768
INFO 2025-06-19 18:00:57,422 basehttp "GET / HTTP/1.1" 200 8335
INFO 2025-06-19 18:01:04,987 basehttp "GET /admin/ HTTP/1.1" 302 0
INFO 2025-06-19 18:01:05,013 basehttp "GET /admin/login/?next=/admin/ HTTP/1.1" 200 3541
INFO 2025-06-19 18:01:08,322 basehttp "POST /admin/login/?next=/admin/ HTTP/1.1" 302 0
INFO 2025-06-19 18:01:08,350 basehttp "GET /admin/ HTTP/1.1" 200 14263
INFO 2025-06-19 18:01:08,387 basehttp "GET /static/admin/css/dashboard.css HTTP/1.1" 304 0
INFO 2025-06-19 18:01:08,409 basehttp "GET /static/admin/img/icon-changelink.svg HTTP/1.1" 304 0
INFO 2025-06-19 18:01:08,409 basehttp "GET /static/admin/img/icon-addlink.svg HTTP/1.1" 304 0
INFO 2025-06-19 18:01:12,148 basehttp "GET /admin/accounts/customuser/ HTTP/1.1" 200 17810
INFO 2025-06-19 18:01:12,210 basehttp "GET /admin/jsi18n/ HTTP/1.1" 200 3342
INFO 2025-06-19 18:01:15,009 basehttp "GET /admin/accounts/jobseekerprofile/ HTTP/1.1" 200 12652
INFO 2025-06-19 18:01:15,055 basehttp "GET /admin/jsi18n/ HTTP/1.1" 200 3342
INFO 2025-06-19 18:01:16,977 basehttp "GET /admin/accounts/customuser/ HTTP/1.1" 200 17810
INFO 2025-06-19 18:01:17,020 basehttp "GET /admin/jsi18n/ HTTP/1.1" 200 3342
INFO 2025-06-19 18:01:32,629 basehttp "GET /admin/accounts/customuser/1/change/ HTTP/1.1" 200 18972
INFO 2025-06-19 18:01:32,682 basehttp "GET /admin/jsi18n/ HTTP/1.1" 200 3342
INFO 2025-06-19 18:01:54,166 basehttp "POST /admin/accounts/customuser/1/change/ HTTP/1.1" 302 0
INFO 2025-06-19 18:01:54,193 basehttp "GET /admin/accounts/customuser/ HTTP/1.1" 200 18038
INFO 2025-06-19 18:01:54,245 basehttp "GET /admin/jsi18n/ HTTP/1.1" 200 3342
INFO 2025-06-19 18:02:08,837 basehttp "GET /admin/applicants/application/ HTTP/1.1" 200 14744
INFO 2025-06-19 18:02:08,889 basehttp "GET /admin/jsi18n/ HTTP/1.1" 200 3342
INFO 2025-06-19 18:02:13,467 basehttp "GET /admin/applicants/application/1/change/ HTTP/1.1" 200 17334
INFO 2025-06-19 18:02:13,510 basehttp "GET /admin/jsi18n/ HTTP/1.1" 200 3342
INFO 2025-06-19 18:02:17,864 basehttp "POST /admin/applicants/application/1/change/ HTTP/1.1" 302 0
INFO 2025-06-19 18:02:17,892 basehttp "GET /admin/applicants/application/ HTTP/1.1" 200 14999
INFO 2025-06-19 18:02:17,928 basehttp "GET /admin/jsi18n/ HTTP/1.1" 200 3342
INFO 2025-06-19 18:04:12,241 autoreload C:\Users\Mirza Haseeb\Desktop\job board web app\accounts\models.py changed, reloading.
INFO 2025-06-19 18:04:12,846 autoreload Watching for file changes with StatReloader
INFO 2025-06-19 18:04:22,386 autoreload C:\Users\Mirza Haseeb\Desktop\job board web app\accounts\models.py changed, reloading.
INFO 2025-06-19 18:04:22,893 autoreload Watching for file changes with StatReloader
INFO 2025-06-19 18:04:34,510 autoreload Watching for file changes with StatReloader
INFO 2025-06-19 18:04:46,124 autoreload C:\Users\Mirza Haseeb\Desktop\job board web app\accounts\models.py changed, reloading.
INFO 2025-06-19 18:04:46,612 autoreload Watching for file changes with StatReloader
INFO 2025-06-19 18:04:55,040 autoreload Watching for file changes with StatReloader
INFO 2025-06-19 18:11:23,728 autoreload Watching for file changes with StatReloader
INFO 2025-06-19 18:11:27,694 basehttp "GET / HTTP/1.1" 200 8775
INFO 2025-06-19 18:11:31,576 basehttp "GET /accounts/logout/ HTTP/1.1" 302 0
INFO 2025-06-19 18:11:31,583 basehttp "GET / HTTP/1.1" 200 8643
INFO 2025-06-19 18:11:38,229 basehttp "GET /jobs/ HTTP/1.1" 200 8523
INFO 2025-06-19 18:11:41,358 basehttp "GET /jobs/2/ HTTP/1.1" 200 6671
INFO 2025-06-19 18:11:52,007 basehttp "GET /jobs/1/ HTTP/1.1" 200 6496
INFO 2025-06-19 18:12:00,042 basehttp "GET /accounts/login/ HTTP/1.1" 200 4506
INFO 2025-06-19 18:12:06,727 basehttp "POST /accounts/login/ HTTP/1.1" 302 0
INFO 2025-06-19 18:12:06,755 basehttp "GET / HTTP/1.1" 200 9207
INFO 2025-06-19 18:12:16,684 basehttp "GET /accounts/logout/ HTTP/1.1" 302 0
INFO 2025-06-19 18:12:16,693 basehttp "GET / HTTP/1.1" 200 8643
INFO 2025-06-19 18:12:18,424 basehttp "GET /accounts/login/ HTTP/1.1" 200 4506
INFO 2025-06-19 18:12:26,257 basehttp "POST /accounts/login/ HTTP/1.1" 302 0
INFO 2025-06-19 18:12:26,273 basehttp "GET / HTTP/1.1" 200 9069
INFO 2025-06-19 18:12:26,343 basehttp "GET /media/company_logos/download.png HTTP/1.1" 304 0
INFO 2025-06-19 18:12:28,959 basehttp "GET /jobs/ HTTP/1.1" 200 9053
INFO 2025-06-19 18:12:32,934 basehttp "GET /applicants/my-applications/ HTTP/1.1" 200 5168
INFO 2025-06-19 18:12:36,315 basehttp "GET /applicants/my-applications/1/ HTTP/1.1" 200 7771
INFO 2025-06-19 18:12:39,835 basehttp "GET /jobs/1/ HTTP/1.1" 200 6970
INFO 2025-06-19 18:12:42,545 basehttp "GET / HTTP/1.1" 200 8769
INFO 2025-06-19 18:12:43,742 basehttp "GET /jobs/ HTTP/1.1" 200 9053
INFO 2025-06-19 18:12:45,435 basehttp "GET /jobs/2/ HTTP/1.1" 200 6954
INFO 2025-06-19 18:12:53,686 basehttp "GET /applicants/jobs/2/apply/ HTTP/1.1" 200 5244
INFO 2025-06-19 18:13:03,163 basehttp "POST /applicants/jobs/2/apply/ HTTP/1.1" 302 0
INFO 2025-06-19 18:13:03,181 basehttp "GET /jobs/2/ HTTP/1.1" 200 7463
INFO 2025-06-19 18:13:05,804 basehttp "GET /applicants/my-applications/ HTTP/1.1" 200 5916
INFO 2025-06-19 18:13:17,375 basehttp "GET / HTTP/1.1" 200 8769
INFO 2025-06-19 18:13:22,041 basehttp "GET /jobs/?category=1 HTTP/1.1" 200 7708
INFO 2025-06-19 18:13:23,628 basehttp "GET / HTTP/1.1" 200 8769
INFO 2025-06-19 18:13:38,495 basehttp "GET /accounts/logout/ HTTP/1.1" 302 0
INFO 2025-06-19 18:13:38,504 basehttp "GET / HTTP/1.1" 200 8643
INFO 2025-06-19 18:14:48,174 basehttp "GET /jobs/ HTTP/1.1" 200 8523
INFO 2025-06-19 18:14:48,219 basehttp "GET /media/company_logos/icon.png HTTP/1.1" 304 0
INFO 2025-06-19 18:14:50,671 basehttp "GET /jobs/2/ HTTP/1.1" 200 6671
INFO 2025-06-19 18:14:56,150 basehttp "GET /accounts/login/?next=/jobs/2/ HTTP/1.1" 200 4506
INFO 2025-06-19 18:15:08,155 basehttp "POST /accounts/login/?next=/jobs/2/ HTTP/1.1" 302 0
INFO 2025-06-19 18:15:08,176 basehttp "GET / HTTP/1.1" 200 9069
INFO 2025-06-19 18:15:12,305 basehttp "GET /jobs/?category=1 HTTP/1.1" 200 7708
INFO 2025-06-19 18:15:15,296 basehttp "GET /jobs/ HTTP/1.1" 200 9053
INFO 2025-06-19 18:15:18,149 basehttp "GET /applicants/my-applications/ HTTP/1.1" 200 5916
INFO 2025-06-19 18:15:23,063 basehttp "GET /jobs/1/ HTTP/1.1" 200 6970
INFO 2025-06-19 18:15:27,035 basehttp "GET /jobs/2/ HTTP/1.1" 200 7145
INFO 2025-06-19 18:15:32,088 basehttp "GET / HTTP/1.1" 200 8769
INFO 2025-06-19 18:15:53,027 basehttp "GET /accounts/logout/ HTTP/1.1" 302 0
INFO 2025-06-19 18:15:53,034 basehttp "GET / HTTP/1.1" 200 8643
INFO 2025-06-19 18:15:54,458 basehttp "GET /accounts/login/ HTTP/1.1" 200 4506
INFO 2025-06-19 18:16:01,155 basehttp "POST /accounts/login/ HTTP/1.1" 302 0
INFO 2025-06-19 18:16:01,174 basehttp "GET / HTTP/1.1" 200 9207
INFO 2025-06-19 18:16:02,940 basehttp "GET /accounts/profile/ HTTP/1.1" 200 5897
INFO 2025-06-19 18:16:11,835 basehttp "GET /dashboard/ HTTP/1.1" 200 6668
ERROR 2025-06-19 18:16:16,541 log Internal Server Error: /jobs/1/applications/
Traceback (most recent call last):
  File "C:\Users\Mirza Haseeb\Desktop\job board web app\venv\Lib\site-packages\django\core\handlers\exception.py", line 55, in inner
    response = get_response(request)
  File "C:\Users\Mirza Haseeb\Desktop\job board web app\venv\Lib\site-packages\django\core\handlers\base.py", line 197, in _get_response
    response = wrapped_callback(request, *callback_args, **callback_kwargs)
  File "C:\Users\Mirza Haseeb\Desktop\job board web app\venv\Lib\site-packages\django\contrib\auth\decorators.py", line 59, in _view_wrapper
    return view_func(request, *args, **kwargs)
  File "C:\Users\Mirza Haseeb\Desktop\job board web app\jobs\views.py", line 153, in job_applications
    applications = job.applications.all().order_by('-applied_on')
                   ^^^^^^^^^^^^^^^^
AttributeError: 'Job' object has no attribute 'applications'. Did you mean: 'application_set'?
ERROR 2025-06-19 18:16:16,545 basehttp "GET /jobs/1/applications/ HTTP/1.1" 500 77298
INFO 2025-06-19 18:16:41,954 basehttp "GET /accounts/profile/ HTTP/1.1" 200 5897
INFO 2025-06-19 18:16:47,807 basehttp "GET / HTTP/1.1" 200 8907
INFO 2025-06-19 18:16:54,845 basehttp "GET /dashboard/ HTTP/1.1" 200 6668
INFO 2025-06-19 18:17:25,319 basehttp "GET /dashboard/ HTTP/1.1" 200 6666
INFO 2025-06-19 18:17:38,401 basehttp "GET / HTTP/1.1" 200 8907
INFO 2025-06-19 18:17:45,570 basehttp "GET /accounts/logout/ HTTP/1.1" 302 0
INFO 2025-06-19 18:17:45,585 basehttp "GET / HTTP/1.1" 200 8643
INFO 2025-06-19 18:17:51,881 basehttp "GET /accounts/register/ HTTP/1.1" 200 10455
INFO 2025-06-19 18:17:55,745 basehttp "GET / HTTP/1.1" 200 8335
INFO 2025-06-19 18:27:03,376 basehttp "GET / HTTP/1.1" 200 10331
INFO 2025-06-19 18:27:03,418 basehttp "GET /static/images/hero-image.jpg HTTP/1.1" 304 0
INFO 2025-06-19 18:27:03,424 basehttp "GET /media/company_logos/download.png HTTP/1.1" 304 0
INFO 2025-06-19 18:27:28,527 basehttp "GET / HTTP/1.1" 200 10331
INFO 2025-06-19 18:28:05,374 basehttp "GET / HTTP/1.1" 200 10331
INFO 2025-06-19 18:28:10,805 autoreload Watching for file changes with StatReloader
INFO 2025-06-19 18:28:12,144 basehttp "GET / HTTP/1.1" 200 10331
INFO 2025-06-19 18:29:19,993 basehttp "GET / HTTP/1.1" 200 10345
INFO 2025-06-19 18:30:23,593 basehttp "GET / HTTP/1.1" 200 10345
INFO 2025-06-19 18:30:25,255 basehttp "GET / HTTP/1.1" 200 10345
INFO 2025-06-19 18:30:25,526 basehttp "GET / HTTP/1.1" 200 10345
INFO 2025-06-19 18:30:25,729 basehttp "GET / HTTP/1.1" 200 10345
INFO 2025-06-19 18:30:25,925 basehttp "GET / HTTP/1.1" 200 10345
INFO 2025-06-19 18:30:26,146 basehttp "GET / HTTP/1.1" 200 10345
INFO 2025-06-19 18:30:37,040 basehttp "GET / HTTP/1.1" 200 8335
INFO 2025-06-19 18:30:37,058 basehttp "GET /media/company_logos/icon.png HTTP/1.1" 304 0
INFO 2025-06-19 18:33:58,506 basehttp "GET / HTTP/1.1" 200 9501
INFO 2025-06-19 18:35:05,608 basehttp "GET / HTTP/1.1" 200 8973
INFO 2025-06-19 18:36:15,837 basehttp "GET / HTTP/1.1" 200 9000
INFO 2025-06-19 18:36:53,874 basehttp "GET / HTTP/1.1" 200 8981
INFO 2025-06-19 18:37:45,363 basehttp "GET / HTTP/1.1" 200 8336
INFO 2025-06-19 18:37:54,986 basehttp "GET /admin/ HTTP/1.1" 302 0
INFO 2025-06-19 18:37:55,014 basehttp "GET /admin/login/?next=/admin/ HTTP/1.1" 200 3541
INFO 2025-06-19 18:37:58,823 basehttp "POST /admin/login/?next=/admin/ HTTP/1.1" 302 0
INFO 2025-06-19 18:37:58,856 basehttp "GET /admin/ HTTP/1.1" 200 14320
INFO 2025-06-19 18:38:51,691 basehttp "GET /admin/accounts/company/ HTTP/1.1" 200 14313
INFO 2025-06-19 18:38:51,752 basehttp "GET /admin/jsi18n/ HTTP/1.1" 200 3342
INFO 2025-06-19 18:38:53,887 basehttp "GET /admin/accounts/company/4/change/ HTTP/1.1" 200 16392
INFO 2025-06-19 18:38:53,941 basehttp "GET /admin/jsi18n/ HTTP/1.1" 200 3342
INFO 2025-06-19 18:38:58,689 basehttp "GET /admin/accounts/customuser/ HTTP/1.1" 200 17828
INFO 2025-06-19 18:38:58,740 basehttp "GET /admin/jsi18n/ HTTP/1.1" 200 3342
INFO 2025-06-19 18:39:01,810 basehttp "GET /admin/accounts/customuser/6/change/ HTTP/1.1" 200 18972
INFO 2025-06-19 18:39:01,852 basehttp "GET /admin/jsi18n/ HTTP/1.1" 200 3342
INFO 2025-06-19 18:39:08,261 basehttp "GET / HTTP/1.1" 200 8776
INFO 2025-06-19 18:39:10,860 basehttp "GET /accounts/logout/ HTTP/1.1" 302 0
INFO 2025-06-19 18:39:10,871 basehttp "GET / HTTP/1.1" 200 8644
INFO 2025-06-19 18:39:11,890 basehttp "GET /accounts/login/ HTTP/1.1" 200 4507
INFO 2025-06-19 18:39:18,779 basehttp "POST /accounts/login/ HTTP/1.1" 302 0
INFO 2025-06-19 18:39:18,796 basehttp "GET / HTTP/1.1" 200 9206
INFO 2025-06-19 18:39:22,258 basehttp "GET /jobs/create/ HTTP/1.1" 200 6790
INFO 2025-06-19 18:39:24,133 basehttp "GET / HTTP/1.1" 200 8906
INFO 2025-06-19 18:39:24,734 basehttp "GET /dashboard/ HTTP/1.1" 200 5252
INFO 2025-06-19 18:39:30,337 basehttp "GET /jobs/create/ HTTP/1.1" 200 6790
INFO 2025-06-19 18:40:41,411 basehttp "POST /jobs/create/ HTTP/1.1" 302 0
INFO 2025-06-19 18:40:41,477 basehttp "GET /dashboard/ HTTP/1.1" 200 6975
INFO 2025-06-19 18:40:50,384 basehttp "GET /dashboard/ HTTP/1.1" 200 6668
INFO 2025-06-19 18:40:54,276 basehttp "GET /accounts/logout/ HTTP/1.1" 302 0
INFO 2025-06-19 18:40:54,325 basehttp "GET / HTTP/1.1" 200 10145
INFO 2025-06-19 18:40:54,771 basehttp "GET /media/company_logos/download_1.jpeg HTTP/1.1" 200 4459
INFO 2025-06-19 18:40:56,154 basehttp "GET /accounts/login/ HTTP/1.1" 200 4507
INFO 2025-06-19 18:41:04,453 basehttp "POST /accounts/login/ HTTP/1.1" 302 0
INFO 2025-06-19 18:41:04,502 basehttp "GET / HTTP/1.1" 200 10709
INFO 2025-06-19 18:41:07,982 basehttp "GET /accounts/logout/ HTTP/1.1" 302 0
INFO 2025-06-19 18:41:08,005 basehttp "GET / HTTP/1.1" 200 10145
INFO 2025-06-19 18:41:13,607 basehttp "GET /accounts/login/ HTTP/1.1" 200 4507
INFO 2025-06-19 18:41:20,760 basehttp "POST /accounts/login/ HTTP/1.1" 302 0
INFO 2025-06-19 18:41:20,799 basehttp "GET / HTTP/1.1" 200 10571
INFO 2025-06-19 18:41:28,977 basehttp "GET /jobs/ HTTP/1.1" 200 10392
INFO 2025-06-19 18:41:37,678 basehttp "GET /jobs/3/ HTTP/1.1" 200 6960
INFO 2025-06-19 18:41:52,215 basehttp "GET /applicants/jobs/3/apply/ HTTP/1.1" 200 5236
INFO 2025-06-19 18:42:13,818 basehttp "POST /applicants/jobs/3/apply/ HTTP/1.1" 302 0
INFO 2025-06-19 18:42:13,849 basehttp "GET /jobs/3/ HTTP/1.1" 200 7469
INFO 2025-06-19 18:42:17,429 basehttp "GET /applicants/my-applications/ HTTP/1.1" 200 6652
INFO 2025-06-19 18:42:21,758 basehttp "GET /applicants/my-applications/3/ HTTP/1.1" 200 7705
INFO 2025-06-19 18:42:25,356 basehttp "GET /jobs/3/ HTTP/1.1" 200 7151
INFO 2025-06-19 18:42:27,561 basehttp "GET /jobs/ HTTP/1.1" 200 10391
INFO 2025-06-19 18:42:30,043 basehttp "GET / HTTP/1.1" 200 10271
INFO 2025-06-19 18:42:30,177 basehttp "GET /media/company_logos/download.png HTTP/1.1" 304 0
INFO 2025-06-19 18:42:40,178 basehttp "GET /accounts/profile/ HTTP/1.1" 200 6114
INFO 2025-06-19 18:42:47,126 basehttp "GET /applicants/my-applications/ HTTP/1.1" 200 6652
INFO 2025-06-19 18:42:49,138 basehttp "GET /accounts/logout/ HTTP/1.1" 302 0
INFO 2025-06-19 18:42:49,161 basehttp "GET / HTTP/1.1" 200 10145
INFO 2025-06-19 18:42:51,503 basehttp "GET /accounts/register/ HTTP/1.1" 200 10456
INFO 2025-06-19 18:44:06,248 basehttp "POST /accounts/register/ HTTP/1.1" 302 0
INFO 2025-06-19 18:44:06,325 basehttp "GET /accounts/register/ HTTP/1.1" 200 10769
INFO 2025-06-19 19:03:37,043 autoreload Watching for file changes with StatReloader
INFO 2025-06-19 19:03:39,219 basehttp "GET / HTTP/1.1" 200 9837
INFO 2025-06-19 19:03:39,361 basehttp "GET /static/images/hero-image.jpg HTTP/1.1" 304 0
INFO 2025-06-19 19:03:39,457 basehttp "GET /media/company_logos/download_1.jpeg HTTP/1.1" 304 0
INFO 2025-06-19 19:03:39,470 basehttp "GET /media/company_logos/download.png HTTP/1.1" 304 0
INFO 2025-06-19 19:03:39,475 basehttp "GET /media/company_logos/icon.png HTTP/1.1" 304 0
INFO 2025-06-19 19:03:39,669 basehttp "GET /static/css/style.css HTTP/1.1" 200 5765
INFO 2025-06-19 19:03:44,325 basehttp "GET /accounts/register/ HTTP/1.1" 200 11838
ERROR 2025-06-19 19:05:08,888 log Internal Server Error: /accounts/register/
Traceback (most recent call last):
  File "C:\Users\Mirza Haseeb\Desktop\job board web app\venv\Lib\site-packages\django\db\backends\utils.py", line 105, in _execute
    return self.cursor.execute(sql, params)
           ~~~~~~~~~~~~~~~~~~~^^^^^^^^^^^^^
  File "C:\Users\Mirza Haseeb\Desktop\job board web app\venv\Lib\site-packages\django\db\backends\sqlite3\base.py", line 360, in execute
    return super().execute(query, params)
           ~~~~~~~~~~~~~~~^^^^^^^^^^^^^^^
sqlite3.IntegrityError: UNIQUE constraint failed: accounts_jobseekerprofile.user_id

The above exception was the direct cause of the following exception:

Traceback (most recent call last):
  File "C:\Users\Mirza Haseeb\Desktop\job board web app\venv\Lib\site-packages\django\core\handlers\exception.py", line 55, in inner
    response = get_response(request)
  File "C:\Users\Mirza Haseeb\Desktop\job board web app\venv\Lib\site-packages\django\core\handlers\base.py", line 197, in _get_response
    response = wrapped_callback(request, *callback_args, **callback_kwargs)
  File "C:\Users\Mirza Haseeb\Desktop\job board web app\accounts\views.py", line 109, in register
    profile.save()
    ~~~~~~~~~~~~^^
  File "C:\Users\Mirza Haseeb\Desktop\job board web app\venv\Lib\site-packages\django\db\models\base.py", line 902, in save
    self.save_base(
    ~~~~~~~~~~~~~~^
        using=using,
        ^^^^^^^^^^^^
    ...<2 lines>...
        update_fields=update_fields,
        ^^^^^^^^^^^^^^^^^^^^^^^^^^^^
    )
    ^
  File "C:\Users\Mirza Haseeb\Desktop\job board web app\venv\Lib\site-packages\django\db\models\base.py", line 1008, in save_base
    updated = self._save_table(
        raw,
    ...<4 lines>...
        update_fields,
    )
  File "C:\Users\Mirza Haseeb\Desktop\job board web app\venv\Lib\site-packages\django\db\models\base.py", line 1169, in _save_table
    results = self._do_insert(
        cls._base_manager, using, fields, returning_fields, raw
    )
  File "C:\Users\Mirza Haseeb\Desktop\job board web app\venv\Lib\site-packages\django\db\models\base.py", line 1210, in _do_insert
    return manager._insert(
           ~~~~~~~~~~~~~~~^
        [self],
        ^^^^^^^
    ...<3 lines>...
        raw=raw,
        ^^^^^^^^
    )
    ^
  File "C:\Users\Mirza Haseeb\Desktop\job board web app\venv\Lib\site-packages\django\db\models\manager.py", line 87, in manager_method
    return getattr(self.get_queryset(), name)(*args, **kwargs)
           ~~~~~~~~~~~~~~~~~~~~~~~~~~~~~~~~~~^^^^^^^^^^^^^^^^^
  File "C:\Users\Mirza Haseeb\Desktop\job board web app\venv\Lib\site-packages\django\db\models\query.py", line 1868, in _insert
    return query.get_compiler(using=using).execute_sql(returning_fields)
           ~~~~~~~~~~~~~~~~~~~~~~~~~~~~~~~~~~~~~~~~~~~^^^^^^^^^^^^^^^^^^
  File "C:\Users\Mirza Haseeb\Desktop\job board web app\venv\Lib\site-packages\django\db\models\sql\compiler.py", line 1882, in execute_sql
    cursor.execute(sql, params)
    ~~~~~~~~~~~~~~^^^^^^^^^^^^^
  File "C:\Users\Mirza Haseeb\Desktop\job board web app\venv\Lib\site-packages\django\db\backends\utils.py", line 122, in execute
    return super().execute(sql, params)
           ~~~~~~~~~~~~~~~^^^^^^^^^^^^^
  File "C:\Users\Mirza Haseeb\Desktop\job board web app\venv\Lib\site-packages\django\db\backends\utils.py", line 79, in execute
    return self._execute_with_wrappers(
           ~~~~~~~~~~~~~~~~~~~~~~~~~~~^
        sql, params, many=False, executor=self._execute
        ^^^^^^^^^^^^^^^^^^^^^^^^^^^^^^^^^^^^^^^^^^^^^^^
    )
    ^
  File "C:\Users\Mirza Haseeb\Desktop\job board web app\venv\Lib\site-packages\django\db\backends\utils.py", line 92, in _execute_with_wrappers
    return executor(sql, params, many, context)
  File "C:\Users\Mirza Haseeb\Desktop\job board web app\venv\Lib\site-packages\django\db\backends\utils.py", line 100, in _execute
    with self.db.wrap_database_errors:
         ^^^^^^^^^^^^^^^^^^^^^^^^^^^^
  File "C:\Users\Mirza Haseeb\Desktop\job board web app\venv\Lib\site-packages\django\db\utils.py", line 91, in __exit__
    raise dj_exc_value.with_traceback(traceback) from exc_value
  File "C:\Users\Mirza Haseeb\Desktop\job board web app\venv\Lib\site-packages\django\db\backends\utils.py", line 105, in _execute
    return self.cursor.execute(sql, params)
           ~~~~~~~~~~~~~~~~~~~^^^^^^^^^^^^^
  File "C:\Users\Mirza Haseeb\Desktop\job board web app\venv\Lib\site-packages\django\db\backends\sqlite3\base.py", line 360, in execute
    return super().execute(query, params)
           ~~~~~~~~~~~~~~~^^^^^^^^^^^^^^^
django.db.utils.IntegrityError: UNIQUE constraint failed: accounts_jobseekerprofile.user_id
ERROR 2025-06-19 19:05:08,926 basehttp "POST /accounts/register/ HTTP/1.1" 500 162432
INFO 2025-06-19 19:12:29,963 autoreload C:\Users\Mirza Haseeb\Desktop\job board web app\accounts\views.py changed, reloading.
INFO 2025-06-19 19:12:32,684 autoreload Watching for file changes with StatReloader
INFO 2025-06-19 19:12:45,030 autoreload C:\Users\Mirza Haseeb\Desktop\job board web app\accounts\signals.py changed, reloading.
INFO 2025-06-19 19:12:46,598 autoreload Watching for file changes with StatReloader
INFO 2025-06-19 19:14:15,551 autoreload C:\Users\Mirza Haseeb\Desktop\job board web app\accounts\signals.py changed, reloading.
INFO 2025-06-19 19:14:16,884 autoreload Watching for file changes with StatReloader
INFO 2025-06-19 19:14:20,955 basehttp "GET / HTTP/1.1" 200 9837
INFO 2025-06-19 19:14:21,086 basehttp "GET /static/css/style.css HTTP/1.1" 304 0
INFO 2025-06-19 19:14:21,115 basehttp "GET /media/company_logos/download_1.jpeg HTTP/1.1" 304 0
INFO 2025-06-19 19:14:26,529 basehttp "POST /accounts/register/ HTTP/1.1" 200 13188
INFO 2025-06-19 19:14:31,556 basehttp "GET /accounts/register/ HTTP/1.1" 200 11838
INFO 2025-06-19 19:15:24,176 basehttp "POST /accounts/register/ HTTP/1.1" 200 13188
INFO 2025-06-19 19:15:37,410 basehttp "GET /admin/ HTTP/1.1" 302 0
INFO 2025-06-19 19:15:37,451 basehttp "GET /admin/login/?next=/admin/ HTTP/1.1" 200 3541
INFO 2025-06-19 19:15:42,987 basehttp "POST /admin/login/?next=/admin/ HTTP/1.1" 302 0
INFO 2025-06-19 19:15:43,059 basehttp "GET /admin/ HTTP/1.1" 200 14320
INFO 2025-06-19 19:15:45,634 basehttp "GET /admin/accounts/customuser/ HTTP/1.1" 200 18263
INFO 2025-06-19 19:15:45,801 basehttp "GET /admin/jsi18n/ HTTP/1.1" 200 3342
INFO 2025-06-19 19:15:56,915 basehttp "GET /accounts/login/ HTTP/1.1" 200 5043
INFO 2025-06-19 19:16:05,721 basehttp "POST /accounts/login/ HTTP/1.1" 302 0
INFO 2025-06-19 19:16:05,778 basehttp "GET / HTTP/1.1" 200 10570
INFO 2025-06-19 19:16:11,345 basehttp "GET /jobs/?category=1 HTTP/1.1" 200 9048
INFO 2025-06-19 19:16:13,147 basehttp "GET /jobs/2/ HTTP/1.1" 200 6954
INFO 2025-06-19 19:16:14,625 basehttp "GET /applicants/jobs/2/apply/ HTTP/1.1" 200 5244
INFO 2025-06-19 19:16:16,237 basehttp "GET /jobs/2/ HTTP/1.1" 200 6954
INFO 2025-06-19 19:16:18,233 basehttp "GET /applicants/jobs/2/apply/ HTTP/1.1" 200 5244
INFO 2025-06-19 19:16:32,375 basehttp "POST /applicants/jobs/2/apply/ HTTP/1.1" 302 0
INFO 2025-06-19 19:16:32,410 basehttp "GET /jobs/2/ HTTP/1.1" 200 7463
INFO 2025-06-19 19:16:36,156 basehttp "GET /accounts/logout/ HTTP/1.1" 302 0
INFO 2025-06-19 19:16:36,189 basehttp "GET / HTTP/1.1" 200 10145
INFO 2025-06-19 19:16:38,015 basehttp "GET /accounts/register/ HTTP/1.1" 200 11838
INFO 2025-06-19 19:17:45,017 basehttp "POST /accounts/register/ HTTP/1.1" 302 0
INFO 2025-06-19 19:17:45,036 basehttp "GET /accounts/login/ HTTP/1.1" 200 4830
INFO 2025-06-19 19:17:49,924 basehttp "GET /accounts/login/ HTTP/1.1" 200 4507
INFO 2025-06-19 19:17:52,377 basehttp "GET /accounts/register/ HTTP/1.1" 200 11838
ERROR 2025-06-19 19:19:50,958 log Internal Server Error: /accounts/register/
Traceback (most recent call last):
  File "C:\Users\Mirza Haseeb\Desktop\job board web app\venv\Lib\site-packages\django\db\backends\utils.py", line 105, in _execute
    return self.cursor.execute(sql, params)
           ~~~~~~~~~~~~~~~~~~~^^^^^^^^^^^^^
  File "C:\Users\Mirza Haseeb\Desktop\job board web app\venv\Lib\site-packages\django\db\backends\sqlite3\base.py", line 360, in execute
    return super().execute(query, params)
           ~~~~~~~~~~~~~~~^^^^^^^^^^^^^^^
sqlite3.IntegrityError: UNIQUE constraint failed: accounts_company.user_id

The above exception was the direct cause of the following exception:

Traceback (most recent call last):
  File "C:\Users\Mirza Haseeb\Desktop\job board web app\venv\Lib\site-packages\django\core\handlers\exception.py", line 55, in inner
    response = get_response(request)
  File "C:\Users\Mirza Haseeb\Desktop\job board web app\venv\Lib\site-packages\django\core\handlers\base.py", line 197, in _get_response
    response = wrapped_callback(request, *callback_args, **callback_kwargs)
  File "C:\Users\Mirza Haseeb\Desktop\job board web app\accounts\views.py", line 97, in register
    company.save()
    ~~~~~~~~~~~~^^
  File "C:\Users\Mirza Haseeb\Desktop\job board web app\venv\Lib\site-packages\django\db\models\base.py", line 902, in save
    self.save_base(
    ~~~~~~~~~~~~~~^
        using=using,
        ^^^^^^^^^^^^
    ...<2 lines>...
        update_fields=update_fields,
        ^^^^^^^^^^^^^^^^^^^^^^^^^^^^
    )
    ^
  File "C:\Users\Mirza Haseeb\Desktop\job board web app\venv\Lib\site-packages\django\db\models\base.py", line 1008, in save_base
    updated = self._save_table(
        raw,
    ...<4 lines>...
        update_fields,
    )
  File "C:\Users\Mirza Haseeb\Desktop\job board web app\venv\Lib\site-packages\django\db\models\base.py", line 1169, in _save_table
    results = self._do_insert(
        cls._base_manager, using, fields, returning_fields, raw
    )
  File "C:\Users\Mirza Haseeb\Desktop\job board web app\venv\Lib\site-packages\django\db\models\base.py", line 1210, in _do_insert
    return manager._insert(
           ~~~~~~~~~~~~~~~^
        [self],
        ^^^^^^^
    ...<3 lines>...
        raw=raw,
        ^^^^^^^^
    )
    ^
  File "C:\Users\Mirza Haseeb\Desktop\job board web app\venv\Lib\site-packages\django\db\models\manager.py", line 87, in manager_method
    return getattr(self.get_queryset(), name)(*args, **kwargs)
           ~~~~~~~~~~~~~~~~~~~~~~~~~~~~~~~~~~^^^^^^^^^^^^^^^^^
  File "C:\Users\Mirza Haseeb\Desktop\job board web app\venv\Lib\site-packages\django\db\models\query.py", line 1868, in _insert
    return query.get_compiler(using=using).execute_sql(returning_fields)
           ~~~~~~~~~~~~~~~~~~~~~~~~~~~~~~~~~~~~~~~~~~~^^^^^^^^^^^^^^^^^^
  File "C:\Users\Mirza Haseeb\Desktop\job board web app\venv\Lib\site-packages\django\db\models\sql\compiler.py", line 1882, in execute_sql
    cursor.execute(sql, params)
    ~~~~~~~~~~~~~~^^^^^^^^^^^^^
  File "C:\Users\Mirza Haseeb\Desktop\job board web app\venv\Lib\site-packages\django\db\backends\utils.py", line 122, in execute
    return super().execute(sql, params)
           ~~~~~~~~~~~~~~~^^^^^^^^^^^^^
  File "C:\Users\Mirza Haseeb\Desktop\job board web app\venv\Lib\site-packages\django\db\backends\utils.py", line 79, in execute
    return self._execute_with_wrappers(
           ~~~~~~~~~~~~~~~~~~~~~~~~~~~^
        sql, params, many=False, executor=self._execute
        ^^^^^^^^^^^^^^^^^^^^^^^^^^^^^^^^^^^^^^^^^^^^^^^
    )
    ^
  File "C:\Users\Mirza Haseeb\Desktop\job board web app\venv\Lib\site-packages\django\db\backends\utils.py", line 92, in _execute_with_wrappers
    return executor(sql, params, many, context)
  File "C:\Users\Mirza Haseeb\Desktop\job board web app\venv\Lib\site-packages\django\db\backends\utils.py", line 100, in _execute
    with self.db.wrap_database_errors:
         ^^^^^^^^^^^^^^^^^^^^^^^^^^^^
  File "C:\Users\Mirza Haseeb\Desktop\job board web app\venv\Lib\site-packages\django\db\utils.py", line 91, in __exit__
    raise dj_exc_value.with_traceback(traceback) from exc_value
  File "C:\Users\Mirza Haseeb\Desktop\job board web app\venv\Lib\site-packages\django\db\backends\utils.py", line 105, in _execute
    return self.cursor.execute(sql, params)
           ~~~~~~~~~~~~~~~~~~~^^^^^^^^^^^^^
  File "C:\Users\Mirza Haseeb\Desktop\job board web app\venv\Lib\site-packages\django\db\backends\sqlite3\base.py", line 360, in execute
    return super().execute(query, params)
           ~~~~~~~~~~~~~~~^^^^^^^^^^^^^^^
django.db.utils.IntegrityError: UNIQUE constraint failed: accounts_company.user_id
ERROR 2025-06-19 19:19:50,996 basehttp "POST /accounts/register/ HTTP/1.1" 500 162555
INFO 2025-06-19 19:21:28,051 autoreload C:\Users\Mirza Haseeb\Desktop\job board web app\accounts\views.py changed, reloading.
INFO 2025-06-19 19:21:30,058 autoreload Watching for file changes with StatReloader
INFO 2025-06-19 19:21:38,187 autoreload C:\Users\Mirza Haseeb\Desktop\job board web app\accounts\signals.py changed, reloading.
INFO 2025-06-19 19:21:39,644 autoreload Watching for file changes with StatReloader
INFO 2025-06-19 19:22:05,374 basehttp "POST /accounts/register/ HTTP/1.1" 200 13172
INFO 2025-06-19 19:22:05,455 basehttp "GET /static/css/style.css HTTP/1.1" 304 0
INFO 2025-06-19 19:22:11,517 basehttp "GET /accounts/login/ HTTP/1.1" 200 4507
INFO 2025-06-19 19:22:18,265 basehttp "POST /accounts/login/ HTTP/1.1" 302 0
INFO 2025-06-19 19:22:18,310 basehttp "GET / HTTP/1.1" 200 10706
INFO 2025-06-19 19:22:26,075 basehttp "GET /accounts/logout/ HTTP/1.1" 302 0
INFO 2025-06-19 19:22:26,111 basehttp "GET / HTTP/1.1" 200 10145
INFO 2025-06-19 19:22:29,386 basehttp "GET /accounts/register/ HTTP/1.1" 200 11838
INFO 2025-06-19 19:23:48,129 basehttp "POST /accounts/register/ HTTP/1.1" 302 0
INFO 2025-06-19 19:23:48,143 basehttp "GET /accounts/login/ HTTP/1.1" 200 4827
INFO 2025-06-19 19:23:58,519 basehttp "POST /accounts/login/ HTTP/1.1" 302 0
INFO 2025-06-19 19:23:58,557 basehttp "GET / HTTP/1.1" 200 10707
INFO 2025-06-19 19:23:58,647 basehttp "GET /media/company_logos/download_1.jpeg HTTP/1.1" 304 0
INFO 2025-06-19 19:23:58,658 basehttp "GET /media/company_logos/download.png HTTP/1.1" 304 0
INFO 2025-06-19 19:24:09,236 basehttp "GET /jobs/2/ HTTP/1.1" 200 6742
INFO 2025-06-19 19:24:12,825 basehttp "GET /dashboard/ HTTP/1.1" 200 5252
INFO 2025-06-19 19:24:15,997 basehttp "GET /accounts/logout/ HTTP/1.1" 302 0
INFO 2025-06-19 19:24:16,024 basehttp "GET / HTTP/1.1" 200 10145
INFO 2025-06-19 19:24:17,477 basehttp "GET /accounts/login/ HTTP/1.1" 200 4507
INFO 2025-06-19 19:24:27,709 basehttp "POST /accounts/login/ HTTP/1.1" 302 0
INFO 2025-06-19 19:24:27,758 basehttp "GET / HTTP/1.1" 200 10709
INFO 2025-06-19 19:24:27,868 basehttp "GET /media/company_logos/icon.png HTTP/1.1" 304 0
INFO 2025-06-19 19:24:29,502 basehttp "GET /dashboard/ HTTP/1.1" 200 6667
ERROR 2025-06-19 19:24:40,026 log Internal Server Error: /jobs/1/applications/
Traceback (most recent call last):
  File "C:\Users\Mirza Haseeb\Desktop\job board web app\venv\Lib\site-packages\django\core\handlers\exception.py", line 55, in inner
    response = get_response(request)
  File "C:\Users\Mirza Haseeb\Desktop\job board web app\venv\Lib\site-packages\django\core\handlers\base.py", line 197, in _get_response
    response = wrapped_callback(request, *callback_args, **callback_kwargs)
  File "C:\Users\Mirza Haseeb\Desktop\job board web app\venv\Lib\site-packages\django\contrib\auth\decorators.py", line 59, in _view_wrapper
    return view_func(request, *args, **kwargs)
  File "C:\Users\Mirza Haseeb\Desktop\job board web app\jobs\views.py", line 153, in job_applications
    applications = job.applications.all().order_by('-applied_on')
                   ^^^^^^^^^^^^^^^^
AttributeError: 'Job' object has no attribute 'applications'. Did you mean: 'application_set'?
ERROR 2025-06-19 19:24:40,035 basehttp "GET /jobs/1/applications/ HTTP/1.1" 500 77298
ERROR 2025-06-19 19:25:49,514 log Internal Server Error: /jobs/1/applications/
Traceback (most recent call last):
  File "C:\Users\Mirza Haseeb\Desktop\job board web app\venv\Lib\site-packages\django\core\handlers\exception.py", line 55, in inner
    response = get_response(request)
  File "C:\Users\Mirza Haseeb\Desktop\job board web app\venv\Lib\site-packages\django\core\handlers\base.py", line 197, in _get_response
    response = wrapped_callback(request, *callback_args, **callback_kwargs)
  File "C:\Users\Mirza Haseeb\Desktop\job board web app\venv\Lib\site-packages\django\contrib\auth\decorators.py", line 59, in _view_wrapper
    return view_func(request, *args, **kwargs)
  File "C:\Users\Mirza Haseeb\Desktop\job board web app\jobs\views.py", line 153, in job_applications
    applications = job.applications.all().order_by('-applied_on')
                   ^^^^^^^^^^^^^^^^
AttributeError: 'Job' object has no attribute 'applications'. Did you mean: 'application_set'?
ERROR 2025-06-19 19:25:49,519 basehttp "GET /jobs/1/applications/ HTTP/1.1" 500 77298
INFO 2025-06-19 19:27:05,626 autoreload C:\Users\Mirza Haseeb\Desktop\job board web app\jobs\models.py changed, reloading.
INFO 2025-06-19 19:27:07,492 autoreload Watching for file changes with StatReloader
INFO 2025-06-19 19:27:28,503 autoreload C:\Users\Mirza Haseeb\Desktop\job board web app\jobs\views.py changed, reloading.
INFO 2025-06-19 19:27:29,991 autoreload Watching for file changes with StatReloader
INFO 2025-06-19 19:28:08,131 autoreload C:\Users\Mirza Haseeb\Desktop\job board web app\applicants\models.py changed, reloading.
INFO 2025-06-19 19:28:09,923 autoreload Watching for file changes with StatReloader
INFO 2025-06-19 19:28:31,941 autoreload C:\Users\Mirza Haseeb\Desktop\job board web app\applicants\models.py changed, reloading.
INFO 2025-06-19 19:28:33,711 autoreload Watching for file changes with StatReloader
INFO 2025-06-19 19:28:53,519 autoreload Watching for file changes with StatReloader
INFO 2025-06-19 19:28:55,627 basehttp "GET / HTTP/1.1" 200 10409
INFO 2025-06-19 19:28:55,820 basehttp "GET /static/css/style.css HTTP/1.1" 304 0
INFO 2025-06-19 19:29:00,865 basehttp "GET /dashboard/ HTTP/1.1" 200 6668
INFO 2025-06-19 19:29:02,970 basehttp "GET /jobs/1/applications/ HTTP/1.1" 200 10176
ERROR 2025-06-19 19:29:13,932 log Internal Server Error: /applications/1/INTERVIEW/
Traceback (most recent call last):
  File "C:\Users\Mirza Haseeb\Desktop\job board web app\venv\Lib\site-packages\django\core\handlers\exception.py", line 55, in inner
    response = get_response(request)
  File "C:\Users\Mirza Haseeb\Desktop\job board web app\venv\Lib\site-packages\django\core\handlers\base.py", line 197, in _get_response
    response = wrapped_callback(request, *callback_args, **callback_kwargs)
  File "C:\Users\Mirza Haseeb\Desktop\job board web app\venv\Lib\site-packages\django\contrib\auth\decorators.py", line 59, in _view_wrapper
    return view_func(request, *args, **kwargs)
  File "C:\Users\Mirza Haseeb\Desktop\job board web app\jobs\views.py", line 167, in update_application_status
    if status in [choice[0] for choice in Application.Status.choices]:
                                          ^^^^^^^^^^^^^^^^^^
AttributeError: type object 'Application' has no attribute 'Status'. Did you mean: 'status'?
ERROR 2025-06-19 19:29:13,950 basehttp "GET /applications/1/INTERVIEW/ HTTP/1.1" 500 77709
INFO 2025-06-19 19:30:18,884 autoreload C:\Users\Mirza Haseeb\Desktop\job board web app\applicants\models.py changed, reloading.
INFO 2025-06-19 19:30:21,848 autoreload Watching for file changes with StatReloader
INFO 2025-06-19 19:30:45,479 autoreload C:\Users\Mirza Haseeb\Desktop\job board web app\jobs\views.py changed, reloading.
INFO 2025-06-19 19:30:47,021 autoreload Watching for file changes with StatReloader
INFO 2025-06-19 19:31:20,373 autoreload C:\Users\Mirza Haseeb\Desktop\job board web app\jobs\views.py changed, reloading.
INFO 2025-06-19 19:31:21,808 autoreload Watching for file changes with StatReloader
INFO 2025-06-19 19:32:40,930 autoreload C:\Users\Mirza Haseeb\Desktop\job board web app\jobs\views.py changed, reloading.
INFO 2025-06-19 19:32:42,547 autoreload Watching for file changes with StatReloader
INFO 2025-06-19 19:33:10,496 autoreload Watching for file changes with StatReloader
INFO 2025-06-19 19:34:46,283 autoreload C:\Users\Mirza Haseeb\Desktop\job board web app\jobs\models.py changed, reloading.
INFO 2025-06-19 19:34:48,003 autoreload Watching for file changes with StatReloader
INFO 2025-06-19 19:35:26,114 autoreload C:\Users\Mirza Haseeb\Desktop\job board web app\applicants\models.py changed, reloading.
INFO 2025-06-19 19:35:27,709 autoreload Watching for file changes with StatReloader
INFO 2025-06-19 19:37:11,027 basehttp "GET / HTTP/1.1" 200 10409
INFO 2025-06-19 19:37:11,510 basehttp "GET /static/css/style.css HTTP/1.1" 200 5765
INFO 2025-06-19 19:37:11,517 basehttp "GET /static/images/hero-image.jpg HTTP/1.1" 200 8577
INFO 2025-06-19 19:37:11,580 basehttp "GET /media/company_logos/download.png HTTP/1.1" 200 573
INFO 2025-06-19 19:37:11,596 basehttp "GET /media/company_logos/download_1.jpeg HTTP/1.1" 200 4459
INFO 2025-06-19 19:37:11,619 basehttp "GET /media/company_logos/icon.png HTTP/1.1" 200 1465
WARNING 2025-06-19 19:37:11,729 log Not Found: /favicon.ico
WARNING 2025-06-19 19:37:11,730 basehttp "GET /favicon.ico HTTP/1.1" 404 5562
INFO 2025-06-19 19:37:15,738 basehttp "GET /dashboard/ HTTP/1.1" 200 6667
INFO 2025-06-19 19:37:17,754 basehttp "GET /jobs/1/applications/ HTTP/1.1" 200 11019
INFO 2025-06-19 19:37:23,222 basehttp "GET /applications/1/REVIEWED/ HTTP/1.1" 302 0
INFO 2025-06-19 19:37:23,270 basehttp "GET /jobs/1/applications/ HTTP/1.1" 200 11341
INFO 2025-06-19 19:37:28,262 basehttp "GET /applications/1/ACCEPTED/ HTTP/1.1" 302 0
INFO 2025-06-19 19:37:28,320 basehttp "GET /jobs/1/applications/ HTTP/1.1" 200 11341
INFO 2025-06-19 19:37:31,597 basehttp "GET /applications/1/REJECTED/ HTTP/1.1" 302 0
INFO 2025-06-19 19:37:31,643 basehttp "GET /jobs/1/applications/ HTTP/1.1" 200 11340
INFO 2025-06-19 19:37:35,301 basehttp "GET /applications/1/INTERVIEW/ HTTP/1.1" 302 0
INFO 2025-06-19 19:37:35,339 basehttp "GET /jobs/1/applications/ HTTP/1.1" 200 11350
INFO 2025-06-19 19:37:40,771 autoreload C:\Users\Mirza Haseeb\Desktop\job board web app\jobs\views.py changed, reloading.
INFO 2025-06-19 19:37:42,727 autoreload Watching for file changes with StatReloader
INFO 2025-06-19 19:37:51,426 basehttp "GET /dashboard/ HTTP/1.1" 200 6667
INFO 2025-06-19 19:38:20,564 autoreload C:\Users\Mirza Haseeb\Desktop\job board web app\jobs\views.py changed, reloading.
INFO 2025-06-19 19:38:22,296 autoreload Watching for file changes with StatReloader
INFO 2025-06-19 19:38:36,606 autoreload C:\Users\Mirza Haseeb\Desktop\job board web app\jobs\views.py changed, reloading.
INFO 2025-06-19 19:38:38,239 autoreload Watching for file changes with StatReloader
INFO 2025-06-19 19:38:41,085 basehttp "GET /dashboard/ HTTP/1.1" 200 6667
INFO 2025-06-19 19:38:44,805 basehttp "GET /jobs/1/applications/ HTTP/1.1" 200 11027
INFO 2025-06-19 19:38:57,217 basehttp "GET /applications/1/REJECTED/ HTTP/1.1" 302 0
INFO 2025-06-19 19:38:57,272 basehttp "GET /jobs/1/applications/ HTTP/1.1" 200 11342
INFO 2025-06-19 19:39:06,106 basehttp "GET /applications/1/REVIEWED/ HTTP/1.1" 302 0
INFO 2025-06-19 19:39:06,150 basehttp "GET /jobs/1/applications/ HTTP/1.1" 200 11350
INFO 2025-06-19 19:39:07,671 basehttp "GET /dashboard/ HTTP/1.1" 200 6667
INFO 2025-06-19 19:39:10,088 basehttp "GET /jobs/1/applications/ HTTP/1.1" 200 11018
INFO 2025-06-19 19:39:12,999 basehttp "GET /applications/1/REVIEWED/ HTTP/1.1" 302 0
INFO 2025-06-19 19:39:13,050 basehttp "GET /jobs/1/applications/ HTTP/1.1" 200 11350
INFO 2025-06-19 19:39:19,823 basehttp "GET /applications/1/INTERVIEW/ HTTP/1.1" 302 0
INFO 2025-06-19 19:39:19,881 basehttp "GET /jobs/1/applications/ HTTP/1.1" 200 11351
INFO 2025-06-19 19:39:22,208 basehttp "GET /applications/1/ACCEPTED/ HTTP/1.1" 302 0
INFO 2025-06-19 19:39:22,249 basehttp "GET /jobs/1/applications/ HTTP/1.1" 200 11350
INFO 2025-06-19 19:40:38,523 autoreload C:\Users\Mirza Haseeb\Desktop\job board web app\jobs\views.py changed, reloading.
INFO 2025-06-19 19:40:40,824 autoreload Watching for file changes with StatReloader
INFO 2025-06-19 19:40:42,556 basehttp "GET /applications/1/INTERVIEW/ HTTP/1.1" 302 0
INFO 2025-06-19 19:40:42,779 basehttp "GET /jobs/1/applications/ HTTP/1.1" 200 11351
INFO 2025-06-19 19:40:47,494 basehttp "GET /dashboard/ HTTP/1.1" 200 6667
INFO 2025-06-19 19:42:30,748 autoreload C:\Users\Mirza Haseeb\Desktop\job board web app\jobs\views.py changed, reloading.
INFO 2025-06-19 19:42:32,317 autoreload Watching for file changes with StatReloader
ERROR 2025-06-19 19:45:06,752 log Internal Server Error: /dashboard/
Traceback (most recent call last):
  File "C:\Users\Mirza Haseeb\Desktop\job board web app\venv\Lib\site-packages\django\core\handlers\exception.py", line 55, in inner
    response = get_response(request)
  File "C:\Users\Mirza Haseeb\Desktop\job board web app\venv\Lib\site-packages\django\core\handlers\base.py", line 197, in _get_response
    response = wrapped_callback(request, *callback_args, **callback_kwargs)
  File "C:\Users\Mirza Haseeb\Desktop\job board web app\venv\Lib\site-packages\django\contrib\auth\decorators.py", line 59, in _view_wrapper
    return view_func(request, *args, **kwargs)
  File "C:\Users\Mirza Haseeb\Desktop\job board web app\jobs\views.py", line 335, in employer_dashboard
    return render(request, 'jobs/employer_dashboard.html', context)
  File "C:\Users\Mirza Haseeb\Desktop\job board web app\venv\Lib\site-packages\django\shortcuts.py", line 25, in render
    content = loader.render_to_string(template_name, context, request, using=using)
  File "C:\Users\Mirza Haseeb\Desktop\job board web app\venv\Lib\site-packages\django\template\loader.py", line 61, in render_to_string
    template = get_template(template_name, using=using)
  File "C:\Users\Mirza Haseeb\Desktop\job board web app\venv\Lib\site-packages\django\template\loader.py", line 15, in get_template
    return engine.get_template(template_name)
           ~~~~~~~~~~~~~~~~~~~^^^^^^^^^^^^^^^
  File "C:\Users\Mirza Haseeb\Desktop\job board web app\venv\Lib\site-packages\django\template\backends\django.py", line 79, in get_template
    return Template(self.engine.get_template(template_name), self)
                    ~~~~~~~~~~~~~~~~~~~~~~~~^^^^^^^^^^^^^^^
  File "C:\Users\Mirza Haseeb\Desktop\job board web app\venv\Lib\site-packages\django\template\engine.py", line 177, in get_template
    template, origin = self.find_template(template_name)
                       ~~~~~~~~~~~~~~~~~~^^^^^^^^^^^^^^^
  File "C:\Users\Mirza Haseeb\Desktop\job board web app\venv\Lib\site-packages\django\template\engine.py", line 159, in find_template
    template = loader.get_template(name, skip=skip)
  File "C:\Users\Mirza Haseeb\Desktop\job board web app\venv\Lib\site-packages\django\template\loaders\cached.py", line 57, in get_template
    template = super().get_template(template_name, skip)
  File "C:\Users\Mirza Haseeb\Desktop\job board web app\venv\Lib\site-packages\django\template\loaders\base.py", line 28, in get_template
    return Template(
        contents,
    ...<2 lines>...
        self.engine,
    )
  File "C:\Users\Mirza Haseeb\Desktop\job board web app\venv\Lib\site-packages\django\template\base.py", line 154, in __init__
    self.nodelist = self.compile_nodelist()
                    ~~~~~~~~~~~~~~~~~~~~~^^
  File "C:\Users\Mirza Haseeb\Desktop\job board web app\venv\Lib\site-packages\django\template\base.py", line 196, in compile_nodelist
    nodelist = parser.parse()
  File "C:\Users\Mirza Haseeb\Desktop\job board web app\venv\Lib\site-packages\django\template\base.py", line 519, in parse
    self.extend_nodelist(nodelist, compiled_result, token)
    ~~~~~~~~~~~~~~~~~~~~^^^^^^^^^^^^^^^^^^^^^^^^^^^^^^^^^^
  File "C:\Users\Mirza Haseeb\Desktop\job board web app\venv\Lib\site-packages\django\template\base.py", line 540, in extend_nodelist
    raise self.error(
    ...<2 lines>...
    )
django.template.exceptions.TemplateSyntaxError: {% extends 'base.html' %} must be the first tag in 'jobs/employer_dashboard.html'.
ERROR 2025-06-19 19:45:06,798 basehttp "GET /dashboard/ HTTP/1.1" 500 161420
INFO 2025-06-19 19:45:41,599 basehttp "GET /dashboard/ HTTP/1.1" 200 8308
INFO 2025-06-19 19:45:41,732 basehttp "GET /static/css/style.css HTTP/1.1" 304 0
INFO 2025-06-19 19:45:52,657 basehttp "GET / HTTP/1.1" 200 10409
INFO 2025-06-19 19:46:02,872 basehttp "GET /jobs/create/ HTTP/1.1" 200 6792
INFO 2025-06-19 19:48:01,576 basehttp "GET /admin HTTP/1.1" 301 0
INFO 2025-06-19 19:48:01,637 basehttp "GET /admin/ HTTP/1.1" 302 0
INFO 2025-06-19 19:48:01,693 basehttp "GET /admin/login/?next=/admin/ HTTP/1.1" 200 3696
INFO 2025-06-19 19:48:02,213 basehttp "GET /static/admin/css/dark_mode.css HTTP/1.1" 200 2808
INFO 2025-06-19 19:48:02,215 basehttp "GET /static/admin/css/base.css HTTP/1.1" 200 22120
INFO 2025-06-19 19:48:02,226 basehttp "GET /static/admin/css/nav_sidebar.css HTTP/1.1" 200 2810
INFO 2025-06-19 19:48:02,232 basehttp "GET /static/admin/css/login.css HTTP/1.1" 200 951
INFO 2025-06-19 19:48:02,238 basehttp "GET /static/admin/css/responsive.css HTTP/1.1" 200 16565
INFO 2025-06-19 19:48:02,284 basehttp "GET /static/admin/js/theme.js HTTP/1.1" 200 1653
INFO 2025-06-19 19:48:02,295 basehttp "GET /static/admin/js/nav_sidebar.js HTTP/1.1" 200 3063
INFO 2025-06-19 19:48:17,838 basehttp "POST /admin/login/?next=/admin/ HTTP/1.1" 302 0
INFO 2025-06-19 19:48:17,920 basehttp "GET /admin/ HTTP/1.1" 200 14320
INFO 2025-06-19 19:48:18,030 basehttp "GET /static/admin/css/dashboard.css HTTP/1.1" 200 441
INFO 2025-06-19 19:48:18,050 basehttp "GET /static/admin/img/icon-addlink.svg HTTP/1.1" 200 331
INFO 2025-06-19 19:48:18,050 basehttp "GET /static/admin/img/icon-changelink.svg HTTP/1.1" 200 380
INFO 2025-06-19 19:48:23,739 basehttp "GET /admin/accounts/company/ HTTP/1.1" 200 14997
INFO 2025-06-19 19:48:23,806 basehttp "GET /static/admin/css/changelists.css HTTP/1.1" 200 6878
INFO 2025-06-19 19:48:23,829 basehttp "GET /static/admin/js/actions.js HTTP/1.1" 200 8076
INFO 2025-06-19 19:48:23,831 basehttp "GET /static/admin/js/core.js HTTP/1.1" 200 6208
INFO 2025-06-19 19:48:23,831 basehttp "GET /static/admin/js/admin/RelatedObjectLookups.js HTTP/1.1" 200 9777
INFO 2025-06-19 19:48:23,834 basehttp "GET /static/admin/js/jquery.init.js HTTP/1.1" 200 347
INFO 2025-06-19 19:48:23,843 basehttp "GET /static/admin/js/urlify.js HTTP/1.1" 200 7887
INFO 2025-06-19 19:48:23,847 basehttp "GET /static/admin/js/prepopulate.js HTTP/1.1" 200 1531
INFO 2025-06-19 19:48:23,850 basehttp "GET /static/admin/js/vendor/jquery/jquery.js HTTP/1.1" 200 285314
INFO 2025-06-19 19:48:23,852 basehttp "GET /admin/jsi18n/ HTTP/1.1" 200 3342
INFO 2025-06-19 19:48:23,853 basehttp "GET /static/admin/js/vendor/xregexp/xregexp.js HTTP/1.1" 200 325171
INFO 2025-06-19 19:48:23,866 basehttp "GET /static/admin/js/filters.js HTTP/1.1" 200 978
INFO 2025-06-19 19:48:23,928 basehttp "GET /static/admin/img/tooltag-add.svg HTTP/1.1" 200 331
INFO 2025-06-19 19:48:29,648 basehttp "GET /admin/applicants/application/ HTTP/1.1" 200 16457
INFO 2025-06-19 19:48:29,790 basehttp "GET /admin/jsi18n/ HTTP/1.1" 200 3342
INFO 2025-06-19 19:48:29,886 basehttp "GET /static/admin/img/icon-viewlink.svg HTTP/1.1" 200 581
INFO 2025-06-19 19:48:29,887 basehttp "GET /static/admin/img/sorting-icons.svg HTTP/1.1" 200 1097
INFO 2025-06-19 19:48:33,965 basehttp "GET /admin/jobs/jobcategory/ HTTP/1.1" 200 12373
INFO 2025-06-19 19:48:34,109 basehttp "GET /admin/jsi18n/ HTTP/1.1" 200 3342
INFO 2025-06-19 19:48:36,381 basehttp "GET /admin/jobs/jobcategory/add/ HTTP/1.1" 200 12501
INFO 2025-06-19 19:48:36,460 basehttp "GET /static/admin/css/forms.css HTTP/1.1" 200 8525
INFO 2025-06-19 19:48:36,493 basehttp "GET /static/admin/css/widgets.css HTTP/1.1" 200 11991
INFO 2025-06-19 19:48:36,493 basehttp "GET /static/admin/js/prepopulate_init.js HTTP/1.1" 200 586
INFO 2025-06-19 19:48:36,509 basehttp "GET /admin/jsi18n/ HTTP/1.1" 200 3342
INFO 2025-06-19 19:48:36,519 basehttp "GET /static/admin/js/change_form.js HTTP/1.1" 200 606
INFO 2025-06-19 19:49:28,317 basehttp "POST /admin/jobs/jobcategory/add/ HTTP/1.1" 302 0
INFO 2025-06-19 19:49:28,362 basehttp "GET /admin/jobs/jobcategory/add/ HTTP/1.1" 200 12763
INFO 2025-06-19 19:49:28,463 basehttp "GET /admin/jsi18n/ HTTP/1.1" 200 3342
INFO 2025-06-19 19:49:28,516 basehttp "GET /static/admin/img/icon-yes.svg HTTP/1.1" 200 436
INFO 2025-06-19 19:49:45,111 basehttp "POST /admin/jobs/jobcategory/add/ HTTP/1.1" 302 0
INFO 2025-06-19 19:49:45,186 basehttp "GET /admin/jobs/jobcategory/add/ HTTP/1.1" 200 12766
INFO 2025-06-19 19:49:45,383 basehttp "GET /admin/jsi18n/ HTTP/1.1" 200 3342
INFO 2025-06-19 19:49:59,396 basehttp "POST /admin/jobs/jobcategory/add/ HTTP/1.1" 302 0
INFO 2025-06-19 19:49:59,440 basehttp "GET /admin/jobs/jobcategory/add/ HTTP/1.1" 200 12766
INFO 2025-06-19 19:49:59,538 basehttp "GET /admin/jsi18n/ HTTP/1.1" 200 3342
INFO 2025-06-19 19:50:14,845 basehttp "POST /admin/jobs/jobcategory/add/ HTTP/1.1" 302 0
INFO 2025-06-19 19:50:14,900 basehttp "GET /admin/jobs/jobcategory/add/ HTTP/1.1" 200 12766
INFO 2025-06-19 19:50:15,044 basehttp "GET /admin/jsi18n/ HTTP/1.1" 200 3342
INFO 2025-06-19 19:50:30,168 basehttp "POST /admin/jobs/jobcategory/add/ HTTP/1.1" 302 0
INFO 2025-06-19 19:50:30,218 basehttp "GET /admin/jobs/jobcategory/add/ HTTP/1.1" 200 12776
INFO 2025-06-19 19:50:30,330 basehttp "GET /admin/jsi18n/ HTTP/1.1" 200 3342
INFO 2025-06-19 19:50:44,457 basehttp "POST /admin/jobs/jobcategory/add/ HTTP/1.1" 302 0
INFO 2025-06-19 19:50:44,500 basehttp "GET /admin/jobs/jobcategory/add/ HTTP/1.1" 200 12773
INFO 2025-06-19 19:50:44,615 basehttp "GET /admin/jsi18n/ HTTP/1.1" 200 3342
INFO 2025-06-19 19:50:58,034 basehttp "POST /admin/jobs/jobcategory/add/ HTTP/1.1" 302 0
INFO 2025-06-19 19:50:58,095 basehttp "GET /admin/jobs/jobcategory/add/ HTTP/1.1" 200 12780
INFO 2025-06-19 19:50:58,217 basehttp "GET /admin/jsi18n/ HTTP/1.1" 200 3342
INFO 2025-06-19 19:51:11,217 basehttp "POST /admin/jobs/jobcategory/add/ HTTP/1.1" 302 0
INFO 2025-06-19 19:51:11,261 basehttp "GET /admin/jobs/jobcategory/add/ HTTP/1.1" 200 12763
INFO 2025-06-19 19:51:11,389 basehttp "GET /admin/jsi18n/ HTTP/1.1" 200 3342
INFO 2025-06-19 19:51:23,596 basehttp "POST /admin/jobs/jobcategory/add/ HTTP/1.1" 302 0
INFO 2025-06-19 19:51:23,653 basehttp "GET /admin/jobs/jobcategory/ HTTP/1.1" 200 15367
INFO 2025-06-19 19:51:23,770 basehttp "GET /admin/jsi18n/ HTTP/1.1" 200 3342
INFO 2025-06-19 19:51:27,923 basehttp "GET /admin/jobs/job/ HTTP/1.1" 200 14827
INFO 2025-06-19 19:51:28,028 basehttp "GET /admin/jsi18n/ HTTP/1.1" 200 3342
INFO 2025-06-19 19:51:36,259 basehttp "GET /admin/auth/group/ HTTP/1.1" 200 11397
INFO 2025-06-19 19:51:36,407 basehttp "GET /static/admin/img/search.svg HTTP/1.1" 200 458
INFO 2025-06-19 19:51:36,409 basehttp "GET /admin/jsi18n/ HTTP/1.1" 200 3342
INFO 2025-06-19 19:51:45,757 basehttp "GET /admin/applicants/application/ HTTP/1.1" 200 16457
INFO 2025-06-19 19:51:45,893 basehttp "GET /admin/jsi18n/ HTTP/1.1" 200 3342
INFO 2025-06-19 19:51:53,935 basehttp "GET /admin/accounts/company/ HTTP/1.1" 200 14997
INFO 2025-06-19 19:51:54,099 basehttp "GET /admin/jsi18n/ HTTP/1.1" 200 3342
INFO 2025-06-19 19:52:06,086 basehttp "GET / HTTP/1.1" 200 12629
INFO 2025-06-19 19:52:06,195 basehttp "GET /media/company_logos/download_1.jpeg HTTP/1.1" 304 0
INFO 2025-06-19 19:53:22,602 basehttp "GET /jobs/ HTTP/1.1" 200 11493
INFO 2025-06-19 19:53:22,718 basehttp "GET /static/css/style.css HTTP/1.1" 304 0
INFO 2025-06-19 19:53:32,285 basehttp "GET /jobs/?q=&location=&type=FULL_TIME&category= HTTP/1.1" 200 10153
INFO 2025-06-19 19:53:38,035 basehttp "GET /jobs/?q=&location=&type=FULL_TIME&category=8 HTTP/1.1" 200 7506
INFO 2025-06-19 19:53:57,602 basehttp "GET /jobs/?q=Graphic&location=&type=&category= HTTP/1.1" 200 8774
INFO 2025-06-19 19:57:13,563 basehttp "GET / HTTP/1.1" 200 12629
INFO 2025-06-19 20:00:17,358 basehttp "GET /applicants/my-applications/ HTTP/1.1" 200 3849
INFO 2025-06-19 20:00:20,595 basehttp "GET /accounts/logout/ HTTP/1.1" 302 0
INFO 2025-06-19 20:00:20,613 basehttp "GET / HTTP/1.1" 200 12497
INFO 2025-06-19 20:00:20,788 basehttp "GET /media/company_logos/download.png HTTP/1.1" 304 0
INFO 2025-06-19 20:03:45,341 basehttp "GET / HTTP/1.1" 200 17175
INFO 2025-06-19 20:03:45,395 basehttp "GET /static/css/style.css HTTP/1.1" 200 9444
WARNING 2025-06-19 20:03:45,395 basehttp "GET /static/images/hero-illustration.svg HTTP/1.1" 404 2011
INFO 2025-06-19 20:03:45,397 basehttp "GET /static/js/main.js HTTP/1.1" 200 1708
INFO 2025-06-19 20:03:45,397 basehttp "GET /media/company_logos/icon.png HTTP/1.1" 304 0
WARNING 2025-06-19 20:03:46,969 basehttp "GET /static/css/%7B%%20static%20%22images/hero-pattern.svg%22%20%%7D HTTP/1.1" 404 2091
WARNING 2025-06-19 20:03:47,000 basehttp "GET /static/images/favicon.ico HTTP/1.1" 404 1981
INFO 2025-06-19 20:04:54,711 basehttp "GET / HTTP/1.1" 200 17168
INFO 2025-06-19 20:04:54,756 basehttp "GET /static/css/style.css HTTP/1.1" 304 0
WARNING 2025-06-19 20:04:54,773 basehttp "GET /static/css/%7B%%20static%20%22images/hero-pattern.svg%22%20%%7D HTTP/1.1" 404 2091
INFO 2025-06-19 20:05:05,341 basehttp "GET /accounts/register/ HTTP/1.1" 200 14476
INFO 2025-06-19 20:05:05,388 basehttp "GET /static/css/style.css HTTP/1.1" 304 0
INFO 2025-06-19 20:05:11,803 basehttp "GET / HTTP/1.1" 200 17168
INFO 2025-06-19 20:19:05,088 basehttp "GET / HTTP/1.1" 200 17168
INFO 2025-06-19 20:19:05,139 basehttp "GET /static/css/style.css HTTP/1.1" 304 0
INFO 2025-06-19 20:19:05,142 basehttp "GET /media/company_logos/download_1.jpeg HTTP/1.1" 304 0
INFO 2025-06-19 20:19:05,142 basehttp "GET /static/images/hero-image.jpg HTTP/1.1" 304 0
WARNING 2025-06-19 20:19:05,151 basehttp "GET /static/css/%7B%%20static%20%22images/hero-pattern.svg%22%20%%7D HTTP/1.1" 404 2091
INFO 2025-06-19 20:21:58,920 basehttp "GET / HTTP/1.1" 200 19265
INFO 2025-06-19 20:21:58,967 basehttp "GET /static/css/style.css HTTP/1.1" 200 12533
WARNING 2025-06-19 20:21:59,401 basehttp "GET /static/css/%7B%%20static%20%22images/hero-pattern.svg%22%20%%7D HTTP/1.1" 404 2091
INFO 2025-06-19 20:22:14,202 basehttp "GET /jobs/?category=1 HTTP/1.1" 200 14347
INFO 2025-06-19 20:22:14,254 basehttp "GET /static/css/style.css HTTP/1.1" 304 0
INFO 2025-06-19 20:22:15,972 basehttp "GET /jobs/ HTTP/1.1" 200 15692
INFO 2025-06-19 20:22:18,118 basehttp "GET /jobs/?category=1 HTTP/1.1" 200 14347
INFO 2025-06-19 20:22:20,454 basehttp "GET /jobs/ HTTP/1.1" 200 15692
INFO 2025-06-19 20:22:20,503 basehttp "GET /static/css/style.css HTTP/1.1" 304 0
INFO 2025-06-19 20:22:22,579 basehttp "GET /jobs/?category=1 HTTP/1.1" 200 14347
INFO 2025-06-19 20:22:24,588 basehttp "GET /jobs/ HTTP/1.1" 200 15692
INFO 2025-06-19 20:22:27,362 basehttp "GET /jobs/?category=1 HTTP/1.1" 200 14347
INFO 2025-06-19 20:22:27,414 basehttp "GET /static/css/style.css HTTP/1.1" 304 0
INFO 2025-06-19 20:22:29,295 basehttp "GET /jobs/ HTTP/1.1" 200 15692
INFO 2025-06-19 20:22:50,904 basehttp "GET /jobs/ HTTP/1.1" 200 15692
INFO 2025-06-19 20:22:50,938 basehttp "GET /static/css/style.css HTTP/1.1" 304 0
INFO 2025-06-19 20:22:56,199 basehttp "GET /jobs/ HTTP/1.1" 200 15692
INFO 2025-06-19 20:23:01,497 basehttp "GET /static/css/style.css HTTP/1.1" 304 0
WARNING 2025-06-19 20:23:01,518 log Not Found: /.well-known/appspecific/com.chrome.devtools.json
WARNING 2025-06-19 20:23:01,519 basehttp "GET /.well-known/appspecific/com.chrome.devtools.json HTTP/1.1" 404 5673
INFO 2025-06-19 20:23:39,034 basehttp "GET /jobs/ HTTP/1.1" 200 15510
WARNING 2025-06-19 20:23:39,059 log Not Found: /.well-known/appspecific/com.chrome.devtools.json
WARNING 2025-06-19 20:23:39,059 basehttp "GET /.well-known/appspecific/com.chrome.devtools.json HTTP/1.1" 404 5673
INFO 2025-06-19 20:23:39,094 basehttp "GET /static/css/style.css HTTP/1.1" 304 0
INFO 2025-06-19 20:23:49,708 basehttp "GET / HTTP/1.1" 200 19083
INFO 2025-06-19 20:28:15,651 basehttp "GET / HTTP/1.1" 200 19095
INFO 2025-06-19 20:28:15,695 basehttp "GET /static/css/style.css HTTP/1.1" 304 0
INFO 2025-06-19 20:28:15,706 basehttp "GET /media/company_logos/download.png HTTP/1.1" 304 0
INFO 2025-06-19 20:28:15,725 basehttp "GET /static/js/main.js HTTP/1.1" 200 5275
WARNING 2025-06-19 20:28:15,733 basehttp "GET /static/css/%7B%%20static%20%22images/hero-pattern.svg%22%20%%7D HTTP/1.1" 404 2091
INFO 2025-06-19 20:28:28,598 basehttp "GET / HTTP/1.1" 200 19083
INFO 2025-06-19 20:28:43,110 basehttp "GET /accounts/register/ HTTP/1.1" 200 16391
INFO 2025-06-19 20:28:47,639 basehttp "GET /accounts/login/ HTTP/1.1" 200 9060
INFO 2025-06-19 20:29:00,116 basehttp "POST /accounts/login/ HTTP/1.1" 302 0
INFO 2025-06-19 20:29:00,142 basehttp "GET / HTTP/1.1" 200 20095
INFO 2025-06-19 20:29:00,196 basehttp "GET /static/js/main.js HTTP/1.1" 304 0
INFO 2025-06-19 20:29:00,196 basehttp "GET /static/css/style.css HTTP/1.1" 304 0
INFO 2025-06-19 20:29:13,705 basehttp "GET /jobs/ HTTP/1.1" 200 16228
INFO 2025-06-19 20:29:20,544 basehttp "GET /jobs/?category=1 HTTP/1.1" 200 14883
INFO 2025-06-19 20:29:21,938 basehttp "GET /jobs/ HTTP/1.1" 200 16228
INFO 2025-06-19 20:29:22,975 basehttp "GET / HTTP/1.1" 200 19701
INFO 2025-06-19 20:29:27,575 basehttp "GET /accounts/profile/ HTTP/1.1" 200 10856
INFO 2025-06-19 20:29:32,463 basehttp "GET /applicants/my-applications/ HTTP/1.1" 200 11402
INFO 2025-06-19 20:29:47,093 basehttp "GET /jobs/2/ HTTP/1.1" 200 11888
INFO 2025-06-19 20:29:47,131 basehttp "GET /static/css/style.css HTTP/1.1" 304 0
INFO 2025-06-19 20:29:47,143 basehttp "GET /static/js/main.js HTTP/1.1" 304 0
INFO 2025-06-19 20:29:50,027 basehttp "GET / HTTP/1.1" 200 19701
INFO 2025-06-19 20:29:54,622 basehttp "GET /accounts/logout/ HTTP/1.1" 302 0
INFO 2025-06-19 20:29:54,642 basehttp "GET / HTTP/1.1" 200 19485
INFO 2025-06-19 20:29:56,664 basehttp "GET /accounts/login/ HTTP/1.1" 200 9060
INFO 2025-06-19 20:30:06,811 basehttp "POST /accounts/login/ HTTP/1.1" 302 0
INFO 2025-06-19 20:30:06,848 basehttp "GET / HTTP/1.1" 200 20192
INFO 2025-06-19 20:30:10,124 basehttp "GET /dashboard/ HTTP/1.1" 200 13007
INFO 2025-06-19 20:30:12,288 basehttp "GET /jobs/3/applications/ HTTP/1.1" 200 15724
INFO 2025-06-19 20:30:19,038 basehttp "GET /applications/3/REJECTED/ HTTP/1.1" 302 0
INFO 2025-06-19 20:30:19,061 basehttp "GET /jobs/3/applications/ HTTP/1.1" 200 16140
INFO 2025-06-19 20:30:24,940 basehttp "GET /dashboard/ HTTP/1.1" 200 13007
INFO 2025-06-19 20:30:33,130 basehttp "GET /accounts/profile/ HTTP/1.1" 200 10662
INFO 2025-06-19 20:30:42,403 basehttp "GET /jobs/ HTTP/1.1" 200 16381
INFO 2025-06-19 20:30:42,447 basehttp "GET /static/css/style.css HTTP/1.1" 304 0
INFO 2025-06-19 20:30:42,458 basehttp "GET /static/js/main.js HTTP/1.1" 304 0
INFO 2025-06-19 20:30:42,466 basehttp "GET /media/company_logos/icon.png HTTP/1.1" 304 0
INFO 2025-06-19 20:30:44,749 basehttp "GET / HTTP/1.1" 200 19798
INFO 2025-06-19 20:30:47,317 basehttp "GET /jobs/ HTTP/1.1" 200 16381
INFO 2025-06-19 20:30:50,204 basehttp "GET /jobs/3/ HTTP/1.1" 200 11744
INFO 2025-06-19 20:30:54,547 basehttp "GET /jobs/3/update/ HTTP/1.1" 200 12146
INFO 2025-06-19 20:31:06,996 basehttp "POST /jobs/3/update/ HTTP/1.1" 302 0
INFO 2025-06-19 20:31:07,017 basehttp "GET /dashboard/ HTTP/1.1" 200 13409
INFO 2025-06-19 20:31:11,407 basehttp "GET /jobs/3/applications/ HTTP/1.1" 200 15724
INFO 2025-06-19 20:31:16,317 basehttp "GET / HTTP/1.1" 200 19798
INFO 2025-06-19 20:40:25,531 basehttp "GET /accounts/profile/ HTTP/1.1" 200 10662
INFO 2025-06-19 20:40:25,578 basehttp "GET /static/css/style.css HTTP/1.1" 304 0
INFO 2025-06-19 20:40:25,579 basehttp "GET /static/js/main.js HTTP/1.1" 304 0
INFO 2025-06-19 20:40:32,507 basehttp "GET / HTTP/1.1" 200 19798
WARNING 2025-06-19 20:40:32,572 basehttp "GET /static/css/%7B%%20static%20%22images/hero-pattern.svg%22%20%%7D HTTP/1.1" 404 2091
INFO 2025-06-19 20:40:32,578 basehttp "GET /media/company_logos/download_1.jpeg HTTP/1.1" 304 0
INFO 2025-06-19 20:40:35,953 basehttp "GET /jobs/create/ HTTP/1.1" 200 11986
INFO 2025-06-19 20:41:32,451 basehttp "POST /jobs/create/ HTTP/1.1" 302 0
INFO 2025-06-19 20:41:32,474 basehttp "GET /dashboard/ HTTP/1.1" 200 15601
INFO 2025-06-19 20:41:41,703 basehttp "GET /jobs/3/ HTTP/1.1" 200 11744
INFO 2025-06-19 20:41:44,759 basehttp "GET /jobs/3/update/ HTTP/1.1" 200 12146
INFO 2025-06-19 20:41:50,265 basehttp "POST /jobs/3/update/ HTTP/1.1" 302 0
INFO 2025-06-19 20:41:50,289 basehttp "GET /dashboard/ HTTP/1.1" 200 15602
INFO 2025-06-19 20:41:56,305 basehttp "GET /jobs/3/applications/ HTTP/1.1" 200 15724
INFO 2025-06-19 20:42:01,181 basehttp "GET / HTTP/1.1" 200 21419
INFO 2025-06-19 20:42:09,240 basehttp "GET /dashboard/ HTTP/1.1" 200 15200
INFO 2025-06-19 20:42:14,155 basehttp "GET /jobs/3/ HTTP/1.1" 200 11744
INFO 2025-06-19 20:42:15,235 basehttp "GET /jobs/3/update/ HTTP/1.1" 200 12146
INFO 2025-06-19 20:42:20,301 basehttp "POST /jobs/3/update/ HTTP/1.1" 302 0
INFO 2025-06-19 20:42:20,322 basehttp "GET /dashboard/ HTTP/1.1" 200 15602
INFO 2025-06-19 20:42:20,380 basehttp "GET /static/css/style.css HTTP/1.1" 304 0
INFO 2025-06-19 20:42:20,380 basehttp "GET /static/js/main.js HTTP/1.1" 304 0
INFO 2025-06-19 20:42:25,276 basehttp "GET / HTTP/1.1" 200 21419
INFO 2025-06-19 20:42:32,588 basehttp "GET /jobs/?category=2 HTTP/1.1" 200 13651
INFO 2025-06-19 20:42:34,230 basehttp "GET / HTTP/1.1" 200 21419
INFO 2025-06-19 20:42:48,004 basehttp "GET /jobs/ HTTP/1.1" 200 17716
INFO 2025-06-19 20:42:58,695 basehttp "GET /accounts/logout/ HTTP/1.1" 302 0
INFO 2025-06-19 20:42:58,717 basehttp "GET / HTTP/1.1" 200 21106
INFO 2025-06-19 20:43:01,196 basehttp "GET /accounts/login/ HTTP/1.1" 200 9060
INFO 2025-06-19 20:43:19,760 basehttp "POST /accounts/login/ HTTP/1.1" 200 9253
INFO 2025-06-19 20:43:27,375 basehttp "GET /admin/ HTTP/1.1" 302 0
INFO 2025-06-19 20:43:27,420 basehttp "GET /admin/login/?next=/admin/ HTTP/1.1" 200 3541
INFO 2025-06-19 20:43:38,369 basehttp "POST /admin/login/?next=/admin/ HTTP/1.1" 302 0
INFO 2025-06-19 20:43:38,406 basehttp "GET /admin/ HTTP/1.1" 200 14487
INFO 2025-06-19 20:43:47,091 basehttp "GET /admin/accounts/customuser/ HTTP/1.1" 200 19571
INFO 2025-06-19 20:43:47,160 basehttp "GET /static/admin/img/icon-no.svg HTTP/1.1" 200 560
INFO 2025-06-19 20:43:47,163 basehttp "GET /admin/jsi18n/ HTTP/1.1" 200 3342
INFO 2025-06-19 20:44:01,572 basehttp "GET /admin/jobs/job/ HTTP/1.1" 200 15243
INFO 2025-06-19 20:44:01,626 basehttp "GET /admin/jsi18n/ HTTP/1.1" 200 3342
INFO 2025-06-19 20:44:05,478 basehttp "GET /admin/jobs/job/2/change/ HTTP/1.1" 200 20847
INFO 2025-06-19 20:44:05,536 basehttp "GET /admin/jsi18n/ HTTP/1.1" 200 3342
INFO 2025-06-19 20:44:05,550 basehttp "GET /static/admin/js/admin/DateTimeShortcuts.js HTTP/1.1" 200 19319
INFO 2025-06-19 20:44:05,550 basehttp "GET /static/admin/js/calendar.js HTTP/1.1" 200 9141
INFO 2025-06-19 20:44:05,556 basehttp "GET /static/admin/img/icon-deletelink.svg HTTP/1.1" 200 392
INFO 2025-06-19 20:44:05,624 basehttp "GET /static/admin/img/icon-calendar.svg HTTP/1.1" 200 1086
INFO 2025-06-19 20:44:09,639 basehttp "GET /admin/accounts/company/ HTTP/1.1" 200 14997
INFO 2025-06-19 20:44:09,684 basehttp "GET /admin/jsi18n/ HTTP/1.1" 200 3342
INFO 2025-06-19 20:44:13,165 basehttp "GET /admin/accounts/company/3/change/ HTTP/1.1" 200 16599
INFO 2025-06-19 20:44:13,214 basehttp "GET /admin/jsi18n/ HTTP/1.1" 200 3342
INFO 2025-06-19 20:44:22,692 basehttp "GET / HTTP/1.1" 200 21328
INFO 2025-06-19 20:44:25,337 basehttp "GET /accounts/logout/ HTTP/1.1" 302 0
INFO 2025-06-19 20:44:25,356 basehttp "GET / HTTP/1.1" 200 21106
INFO 2025-06-19 20:44:25,412 basehttp "GET /static/css/style.css HTTP/1.1" 304 0
INFO 2025-06-19 20:44:25,418 basehttp "GET /static/js/main.js HTTP/1.1" 304 0
INFO 2025-06-19 20:44:26,659 basehttp "GET /accounts/login/ HTTP/1.1" 200 9060
INFO 2025-06-19 20:44:35,566 basehttp "POST /accounts/login/ HTTP/1.1" 302 0
INFO 2025-06-19 20:44:35,591 basehttp "GET / HTTP/1.1" 200 21715
INFO 2025-06-19 20:44:43,932 basehttp "GET /applicants/my-applications/ HTTP/1.1" 200 8584
INFO 2025-06-19 20:44:47,282 basehttp "GET /accounts/profile/ HTTP/1.1" 200 8700
INFO 2025-06-19 20:44:50,447 basehttp "GET / HTTP/1.1" 200 21321
INFO 2025-06-19 20:44:53,319 basehttp "GET /jobs/3/ HTTP/1.1" 200 11701
INFO 2025-06-19 20:44:54,888 basehttp "GET /applicants/jobs/3/apply/ HTTP/1.1" 302 0
INFO 2025-06-19 20:44:54,912 basehttp "GET /accounts/profile/ HTTP/1.1" 200 9110
INFO 2025-06-19 20:44:57,077 basehttp "GET / HTTP/1.1" 200 21321
INFO 2025-06-19 20:45:02,676 basehttp "GET /accounts/logout/ HTTP/1.1" 302 0
INFO 2025-06-19 20:45:02,695 basehttp "GET / HTTP/1.1" 200 21106
INFO 2025-06-19 20:46:14,177 basehttp "GET / HTTP/1.1" 200 20704
INFO 2025-06-19 20:49:35,685 basehttp "GET / HTTP/1.1" 200 20705
INFO 2025-06-19 20:49:35,728 basehttp "GET /static/css/style.css HTTP/1.1" 304 0
INFO 2025-06-19 20:49:35,730 basehttp "GET /static/js/main.js HTTP/1.1" 304 0
INFO 2025-06-19 20:49:35,731 basehttp "GET /static/images/hero-image.webp HTTP/1.1" 200 45148
INFO 2025-06-19 20:50:56,648 basehttp "GET / HTTP/1.1" 200 20733
INFO 2025-06-19 20:50:56,703 basehttp "GET /static/images/hero-image.webp HTTP/1.1" 304 0
INFO 2025-06-19 20:51:05,745 basehttp "GET / HTTP/1.1" 200 20733
INFO 2025-06-19 20:51:17,618 basehttp "GET / HTTP/1.1" 200 20733
INFO 2025-06-19 20:51:35,774 basehttp "GET / HTTP/1.1" 200 20735
INFO 2025-06-19 20:51:35,814 basehttp "GET /static/images/hero-image.webp HTTP/1.1" 304 0
INFO 2025-06-19 20:51:42,795 basehttp "GET / HTTP/1.1" 200 20736
INFO 2025-06-19 20:51:52,234 basehttp "GET / HTTP/1.1" 200 20736
INFO 2025-06-19 20:52:53,957 basehttp "GET / HTTP/1.1" 200 20736
INFO 2025-06-19 20:52:53,999 basehttp "GET /static/css/style.css HTTP/1.1" 304 0
INFO 2025-06-19 20:52:54,012 basehttp "GET /static/images/hero-image.webp HTTP/1.1" 304 0
INFO 2025-06-19 20:52:54,012 basehttp "GET /static/js/main.js HTTP/1.1" 304 0
INFO 2025-06-19 20:52:55,261 basehttp "GET /accounts/login/ HTTP/1.1" 200 9784
WARNING 2025-06-19 20:52:55,311 basehttp "GET /static/images/login-illustration.svg HTTP/1.1" 404 2014
INFO 2025-06-19 20:57:08,063 basehttp "GET /accounts/login/ HTTP/1.1" 200 9784
INFO 2025-06-19 20:57:08,112 basehttp "GET /static/css/style.css HTTP/1.1" 304 0
WARNING 2025-06-19 20:57:08,120 basehttp "GET /static/images/login-illustration.svg HTTP/1.1" 404 2014
INFO 2025-06-19 20:57:08,121 basehttp "GET /static/js/main.js HTTP/1.1" 304 0
INFO 2025-06-19 20:57:09,978 basehttp "GET /accounts/register/ HTTP/1.1" 200 17356
WARNING 2025-06-19 20:57:10,036 basehttp "GET /static/images/register-illustration.svg HTTP/1.1" 404 2023
INFO 2025-06-19 20:57:48,238 basehttp "GET / HTTP/1.1" 200 20736
INFO 2025-06-19 20:57:48,299 basehttp "GET /media/company_logos/download.png HTTP/1.1" 304 0
INFO 2025-06-19 20:57:48,300 basehttp "GET /static/images/hero-image.webp HTTP/1.1" 304 0
WARNING 2025-06-19 20:57:48,309 basehttp "GET /static/css/%7B%%20static%20%22images/hero-pattern.svg%22%20%%7D HTTP/1.1" 404 2091
INFO 2025-06-19 20:58:28,620 basehttp "GET / HTTP/1.1" 200 20736
INFO 2025-06-19 20:58:30,137 basehttp "GET /jobs/ HTTP/1.1" 200 17305
INFO 2025-06-19 20:58:37,177 basehttp "GET /jobs/ HTTP/1.1" 200 17305
INFO 2025-06-19 20:59:53,000 basehttp "GET /jobs/ HTTP/1.1" 200 17305
INFO 2025-06-19 20:59:53,039 basehttp "GET /media/company_logos/download_1.jpeg HTTP/1.1" 304 0
INFO 2025-06-19 20:59:53,753 basehttp "GET / HTTP/1.1" 200 24021
INFO 2025-06-19 20:59:53,810 basehttp "GET /static/images/hero-image.webp HTTP/1.1" 304 0
INFO 2025-06-19 21:01:56,416 basehttp "GET / HTTP/1.1" 200 24100
INFO 2025-06-19 21:01:56,462 basehttp "GET /static/css/style.css HTTP/1.1" 304 0
INFO 2025-06-19 21:01:56,462 basehttp "GET /static/images/hero-image.webp HTTP/1.1" 304 0
INFO 2025-06-19 21:01:56,462 basehttp "GET /static/js/main.js HTTP/1.1" 304 0
INFO 2025-06-19 21:01:56,463 basehttp "GET /media/company_logos/icon.png HTTP/1.1" 304 0
INFO 2025-06-19 21:02:36,848 basehttp "GET /accounts/register/ HTTP/1.1" 200 17356
WARNING 2025-06-19 21:02:36,898 basehttp "GET /static/images/register-illustration.svg HTTP/1.1" 404 2023
INFO 2025-06-19 21:02:40,775 basehttp "GET / HTTP/1.1" 200 24100
INFO 2025-06-19 21:03:38,967 basehttp "GET / HTTP/1.1" 200 24100
INFO 2025-06-19 21:03:39,021 basehttp "GET /static/images/hero-image.webp HTTP/1.1" 304 0
INFO 2025-06-19 21:03:40,031 basehttp "GET /accounts/login/ HTTP/1.1" 200 9784
INFO 2025-06-19 21:03:40,094 basehttp "GET /static/images/login-illustration.png HTTP/1.1" 200 1072733
INFO 2025-06-19 21:05:02,216 basehttp "GET / HTTP/1.1" 200 24100
WARNING 2025-06-19 21:05:02,296 basehttp "GET /static/css/%7B%%20static%20%22images/hero-pattern.svg%22%20%%7D HTTP/1.1" 404 2091
INFO 2025-06-19 21:05:03,389 basehttp "GET / HTTP/1.1" 200 24100
INFO 2025-06-19 21:05:04,677 basehttp "GET /accounts/register/ HTTP/1.1" 200 17356
WARNING 2025-06-19 21:05:04,730 basehttp "GET /static/images/register-illustration.svg HTTP/1.1" 404 2023
INFO 2025-06-19 21:05:11,430 basehttp "GET /accounts/login/ HTTP/1.1" 200 9784
INFO 2025-06-19 21:05:11,496 basehttp "GET /static/images/login-illustration.png HTTP/1.1" 304 0
INFO 2025-06-19 21:05:21,075 basehttp "POST /accounts/login/ HTTP/1.1" 302 0
INFO 2025-06-19 21:05:21,110 basehttp "GET / HTTP/1.1" 200 25080
INFO 2025-06-19 21:05:21,177 basehttp "GET /static/images/hero-image.webp HTTP/1.1" 304 0
INFO 2025-06-19 21:05:38,398 basehttp "GET /jobs/ HTTP/1.1" 200 18023
INFO 2025-06-19 21:06:08,714 basehttp "GET / HTTP/1.1" 200 24686
INFO 2025-06-19 21:06:08,768 basehttp "GET /static/js/main.js HTTP/1.1" 304 0
INFO 2025-06-19 21:06:08,769 basehttp "GET /static/css/style.css HTTP/1.1" 200 12539
WARNING 2025-06-19 21:06:08,780 basehttp "GET /static/css/%7B%%20static%20%22images/hero-pattern.svg%22%20%%7D HTTP/1.1" 404 2091
INFO 2025-06-19 21:06:20,760 basehttp "GET /jobs/3/ HTTP/1.1" 200 11701
INFO 2025-06-19 21:06:20,812 basehttp "GET /static/css/style.css HTTP/1.1" 304 0
INFO 2025-06-19 21:06:23,281 basehttp "GET / HTTP/1.1" 200 24686
INFO 2025-06-19 21:06:26,018 basehttp "GET /accounts/logout/ HTTP/1.1" 302 0
INFO 2025-06-19 21:06:26,039 basehttp "GET / HTTP/1.1" 200 24502
INFO 2025-06-19 21:08:26,313 basehttp "GET / HTTP/1.1" 200 24102
INFO 2025-06-19 21:08:26,342 basehttp "GET /static/css/style.css HTTP/1.1" 304 0
INFO 2025-06-19 21:08:26,353 basehttp "GET /static/images/hero-image.webp HTTP/1.1" 304 0
INFO 2025-06-19 21:08:48,512 basehttp "GET /accounts/login/ HTTP/1.1" 200 9784
INFO 2025-06-19 21:08:48,561 basehttp "GET /static/css/style.css HTTP/1.1" 304 0
INFO 2025-06-19 21:08:48,562 basehttp "GET /static/images/login-illustration.png HTTP/1.1" 304 0
INFO 2025-06-19 21:08:51,275 basehttp "GET /accounts/register/ HTTP/1.1" 200 17356
WARNING 2025-06-19 21:08:51,335 basehttp "GET /static/images/register-illustration.svg HTTP/1.1" 404 2023
INFO 2025-06-19 21:09:49,320 basehttp "GET /accounts/register/ HTTP/1.1" 200 17356
INFO 2025-06-19 21:09:49,357 basehttp "GET /static/css/style.css HTTP/1.1" 304 0
INFO 2025-06-19 21:09:49,380 basehttp "GET /static/images/register-illustration.png HTTP/1.1" 200 661962
INFO 2025-06-19 21:09:56,286 basehttp "GET /accounts/login/ HTTP/1.1" 200 9784
INFO 2025-06-19 21:09:56,342 basehttp "GET /static/images/login-illustration.png HTTP/1.1" 304 0
INFO 2025-06-19 21:09:58,298 basehttp "GET / HTTP/1.1" 200 24102
INFO 2025-06-19 21:10:16,248 basehttp "GET /accounts/login/ HTTP/1.1" 200 9784
INFO 2025-06-19 21:10:18,880 basehttp "GET /accounts/register/ HTTP/1.1" 200 17356
INFO 2025-06-19 21:10:18,933 basehttp "GET /static/images/register-illustration.png HTTP/1.1" 304 0
INFO 2025-06-19 21:10:18,933 basehttp "GET /static/css/style.css HTTP/1.1" 304 0
INFO 2025-06-19 21:10:30,445 basehttp "GET / HTTP/1.1" 200 24102
INFO 2025-06-19 21:34:11,136 autoreload C:\Users\Mirza Haseeb\Desktop\job board web app\accounts\admin.py changed, reloading.
INFO 2025-06-19 21:34:15,383 autoreload Watching for file changes with StatReloader
INFO 2025-06-19 21:34:38,737 autoreload C:\Users\Mirza Haseeb\Desktop\job board web app\applicants\apps.py changed, reloading.
INFO 2025-06-19 21:34:40,261 autoreload Watching for file changes with StatReloader
INFO 2025-06-19 21:35:08,292 autoreload C:\Users\Mirza Haseeb\Desktop\job board web app\accounts\views.py changed, reloading.
INFO 2025-06-19 21:35:10,339 autoreload Watching for file changes with StatReloader
INFO 2025-06-19 21:38:54,081 basehttp "GET / HTTP/1.1" 200 24102
INFO 2025-06-19 21:38:54,198 basehttp "GET /static/css/style.css HTTP/1.1" 304 0
INFO 2025-06-19 21:38:54,212 basehttp "GET /static/images/hero-image.webp HTTP/1.1" 304 0
INFO 2025-06-19 21:38:54,237 basehttp "GET /static/js/main.js HTTP/1.1" 304 0
INFO 2025-06-19 21:38:54,238 basehttp "GET /media/company_logos/download_1.jpeg HTTP/1.1" 304 0
INFO 2025-06-19 21:38:54,238 basehttp "GET /media/company_logos/download.png HTTP/1.1" 304 0
INFO 2025-06-19 21:38:54,241 basehttp "GET /media/company_logos/icon.png HTTP/1.1" 304 0
WARNING 2025-06-19 21:38:54,275 basehttp "GET /static/css/%7B%%20static%20%22images/hero-pattern.svg%22%20%%7D HTTP/1.1" 404 2091
INFO 2025-06-19 21:38:56,910 basehttp "GET /accounts/login/ HTTP/1.1" 200 9784
INFO 2025-06-19 21:38:56,976 basehttp "GET /static/images/login-illustration.png HTTP/1.1" 304 0
INFO 2025-06-19 21:39:08,962 basehttp "POST /accounts/login/ HTTP/1.1" 302 0
INFO 2025-06-19 21:39:09,014 basehttp "GET / HTTP/1.1" 200 25082
INFO 2025-06-19 21:39:12,533 basehttp "GET /jobs/ HTTP/1.1" 200 18021
INFO 2025-06-19 21:39:14,191 basehttp "GET /jobs/4/ HTTP/1.1" 200 11687
INFO 2025-06-19 21:39:15,579 basehttp "GET /applicants/jobs/4/apply/ HTTP/1.1" 302 0
INFO 2025-06-19 21:39:15,618 basehttp "GET /accounts/profile/ HTTP/1.1" 200 9110
INFO 2025-06-19 21:39:19,834 basehttp "GET /accounts/logout/ HTTP/1.1" 302 0
INFO 2025-06-19 21:39:19,887 basehttp "GET / HTTP/1.1" 200 24504
INFO 2025-06-19 21:39:22,019 basehttp "GET /accounts/login/ HTTP/1.1" 200 9784
INFO 2025-06-19 21:39:32,920 basehttp - Broken pipe from ('127.0.0.1', 55684)
INFO 2025-06-19 21:39:34,277 basehttp "POST /accounts/login/ HTTP/1.1" 302 0
INFO 2025-06-19 21:39:34,312 basehttp "GET / HTTP/1.1" 200 25083
INFO 2025-06-19 21:39:39,761 basehttp "GET /jobs/ HTTP/1.1" 200 18022
INFO 2025-06-19 21:39:41,658 basehttp "GET /jobs/4/ HTTP/1.1" 200 11688
INFO 2025-06-19 21:39:42,975 basehttp "GET /applicants/jobs/4/apply/ HTTP/1.1" 200 13473
INFO 2025-06-19 21:39:59,375 basehttp "GET /applicants/jobs/4/apply/ HTTP/1.1" 200 13473
INFO 2025-06-19 21:40:02,952 basehttp "GET /applicants/jobs/4/apply/ HTTP/1.1" 200 13473
INFO 2025-06-19 21:40:06,057 basehttp "GET /applicants/jobs/4/apply/ HTTP/1.1" 200 13473
INFO 2025-06-19 21:40:13,038 basehttp "GET /jobs/ HTTP/1.1" 200 18023
INFO 2025-06-19 21:40:14,949 basehttp "GET /jobs/3/ HTTP/1.1" 200 11893
INFO 2025-06-19 21:40:17,938 basehttp "GET /applicants/my-applications/ HTTP/1.1" 200 11402
INFO 2025-06-19 21:40:20,258 basehttp "GET / HTTP/1.1" 200 24689
INFO 2025-06-19 21:40:22,288 basehttp "GET /jobs/ HTTP/1.1" 200 18023
INFO 2025-06-19 21:40:24,519 basehttp "GET /jobs/2/ HTTP/1.1" 200 11888
INFO 2025-06-19 21:40:28,674 basehttp "GET /jobs/ HTTP/1.1" 200 18023
INFO 2025-06-19 21:40:30,281 basehttp "GET /jobs/4/ HTTP/1.1" 200 11688
INFO 2025-06-19 21:40:31,221 basehttp "GET /applicants/jobs/4/apply/ HTTP/1.1" 200 13473
INFO 2025-06-19 21:40:34,069 basehttp "GET /applicants/jobs/4/apply/ HTTP/1.1" 200 13473
WARNING 2025-06-19 21:40:36,277 log Not Found: /.well-known/appspecific/com.chrome.devtools.json
WARNING 2025-06-19 21:40:36,278 basehttp "GET /.well-known/appspecific/com.chrome.devtools.json HTTP/1.1" 404 5673
INFO 2025-06-19 21:40:46,570 basehttp "GET /applicants/jobs/4/apply/ HTTP/1.1" 200 13473
WARNING 2025-06-19 21:40:46,670 log Not Found: /.well-known/appspecific/com.chrome.devtools.json
WARNING 2025-06-19 21:40:46,671 basehttp "GET /.well-known/appspecific/com.chrome.devtools.json HTTP/1.1" 404 5673
INFO 2025-06-19 21:40:53,128 basehttp "GET /applicants/jobs/4/apply/ HTTP/1.1" 200 13473
WARNING 2025-06-19 21:40:53,859 log Not Found: /.well-known/appspecific/com.chrome.devtools.json
WARNING 2025-06-19 21:40:53,860 basehttp "GET /.well-known/appspecific/com.chrome.devtools.json HTTP/1.1" 404 5673
INFO 2025-06-19 21:41:00,735 basehttp "GET /applicants/jobs/4/apply/ HTTP/1.1" 200 13473
WARNING 2025-06-19 21:41:00,855 log Not Found: /.well-known/appspecific/com.chrome.devtools.json
WARNING 2025-06-19 21:41:00,856 basehttp "GET /.well-known/appspecific/com.chrome.devtools.json HTTP/1.1" 404 5673
INFO 2025-06-19 21:42:49,742 basehttp "GET / HTTP/1.1" 200 24689
INFO 2025-06-19 21:42:49,840 basehttp "GET /static/css/style.css HTTP/1.1" 304 0
INFO 2025-06-19 21:42:51,096 basehttp "GET /jobs/ HTTP/1.1" 200 18029
INFO 2025-06-19 21:42:52,889 basehttp "GET /jobs/3/ HTTP/1.1" 200 11893
INFO 2025-06-19 21:42:54,197 basehttp "GET /applicants/my-applications/ HTTP/1.1" 200 11991
INFO 2025-06-19 21:42:57,164 basehttp "GET /applicants/my-applications/3/ HTTP/1.1" 200 12937
INFO 2025-06-19 21:43:08,276 basehttp "GET /jobs/3/ HTTP/1.1" 200 11893
INFO 2025-06-19 21:43:12,233 basehttp "GET / HTTP/1.1" 200 24689
INFO 2025-06-19 21:43:13,719 basehttp "GET /jobs/ HTTP/1.1" 200 18029
INFO 2025-06-19 21:43:15,259 basehttp "GET /jobs/4/ HTTP/1.1" 200 11688
INFO 2025-06-19 21:43:16,511 basehttp "GET /applicants/jobs/4/apply/ HTTP/1.1" 200 13473
INFO 2025-06-19 21:43:18,533 basehttp "GET /applicants/jobs/4/apply/ HTTP/1.1" 200 13473
INFO 2025-06-19 21:44:22,870 basehttp "GET / HTTP/1.1" 200 24689
INFO 2025-06-19 21:44:23,001 basehttp "GET /static/images/hero-image.webp HTTP/1.1" 304 0
INFO 2025-06-19 21:45:51,557 basehttp "GET / HTTP/1.1" 200 24689
INFO 2025-06-19 21:45:52,665 basehttp "GET /jobs/ HTTP/1.1" 200 18030
INFO 2025-06-19 21:45:54,367 basehttp "GET /jobs/4/ HTTP/1.1" 200 11688
INFO 2025-06-19 21:45:56,382 basehttp "GET / HTTP/1.1" 200 24689
INFO 2025-06-19 21:46:03,035 basehttp "GET /jobs/ HTTP/1.1" 200 18030
INFO 2025-06-19 21:46:08,057 basehttp "GET /applicants/my-applications/ HTTP/1.1" 200 11991
INFO 2025-06-19 21:46:10,615 basehttp "GET /applicants/my-applications/3/ HTTP/1.1" 200 13163
INFO 2025-06-19 21:46:16,458 basehttp "GET / HTTP/1.1" 200 24689
INFO 2025-06-19 21:46:37,715 basehttp "GET / HTTP/1.1" 200 24689
INFO 2025-06-19 21:46:37,792 basehttp "GET /static/css/style.css HTTP/1.1" 304 0
INFO 2025-06-19 21:46:37,813 basehttp "GET /static/js/main.js HTTP/1.1" 304 0
INFO 2025-06-19 21:46:40,307 basehttp "GET /accounts/logout/ HTTP/1.1" 302 0
INFO 2025-06-19 21:46:40,348 basehttp "GET / HTTP/1.1" 200 24504
INFO 2025-06-19 21:46:41,988 basehttp "GET /accounts/login/ HTTP/1.1" 200 9784
INFO 2025-06-19 21:46:42,086 basehttp "GET /static/images/login-illustration.png HTTP/1.1" 304 0
INFO 2025-06-19 21:46:54,129 basehttp "POST /accounts/login/ HTTP/1.1" 302 0
INFO 2025-06-19 21:46:54,232 basehttp "GET / HTTP/1.1" 200 25180
INFO 2025-06-19 21:46:55,843 basehttp "GET /dashboard/ HTTP/1.1" 200 16319
WARNING 2025-06-19 21:47:11,751 log Not Found: /.well-known/appspecific/com.chrome.devtools.json
WARNING 2025-06-19 21:47:11,753 basehttp "GET /.well-known/appspecific/com.chrome.devtools.json HTTP/1.1" 404 5673
INFO 2025-06-19 21:47:47,070 basehttp "GET /jobs/3/applications/ HTTP/1.1" 200 15775
INFO 2025-06-19 21:48:22,039 basehttp "GET /jobs/3/applications/ HTTP/1.1" 200 15775
INFO 2025-06-19 21:48:22,911 basehttp "GET / HTTP/1.1" 200 24786
INFO 2025-06-19 21:48:24,704 basehttp "GET /jobs/ HTTP/1.1" 200 18270
INFO 2025-06-19 21:48:28,260 basehttp "GET /jobs/create/ HTTP/1.1" 200 12050
INFO 2025-06-19 21:48:56,418 basehttp "GET /jobs/create/ HTTP/1.1" 200 12050
INFO 2025-06-19 21:48:57,256 basehttp "GET /jobs/ HTTP/1.1" 200 18270
INFO 2025-06-19 21:48:58,053 basehttp "GET /dashboard/ HTTP/1.1" 200 16319
INFO 2025-06-19 21:49:01,183 basehttp "GET /jobs/3/update/ HTTP/1.1" 200 12210
INFO 2025-06-19 21:49:06,668 basehttp "GET / HTTP/1.1" 200 24786
INFO 2025-06-19 21:49:24,836 basehttp "GET / HTTP/1.1" 200 24786
INFO 2025-06-19 21:49:27,044 basehttp "GET /dashboard/ HTTP/1.1" 200 16319
INFO 2025-06-19 21:49:32,415 basehttp "POST /jobs/3/delete/ HTTP/1.1" 302 0
INFO 2025-06-19 21:49:32,467 basehttp "GET /dashboard/ HTTP/1.1" 200 14529
INFO 2025-06-19 21:49:39,302 basehttp "GET /jobs/4/applications/ HTTP/1.1" 200 9416
INFO 2025-06-19 21:49:43,759 basehttp "GET /dashboard/ HTTP/1.1" 200 14127
INFO 2025-06-19 21:50:07,444 basehttp "GET /dashboard/ HTTP/1.1" 200 14127
INFO 2025-06-19 21:50:09,700 basehttp "GET /accounts/profile/ HTTP/1.1" 200 10851
INFO 2025-06-19 21:50:13,447 basehttp "GET / HTTP/1.1" 200 23091
INFO 2025-06-19 21:50:13,632 basehttp "GET /static/images/hero-image.webp HTTP/1.1" 304 0
INFO 2025-06-19 21:50:21,457 basehttp "GET /accounts/logout/ HTTP/1.1" 302 0
INFO 2025-06-19 21:50:21,504 basehttp "GET / HTTP/1.1" 200 22809
INFO 2025-06-19 21:50:23,296 basehttp "GET /accounts/login/ HTTP/1.1" 200 9784
INFO 2025-06-19 21:50:36,354 basehttp "POST /accounts/login/ HTTP/1.1" 302 0
INFO 2025-06-19 21:50:36,425 basehttp "GET / HTTP/1.1" 200 23387
INFO 2025-06-19 21:50:40,276 basehttp "GET /jobs/4/ HTTP/1.1" 200 11687
INFO 2025-06-19 21:50:41,955 basehttp "GET /applicants/jobs/4/apply/ HTTP/1.1" 200 13472
INFO 2025-06-19 21:51:34,167 basehttp "GET / HTTP/1.1" 200 22993
INFO 2025-06-19 21:51:34,255 basehttp "GET /static/css/style.css HTTP/1.1" 304 0
INFO 2025-06-19 21:52:26,074 basehttp "GET /jobs/ HTTP/1.1" 200 16624
INFO 2025-06-19 21:52:27,542 basehttp "GET /jobs/4/ HTTP/1.1" 200 11687
INFO 2025-06-19 21:53:31,854 basehttp "GET /applicants/jobs/4/apply/ HTTP/1.1" 200 13472
INFO 2025-06-19 21:53:45,229 basehttp "GET / HTTP/1.1" 200 22993
INFO 2025-06-19 21:53:47,797 basehttp "GET /applicants/my-applications/ HTTP/1.1" 200 10504
INFO 2025-06-19 21:53:54,801 basehttp "GET /accounts/logout/ HTTP/1.1" 302 0
INFO 2025-06-19 21:53:54,890 basehttp "GET / HTTP/1.1" 200 22809
INFO 2025-06-19 21:53:56,710 basehttp "GET /accounts/login/ HTTP/1.1" 200 9784
INFO 2025-06-19 21:53:56,825 basehttp "GET /static/images/login-illustration.png HTTP/1.1" 304 0
INFO 2025-06-19 21:54:10,755 basehttp "POST /accounts/login/ HTTP/1.1" 302 0
INFO 2025-06-19 21:54:10,807 basehttp "GET / HTTP/1.1" 200 23387
INFO 2025-06-19 21:54:15,387 basehttp "GET /jobs/ HTTP/1.1" 200 16624
INFO 2025-06-19 21:54:16,867 basehttp "GET /jobs/4/ HTTP/1.1" 200 11322
INFO 2025-06-19 21:54:19,044 basehttp "GET /applicants/jobs/4/apply/ HTTP/1.1" 302 0
INFO 2025-06-19 21:54:19,082 basehttp "GET /accounts/profile/ HTTP/1.1" 200 9266
INFO 2025-06-19 21:54:28,960 basehttp "GET /accounts/profile/ HTTP/1.1" 200 8856
INFO 2025-06-19 21:54:31,992 basehttp "GET /accounts/logout/ HTTP/1.1" 302 0
INFO 2025-06-19 21:54:32,045 basehttp "GET / HTTP/1.1" 200 22809
INFO 2025-06-19 21:54:35,822 basehttp "GET /admin/ HTTP/1.1" 302 0
INFO 2025-06-19 21:54:35,911 basehttp "GET /admin/login/?next=/admin/ HTTP/1.1" 200 3541
INFO 2025-06-19 21:54:36,051 basehttp "GET /static/admin/css/base.css HTTP/1.1" 304 0
INFO 2025-06-19 21:54:36,078 basehttp "GET /static/admin/css/dark_mode.css HTTP/1.1" 304 0
INFO 2025-06-19 21:54:36,091 basehttp "GET /static/admin/js/theme.js HTTP/1.1" 304 0
INFO 2025-06-19 21:54:36,097 basehttp "GET /static/admin/css/nav_sidebar.css HTTP/1.1" 304 0
INFO 2025-06-19 21:54:36,099 basehttp "GET /static/admin/css/login.css HTTP/1.1" 304 0
INFO 2025-06-19 21:54:36,100 basehttp "GET /static/admin/css/responsive.css HTTP/1.1" 304 0
INFO 2025-06-19 21:54:36,138 basehttp "GET /static/admin/js/nav_sidebar.js HTTP/1.1" 304 0
INFO 2025-06-19 21:54:45,999 basehttp "POST /admin/login/?next=/admin/ HTTP/1.1" 302 0
INFO 2025-06-19 21:54:46,053 basehttp "GET /admin/ HTTP/1.1" 200 14487
INFO 2025-06-19 21:54:46,150 basehttp "GET /static/admin/css/dashboard.css HTTP/1.1" 304 0
INFO 2025-06-19 21:54:46,162 basehttp "GET /static/admin/img/icon-addlink.svg HTTP/1.1" 304 0
INFO 2025-06-19 21:54:46,162 basehttp "GET /static/admin/img/icon-changelink.svg HTTP/1.1" 304 0
INFO 2025-06-19 21:54:48,386 basehttp "GET /admin/accounts/customuser/ HTTP/1.1" 200 19571
INFO 2025-06-19 21:54:48,506 basehttp "GET /static/admin/css/changelists.css HTTP/1.1" 304 0
INFO 2025-06-19 21:54:48,522 basehttp "GET /static/admin/js/core.js HTTP/1.1" 304 0
INFO 2025-06-19 21:54:48,522 basehttp "GET /static/admin/js/jquery.init.js HTTP/1.1" 304 0
INFO 2025-06-19 21:54:48,523 basehttp "GET /static/admin/js/vendor/jquery/jquery.js HTTP/1.1" 304 0
INFO 2025-06-19 21:54:48,523 basehttp "GET /static/admin/js/admin/RelatedObjectLookups.js HTTP/1.1" 304 0
INFO 2025-06-19 21:54:48,530 basehttp "GET /static/admin/js/actions.js HTTP/1.1" 304 0
INFO 2025-06-19 21:54:48,531 basehttp "GET /static/admin/js/prepopulate.js HTTP/1.1" 304 0
INFO 2025-06-19 21:54:48,539 basehttp "GET /static/admin/js/vendor/xregexp/xregexp.js HTTP/1.1" 304 0
INFO 2025-06-19 21:54:48,540 basehttp "GET /static/admin/js/urlify.js HTTP/1.1" 304 0
INFO 2025-06-19 21:54:48,557 basehttp "GET /admin/jsi18n/ HTTP/1.1" 200 3342
INFO 2025-06-19 21:54:48,602 basehttp "GET /static/admin/js/filters.js HTTP/1.1" 304 0
INFO 2025-06-19 21:54:48,602 basehttp "GET /static/admin/img/icon-yes.svg HTTP/1.1" 304 0
INFO 2025-06-19 21:54:48,623 basehttp "GET /static/admin/img/tooltag-add.svg HTTP/1.1" 304 0
INFO 2025-06-19 21:54:48,624 basehttp "GET /static/admin/img/sorting-icons.svg HTTP/1.1" 304 0
INFO 2025-06-19 21:54:48,630 basehttp "GET /static/admin/img/icon-viewlink.svg HTTP/1.1" 304 0
INFO 2025-06-19 21:54:50,873 basehttp "GET /admin/accounts/customuser/4/change/ HTTP/1.1" 200 18929
INFO 2025-06-19 21:54:50,958 basehttp "GET /static/admin/css/forms.css HTTP/1.1" 304 0
INFO 2025-06-19 21:54:50,960 basehttp "GET /static/admin/js/prepopulate_init.js HTTP/1.1" 304 0
INFO 2025-06-19 21:54:50,968 basehttp "GET /static/admin/css/widgets.css HTTP/1.1" 304 0
INFO 2025-06-19 21:54:50,976 basehttp "GET /admin/jsi18n/ HTTP/1.1" 200 3342
INFO 2025-06-19 21:54:50,977 basehttp "GET /static/admin/js/change_form.js HTTP/1.1" 304 0
INFO 2025-06-19 21:55:08,007 basehttp "POST /admin/accounts/customuser/4/change/ HTTP/1.1" 302 0
INFO 2025-06-19 21:55:08,065 basehttp "GET /admin/accounts/customuser/ HTTP/1.1" 200 19774
INFO 2025-06-19 21:55:08,153 basehttp "GET /admin/jsi18n/ HTTP/1.1" 200 3342
INFO 2025-06-19 21:55:11,382 basehttp "GET /admin/accounts/customuser/4/change/ HTTP/1.1" 200 18960
INFO 2025-06-19 21:55:11,462 basehttp "GET /admin/jsi18n/ HTTP/1.1" 200 3342
INFO 2025-06-19 21:55:20,130 basehttp "POST /admin/accounts/customuser/4/change/ HTTP/1.1" 302 0
INFO 2025-06-19 21:55:20,251 basehttp "GET /admin/accounts/customuser/ HTTP/1.1" 200 19788
INFO 2025-06-19 21:55:20,444 basehttp "GET /admin/jsi18n/ HTTP/1.1" 200 3342
INFO 2025-06-19 21:55:21,752 basehttp "GET /admin/accounts/company/ HTTP/1.1" 200 14997
INFO 2025-06-19 21:55:21,861 basehttp "GET /admin/jsi18n/ HTTP/1.1" 200 3342
INFO 2025-06-19 21:55:24,907 basehttp "GET /admin/accounts/company/3/change/ HTTP/1.1" 200 16599
INFO 2025-06-19 21:55:25,002 basehttp "GET /admin/jsi18n/ HTTP/1.1" 200 3342
INFO 2025-06-19 21:55:34,820 basehttp "POST /admin/accounts/company/3/change/ HTTP/1.1" 302 0
INFO 2025-06-19 21:55:34,902 basehttp "GET /admin/accounts/company/ HTTP/1.1" 200 15216
INFO 2025-06-19 21:55:35,094 basehttp "GET /admin/jsi18n/ HTTP/1.1" 200 3342
INFO 2025-06-19 21:55:43,027 basehttp "GET / HTTP/1.1" 200 23000
INFO 2025-06-19 21:55:43,211 basehttp "GET /static/js/main.js HTTP/1.1" 304 0
INFO 2025-06-19 21:55:48,904 basehttp "GET /jobs/4/ HTTP/1.1" 200 11329
INFO 2025-06-19 21:55:50,029 basehttp "GET /applicants/jobs/4/apply/ HTTP/1.1" 302 0
INFO 2025-06-19 21:55:50,057 basehttp "GET /accounts/profile/ HTTP/1.1" 200 9273
INFO 2025-06-19 21:56:13,395 basehttp "GET /jobs/ HTTP/1.1" 200 16631
INFO 2025-06-19 21:56:14,917 basehttp "GET /jobs/4/ HTTP/1.1" 200 11329
INFO 2025-06-19 21:56:15,016 basehttp "GET /static/css/style.css HTTP/1.1" 304 0
INFO 2025-06-19 21:57:52,584 basehttp "GET /applicants/jobs/4/apply/ HTTP/1.1" 302 0
INFO 2025-06-19 21:57:52,631 basehttp "GET /accounts/profile/ HTTP/1.1" 200 9273
INFO 2025-06-19 21:57:57,429 basehttp "GET /accounts/profile/ HTTP/1.1" 200 8863
INFO 2025-06-19 21:58:04,065 basehttp "GET /accounts/logout/ HTTP/1.1" 302 0
INFO 2025-06-19 21:58:04,113 basehttp "GET / HTTP/1.1" 200 22809
INFO 2025-06-19 21:58:04,316 basehttp "GET /static/images/hero-image.webp HTTP/1.1" 304 0
INFO 2025-06-19 21:58:05,695 basehttp "GET /accounts/login/ HTTP/1.1" 200 9784
INFO 2025-06-19 21:58:16,460 basehttp - Broken pipe from ('127.0.0.1', 56032)
INFO 2025-06-19 21:58:18,933 basehttp "POST /accounts/login/ HTTP/1.1" 302 0
INFO 2025-06-19 21:58:19,022 basehttp "GET / HTTP/1.1" 200 23387
INFO 2025-06-19 22:32:31,429 autoreload C:\Users\Mirza Haseeb\Desktop\job board web app\applicants\views.py changed, reloading.
INFO 2025-06-19 22:32:33,636 autoreload Watching for file changes with StatReloader
INFO 2025-06-19 22:33:06,422 autoreload C:\Users\Mirza Haseeb\Desktop\job board web app\applicants\urls.py changed, reloading.
INFO 2025-06-19 22:33:08,249 autoreload Watching for file changes with StatReloader
INFO 2025-06-19 22:35:23,839 autoreload C:\Users\Mirza Haseeb\Desktop\job board web app\applicants\views.py changed, reloading.
INFO 2025-06-19 22:35:25,690 autoreload Watching for file changes with StatReloader
INFO 2025-06-19 22:36:03,950 autoreload C:\Users\Mirza Haseeb\Desktop\job board web app\applicants\models.py changed, reloading.
INFO 2025-06-19 22:36:05,856 autoreload Watching for file changes with StatReloader
INFO 2025-06-19 22:39:11,070 autoreload C:\Users\Mirza Haseeb\Desktop\job board web app\applicants\views.py changed, reloading.
INFO 2025-06-19 22:39:12,779 autoreload Watching for file changes with StatReloader
INFO 2025-06-19 22:39:28,995 autoreload C:\Users\Mirza Haseeb\Desktop\job board web app\applicants\views.py changed, reloading.
INFO 2025-06-19 22:39:30,759 autoreload Watching for file changes with StatReloader
INFO 2025-06-19 22:43:31,285 autoreload Watching for file changes with StatReloader
INFO 2025-06-19 22:44:15,045 autoreload C:\Users\Mirza Haseeb\Desktop\job board web app\applicants\views.py changed, reloading.
INFO 2025-06-19 22:44:17,312 autoreload Watching for file changes with StatReloader
INFO 2025-06-19 22:44:23,595 basehttp "GET / HTTP/1.1" 200 22407
INFO 2025-06-19 22:44:24,214 basehttp "GET /static/css/style.css HTTP/1.1" 200 12539
INFO 2025-06-19 22:44:24,223 basehttp "GET /static/images/hero-image.webp HTTP/1.1" 200 45148
INFO 2025-06-19 22:44:24,236 basehttp "GET /static/js/main.js HTTP/1.1" 200 5275
INFO 2025-06-19 22:44:24,238 basehttp "GET /media/company_logos/download_1.jpeg HTTP/1.1" 200 4459
INFO 2025-06-19 22:44:24,243 basehttp "GET /media/company_logos/icon.png HTTP/1.1" 200 1465
INFO 2025-06-19 22:44:24,243 basehttp "GET /media/company_logos/download.png HTTP/1.1" 200 573
WARNING 2025-06-19 22:44:24,281 basehttp "GET /static/css/%7B%%20static%20%22images/hero-pattern.svg%22%20%%7D HTTP/1.1" 404 2091
WARNING 2025-06-19 22:44:25,006 basehttp "GET /static/images/favicon.ico HTTP/1.1" 404 1981
INFO 2025-06-19 22:44:32,670 basehttp "GET /admin HTTP/1.1" 301 0
INFO 2025-06-19 22:44:32,700 basehttp "GET /admin/ HTTP/1.1" 302 0
INFO 2025-06-19 22:44:32,758 basehttp "GET /admin/login/?next=/admin/ HTTP/1.1" 200 3541
INFO 2025-06-19 22:44:32,806 basehttp "GET /static/admin/css/dark_mode.css HTTP/1.1" 200 2808
INFO 2025-06-19 22:44:32,807 basehttp "GET /static/admin/css/nav_sidebar.css HTTP/1.1" 200 2810
INFO 2025-06-19 22:44:32,808 basehttp "GET /static/admin/js/theme.js HTTP/1.1" 200 1653
INFO 2025-06-19 22:44:32,811 basehttp "GET /static/admin/css/login.css HTTP/1.1" 200 951
INFO 2025-06-19 22:44:32,832 basehttp "GET /static/admin/css/base.css HTTP/1.1" 200 22120
INFO 2025-06-19 22:44:32,842 basehttp "GET /static/admin/css/responsive.css HTTP/1.1" 200 16565
INFO 2025-06-19 22:44:32,844 basehttp "GET /static/admin/js/nav_sidebar.js HTTP/1.1" 200 3063
WARNING 2025-06-19 22:44:32,896 log Not Found: /favicon.ico
WARNING 2025-06-19 22:44:32,899 basehttp "GET /favicon.ico HTTP/1.1" 404 5562
INFO 2025-06-19 22:44:45,559 basehttp "POST /admin/login/?next=/admin/ HTTP/1.1" 302 0
INFO 2025-06-19 22:44:45,617 basehttp "GET /admin/ HTTP/1.1" 200 14417
INFO 2025-06-19 22:44:45,655 basehttp "GET /static/admin/css/dashboard.css HTTP/1.1" 200 441
INFO 2025-06-19 22:44:45,671 basehttp "GET /static/admin/img/icon-addlink.svg HTTP/1.1" 200 331
INFO 2025-06-19 22:44:45,691 basehttp "GET /static/admin/img/icon-changelink.svg HTTP/1.1" 200 380
INFO 2025-06-19 22:45:57,747 basehttp "GET /admin/jobs/job/ HTTP/1.1" 200 15243
INFO 2025-06-19 22:45:57,798 basehttp "GET /static/admin/js/jquery.init.js HTTP/1.1" 200 347
INFO 2025-06-19 22:45:57,798 basehttp "GET /static/admin/css/changelists.css HTTP/1.1" 200 6878
INFO 2025-06-19 22:45:57,803 basehttp "GET /static/admin/js/core.js HTTP/1.1" 200 6208
INFO 2025-06-19 22:45:57,814 basehttp "GET /static/admin/js/urlify.js HTTP/1.1" 200 7887
INFO 2025-06-19 22:45:57,815 basehttp "GET /static/admin/js/actions.js HTTP/1.1" 200 8076
INFO 2025-06-19 22:45:57,821 basehttp "GET /admin/jsi18n/ HTTP/1.1" 200 3342
INFO 2025-06-19 22:45:57,837 basehttp "GET /static/admin/img/icon-no.svg HTTP/1.1" 200 560
INFO 2025-06-19 22:45:57,840 basehttp "GET /static/admin/img/icon-yes.svg HTTP/1.1" 200 436
INFO 2025-06-19 22:45:57,883 basehttp "GET /static/admin/js/prepopulate.js HTTP/1.1" 200 1531
INFO 2025-06-19 22:45:57,888 basehttp "GET /static/admin/js/admin/RelatedObjectLookups.js HTTP/1.1" 200 9777
INFO 2025-06-19 22:45:58,113 basehttp "GET /static/admin/js/vendor/jquery/jquery.js HTTP/1.1" 200 285314
INFO 2025-06-19 22:45:58,187 basehttp "GET /static/admin/js/filters.js HTTP/1.1" 200 978
INFO 2025-06-19 22:45:58,372 basehttp "GET /static/admin/js/vendor/xregexp/xregexp.js HTTP/1.1" 200 325171
INFO 2025-06-19 22:45:58,498 basehttp "GET /static/admin/img/tooltag-add.svg HTTP/1.1" 200 331
INFO 2025-06-19 22:45:58,504 basehttp "GET /static/admin/img/icon-viewlink.svg HTTP/1.1" 200 581
INFO 2025-06-19 22:45:59,347 basehttp "GET /admin/applicants/application/ HTTP/1.1" 200 16458
INFO 2025-06-19 22:45:59,395 basehttp "GET /admin/jsi18n/ HTTP/1.1" 200 3342
INFO 2025-06-19 22:45:59,467 basehttp "GET /static/admin/img/sorting-icons.svg HTTP/1.1" 200 1097
INFO 2025-06-19 22:46:11,431 basehttp "GET / HTTP/1.1" 200 23000
WARNING 2025-06-19 22:46:11,546 basehttp "GET /static/css/%7B%%20static%20%22images/hero-pattern.svg%22%20%%7D HTTP/1.1" 404 2091
INFO 2025-06-19 22:46:17,875 basehttp "GET /jobs/4/ HTTP/1.1" 200 13478
INFO 2025-06-19 22:46:19,655 basehttp "GET /applicants/jobs/4/apply/ HTTP/1.1" 302 0
INFO 2025-06-19 22:46:19,688 basehttp "GET /accounts/profile/ HTTP/1.1" 200 9273
INFO 2025-06-19 22:50:09,308 basehttp "GET /jobs/ HTTP/1.1" 200 16631
INFO 2025-06-19 22:50:11,588 basehttp "GET /jobs/4/ HTTP/1.1" 200 13478
INFO 2025-06-19 22:51:17,178 basehttp "GET /jobs/4/ HTTP/1.1" 200 11694
INFO 2025-06-19 22:51:18,510 basehttp "GET /applicants/jobs/4/apply/ HTTP/1.1" 302 0
INFO 2025-06-19 22:51:18,532 basehttp "GET /accounts/profile/ HTTP/1.1" 200 9273
INFO 2025-06-19 22:51:21,814 basehttp "GET /accounts/logout/ HTTP/1.1" 302 0
INFO 2025-06-19 22:51:21,858 basehttp "GET / HTTP/1.1" 200 22809
WARNING 2025-06-19 22:51:21,922 basehttp "GET /static/css/%7B%%20static%20%22images/hero-pattern.svg%22%20%%7D HTTP/1.1" 404 2091
INFO 2025-06-19 22:51:23,423 basehttp "GET /accounts/login/ HTTP/1.1" 200 9784
INFO 2025-06-19 22:51:23,477 basehttp "GET /static/images/login-illustration.png HTTP/1.1" 200 1072733
INFO 2025-06-19 22:51:33,223 basehttp "POST /accounts/login/ HTTP/1.1" 302 0
INFO 2025-06-19 22:51:33,321 basehttp "GET / HTTP/1.1" 200 23387
INFO 2025-06-19 22:51:38,513 basehttp "GET /jobs/ HTTP/1.1" 200 16625
INFO 2025-06-19 22:51:40,123 basehttp "GET /jobs/4/ HTTP/1.1" 200 11687
INFO 2025-06-19 22:51:41,240 basehttp "GET /applicants/jobs/4/apply/ HTTP/1.1" 302 0
INFO 2025-06-19 22:51:41,271 basehttp "GET /accounts/profile/ HTTP/1.1" 200 9266
INFO 2025-06-19 22:51:49,817 basehttp "GET /accounts/logout/ HTTP/1.1" 302 0
INFO 2025-06-19 22:51:49,889 basehttp "GET / HTTP/1.1" 200 22809
WARNING 2025-06-19 22:51:49,986 basehttp "GET /static/css/%7B%%20static%20%22images/hero-pattern.svg%22%20%%7D HTTP/1.1" 404 2091
INFO 2025-06-19 22:51:51,561 basehttp "GET /accounts/login/ HTTP/1.1" 200 9784
INFO 2025-06-19 22:52:02,163 basehttp "POST /accounts/login/ HTTP/1.1" 302 0
INFO 2025-06-19 22:52:02,243 basehttp "GET / HTTP/1.1" 200 23388
INFO 2025-06-19 22:52:04,458 basehttp "GET /jobs/ HTTP/1.1" 200 16626
INFO 2025-06-19 22:52:05,989 basehttp "GET /jobs/4/ HTTP/1.1" 200 11688
INFO 2025-06-19 22:52:06,692 basehttp "GET /applicants/jobs/4/apply/ HTTP/1.1" 200 9981
INFO 2025-06-19 22:52:30,639 basehttp "GET /accounts/logout/ HTTP/1.1" 302 0
INFO 2025-06-19 22:52:30,685 basehttp "GET / HTTP/1.1" 200 22809
INFO 2025-06-19 22:52:34,278 basehttp "GET /admin/ HTTP/1.1" 302 0
INFO 2025-06-19 22:52:34,328 basehttp "GET /admin/login/?next=/admin/ HTTP/1.1" 200 3541
INFO 2025-06-19 22:52:39,131 basehttp "POST /admin/login/?next=/admin/ HTTP/1.1" 302 0
INFO 2025-06-19 22:52:39,199 basehttp "GET /admin/ HTTP/1.1" 200 14417
INFO 2025-06-19 22:52:41,189 basehttp "GET /admin/accounts/customuser/ HTTP/1.1" 200 19585
INFO 2025-06-19 22:52:41,324 basehttp "GET /static/admin/img/search.svg HTTP/1.1" 200 458
INFO 2025-06-19 22:52:41,338 basehttp "GET /admin/jsi18n/ HTTP/1.1" 200 3342
INFO 2025-06-19 22:53:16,975 basehttp "GET /admin/accounts/customuser/4/change/ HTTP/1.1" 200 18984
INFO 2025-06-19 22:53:17,012 basehttp "GET /static/admin/js/prepopulate_init.js HTTP/1.1" 200 586
INFO 2025-06-19 22:53:17,025 basehttp "GET /static/admin/css/forms.css HTTP/1.1" 200 8525
INFO 2025-06-19 22:53:17,026 basehttp "GET /admin/jsi18n/ HTTP/1.1" 200 3342
INFO 2025-06-19 22:53:17,032 basehttp "GET /static/admin/js/change_form.js HTTP/1.1" 200 606
INFO 2025-06-19 22:53:17,048 basehttp "GET /static/admin/css/widgets.css HTTP/1.1" 200 11991
INFO 2025-06-19 22:53:22,680 basehttp "GET /admin/jobs/job/ HTTP/1.1" 200 15243
INFO 2025-06-19 22:53:22,758 basehttp "GET /admin/jsi18n/ HTTP/1.1" 200 3342
INFO 2025-06-19 22:53:32,554 basehttp "GET / HTTP/1.1" 200 23000
WARNING 2025-06-19 22:53:32,644 basehttp "GET /static/css/%7B%%20static%20%22images/hero-pattern.svg%22%20%%7D HTTP/1.1" 404 2091
INFO 2025-06-19 22:53:34,477 basehttp "GET /accounts/logout/ HTTP/1.1" 302 0
INFO 2025-06-19 22:53:34,510 basehttp "GET / HTTP/1.1" 200 22809
INFO 2025-06-19 22:53:35,626 basehttp "GET /accounts/register/ HTTP/1.1" 200 17356
INFO 2025-06-19 22:53:35,689 basehttp "GET /static/images/register-illustration.png HTTP/1.1" 200 661962
INFO 2025-06-19 22:54:40,102 basehttp "POST /accounts/register/ HTTP/1.1" 302 0
INFO 2025-06-19 22:54:40,132 basehttp "GET /accounts/login/ HTTP/1.1" 200 10201
INFO 2025-06-19 22:54:40,224 basehttp "GET /static/css/style.css HTTP/1.1" 304 0
INFO 2025-06-19 22:54:51,689 basehttp "POST /accounts/login/ HTTP/1.1" 302 0
INFO 2025-06-19 22:54:51,739 basehttp "GET / HTTP/1.1" 200 23388
WARNING 2025-06-19 22:54:51,836 basehttp "GET /static/css/%7B%%20static%20%22images/hero-pattern.svg%22%20%%7D HTTP/1.1" 404 2091
INFO 2025-06-19 22:54:56,344 basehttp "GET /jobs/4/ HTTP/1.1" 200 11688
INFO 2025-06-19 22:54:57,605 basehttp "GET /applicants/jobs/4/apply/ HTTP/1.1" 200 9981
INFO 2025-06-19 22:55:08,757 basehttp "GET /admin/ HTTP/1.1" 302 0
INFO 2025-06-19 22:55:08,800 basehttp "GET /admin/login/?next=/admin/ HTTP/1.1" 200 3694
INFO 2025-06-19 22:55:14,163 basehttp "POST /admin/login/?next=/admin/ HTTP/1.1" 302 0
INFO 2025-06-19 22:55:14,217 basehttp "GET /admin/ HTTP/1.1" 200 14417
INFO 2025-06-19 22:55:16,474 basehttp "GET /admin/accounts/customuser/ HTTP/1.1" 200 20023
INFO 2025-06-19 22:55:16,587 basehttp "GET /admin/jsi18n/ HTTP/1.1" 200 3342
INFO 2025-06-19 22:55:23,564 basehttp "GET /admin/accounts/customuser/14/change/ HTTP/1.1" 200 18988
INFO 2025-06-19 22:55:23,627 basehttp "GET /admin/jsi18n/ HTTP/1.1" 200 3342
INFO 2025-06-19 22:55:34,877 basehttp "GET / HTTP/1.1" 200 23000
WARNING 2025-06-19 22:55:35,008 basehttp "GET /static/css/%7B%%20static%20%22images/hero-pattern.svg%22%20%%7D HTTP/1.1" 404 2091
INFO 2025-06-19 22:55:39,202 basehttp "GET /accounts/logout/ HTTP/1.1" 302 0
INFO 2025-06-19 22:55:39,266 basehttp "GET / HTTP/1.1" 200 22809
INFO 2025-06-19 22:55:40,747 basehttp "GET /accounts/register/ HTTP/1.1" 200 17356
INFO 2025-06-19 22:55:41,649 basehttp "GET /accounts/login/ HTTP/1.1" 200 9784
INFO 2025-06-19 22:55:52,433 basehttp "POST /accounts/login/ HTTP/1.1" 200 9974
INFO 2025-06-19 22:56:12,856 basehttp "POST /accounts/login/ HTTP/1.1" 200 9974
INFO 2025-06-19 22:56:18,760 basehttp "GET /admin/accounts/customuser/14/password/ HTTP/1.1" 302 0
INFO 2025-06-19 22:56:18,774 basehttp "GET /admin/login/?next=/admin/accounts/customuser/14/password/ HTTP/1.1" 200 3605
INFO 2025-06-19 22:56:23,109 basehttp "POST /admin/login/?next=/admin/accounts/customuser/14/password/ HTTP/1.1" 302 0
INFO 2025-06-19 22:56:23,199 basehttp "GET /admin/accounts/customuser/14/password/ HTTP/1.1" 200 12566
INFO 2025-06-19 22:56:23,259 basehttp "GET /static/admin/js/unusable_password_field.js HTTP/1.1" 200 1480
INFO 2025-06-19 22:56:23,260 basehttp "GET /static/admin/css/unusable_password_field.css HTTP/1.1" 200 663
INFO 2025-06-19 22:56:37,984 basehttp "POST /admin/accounts/customuser/14/password/ HTTP/1.1" 302 0
INFO 2025-06-19 22:56:38,066 basehttp "GET /admin/accounts/customuser/14/change/ HTTP/1.1" 200 19124
INFO 2025-06-19 22:56:38,159 basehttp "GET /admin/jsi18n/ HTTP/1.1" 200 3342
WARNING 2025-06-19 22:56:48,892 log Forbidden (CSRF token from POST incorrect.): /accounts/login/
WARNING 2025-06-19 22:56:48,912 basehttp "POST /accounts/login/ HTTP/1.1" 403 2503
INFO 2025-06-19 22:57:09,620 basehttp "GET / HTTP/1.1" 200 23000
INFO 2025-06-19 22:57:09,689 basehttp "GET /static/images/hero-image.webp HTTP/1.1" 304 0
WARNING 2025-06-19 22:57:09,753 basehttp "GET /static/css/%7B%%20static%20%22images/hero-pattern.svg%22%20%%7D HTTP/1.1" 404 2091
INFO 2025-06-19 22:57:12,737 basehttp "GET /accounts/logout/ HTTP/1.1" 302 0
INFO 2025-06-19 22:57:12,813 basehttp "GET / HTTP/1.1" 200 22809
INFO 2025-06-19 22:57:14,933 basehttp "GET /accounts/login/ HTTP/1.1" 200 9784
INFO 2025-06-19 22:57:25,429 basehttp "POST /accounts/login/ HTTP/1.1" 302 0
INFO 2025-06-19 22:57:25,535 basehttp "GET / HTTP/1.1" 200 23388
INFO 2025-06-19 22:57:29,922 basehttp "GET /jobs/ HTTP/1.1" 200 16626
INFO 2025-06-19 22:57:31,486 basehttp "GET /jobs/4/ HTTP/1.1" 200 11688
INFO 2025-06-19 22:57:32,481 basehttp "GET /applicants/jobs/4/apply/ HTTP/1.1" 200 9981
INFO 2025-06-19 22:57:44,571 basehttp "POST /applicants/jobs/4/apply/ HTTP/1.1" 302 0
INFO 2025-06-19 22:57:44,628 basehttp "GET /jobs/4/ HTTP/1.1" 200 12291
INFO 2025-06-19 22:57:47,011 basehttp "GET /applicants/my-applications/ HTTP/1.1" 200 10493
INFO 2025-06-19 22:57:49,700 basehttp "GET /applicants/my-applications/5/ HTTP/1.1" 200 12613
INFO 2025-06-19 22:57:52,951 basehttp "GET / HTTP/1.1" 200 22994
WARNING 2025-06-19 22:57:53,050 basehttp "GET /static/css/%7B%%20static%20%22images/hero-pattern.svg%22%20%%7D HTTP/1.1" 404 2091
INFO 2025-06-19 22:57:55,714 basehttp "GET /accounts/logout/ HTTP/1.1" 302 0
INFO 2025-06-19 22:57:55,751 basehttp "GET / HTTP/1.1" 200 22809
INFO 2025-06-19 22:57:57,386 basehttp "GET /accounts/login/ HTTP/1.1" 200 9784
INFO 2025-06-19 22:58:50,578 basehttp "GET /admin/jobs/job/ HTTP/1.1" 302 0
INFO 2025-06-19 22:58:50,590 basehttp "GET /admin/login/?next=/admin/jobs/job/ HTTP/1.1" 200 3559
INFO 2025-06-19 22:58:54,967 basehttp "POST /admin/login/?next=/admin/jobs/job/ HTTP/1.1" 302 0
INFO 2025-06-19 22:58:55,036 basehttp "GET /admin/jobs/job/ HTTP/1.1" 200 15243
INFO 2025-06-19 22:58:55,107 basehttp "GET /admin/jsi18n/ HTTP/1.1" 200 3342
INFO 2025-06-19 22:59:04,038 basehttp "GET /accounts/login/ HTTP/1.1" 200 10509
INFO 2025-06-19 22:59:04,075 basehttp "GET /static/js/main.js HTTP/1.1" 304 0
INFO 2025-06-19 22:59:08,118 basehttp "GET /accounts/logout/ HTTP/1.1" 302 0
INFO 2025-06-19 22:59:08,175 basehttp "GET / HTTP/1.1" 200 22809
WARNING 2025-06-19 22:59:08,291 basehttp "GET /static/css/%7B%%20static%20%22images/hero-pattern.svg%22%20%%7D HTTP/1.1" 404 2091
INFO 2025-06-19 22:59:09,597 basehttp "GET /accounts/login/ HTTP/1.1" 200 9784
INFO 2025-06-19 22:59:18,832 basehttp "POST /accounts/login/ HTTP/1.1" 302 0
INFO 2025-06-19 22:59:18,915 basehttp "GET / HTTP/1.1" 200 23485
INFO 2025-06-19 22:59:30,939 basehttp "GET /dashboard/ HTTP/1.1" 200 14124
INFO 2025-06-19 22:59:32,693 basehttp "GET /jobs/4/applications/ HTTP/1.1" 200 15929
INFO 2025-06-19 22:59:40,382 basehttp "GET /applications/5/ACCEPTED/ HTTP/1.1" 302 0
INFO 2025-06-19 22:59:40,437 basehttp "GET /jobs/4/applications/ HTTP/1.1" 200 16354
INFO 2025-06-19 22:59:48,283 basehttp "GET /applications/5/INTERVIEW/ HTTP/1.1" 302 0
INFO 2025-06-19 22:59:48,334 basehttp "GET /jobs/4/applications/ HTTP/1.1" 200 16355
INFO 2025-06-19 23:00:57,470 basehttp "GET /applications/5/REVIEWED/ HTTP/1.1" 302 0
INFO 2025-06-19 23:00:57,503 basehttp "GET /jobs/4/applications/ HTTP/1.1" 200 16346
INFO 2025-06-19 23:01:02,305 basehttp "GET /applications/5/INTERVIEW/ HTTP/1.1" 302 0
INFO 2025-06-19 23:01:02,365 basehttp "GET /jobs/4/applications/ HTTP/1.1" 200 16356
INFO 2025-06-19 23:01:19,807 basehttp "GET /applications/5/INTERVIEW/ HTTP/1.1" 302 0
INFO 2025-06-19 23:01:19,842 basehttp "GET /jobs/4/applications/ HTTP/1.1" 200 16366
INFO 2025-06-19 23:01:22,967 basehttp "GET /applications/5/ACCEPTED/ HTTP/1.1" 302 0
INFO 2025-06-19 23:01:22,997 basehttp "GET /jobs/4/applications/ HTTP/1.1" 200 16348
INFO 2025-06-19 23:01:27,922 basehttp "GET /dashboard/ HTTP/1.1" 200 14124
INFO 2025-06-19 23:01:33,534 basehttp "GET /accounts/logout/ HTTP/1.1" 302 0
INFO 2025-06-19 23:01:33,572 basehttp "GET / HTTP/1.1" 200 22809
WARNING 2025-06-19 23:01:33,639 basehttp "GET /static/css/%7B%%20static%20%22images/hero-pattern.svg%22%20%%7D HTTP/1.1" 404 2091
INFO 2025-06-19 23:02:07,480 basehttp "GET /accounts/register/ HTTP/1.1" 200 17356
INFO 2025-06-19 23:02:14,188 basehttp "GET / HTTP/1.1" 200 22407
WARNING 2025-06-19 23:02:14,249 basehttp "GET /static/css/%7B%%20static%20%22images/hero-pattern.svg%22%20%%7D HTTP/1.1" 404 2091
INFO 2025-06-19 23:02:36,080 autoreload C:\Users\Mirza Haseeb\Desktop\job board web app\jobs\views.py changed, reloading.
INFO 2025-06-19 23:02:37,553 autoreload Watching for file changes with StatReloader
INFO 2025-06-19 23:08:37,215 autoreload Watching for file changes with StatReloader
INFO 2025-06-19 23:08:41,935 basehttp "GET / HTTP/1.1" 200 22407
INFO 2025-06-19 23:08:42,368 basehttp "GET /static/css/style.css HTTP/1.1" 200 12539
INFO 2025-06-19 23:08:42,426 basehttp "GET /static/images/hero-image.webp HTTP/1.1" 200 45148
INFO 2025-06-19 23:08:42,442 basehttp "GET /static/js/main.js HTTP/1.1" 200 5275
INFO 2025-06-19 23:08:42,457 basehttp "GET /media/company_logos/download_1.jpeg HTTP/1.1" 200 4459
INFO 2025-06-19 23:08:42,481 basehttp "GET /media/company_logos/icon.png HTTP/1.1" 200 1465
INFO 2025-06-19 23:08:42,482 basehttp "GET /media/company_logos/download.png HTTP/1.1" 200 573
WARNING 2025-06-19 23:08:42,585 basehttp "GET /static/css/%7B%%20static%20%22images/hero-pattern.svg%22%20%%7D HTTP/1.1" 404 2091
WARNING 2025-06-19 23:08:43,163 basehttp "GET /static/images/favicon.ico HTTP/1.1" 404 1981
INFO 2025-06-19 23:08:48,360 basehttp "GET /admin HTTP/1.1" 301 0
INFO 2025-06-19 23:08:48,383 basehttp "GET /admin/ HTTP/1.1" 302 0
INFO 2025-06-19 23:08:48,438 basehttp "GET /admin/login/?next=/admin/ HTTP/1.1" 200 3541
INFO 2025-06-19 23:08:48,476 basehttp "GET /static/admin/css/base.css HTTP/1.1" 200 22120
INFO 2025-06-19 23:08:48,491 basehttp "GET /static/admin/css/nav_sidebar.css HTTP/1.1" 200 2810
INFO 2025-06-19 23:08:48,491 basehttp "GET /static/admin/css/dark_mode.css HTTP/1.1" 200 2808
INFO 2025-06-19 23:08:48,493 basehttp "GET /static/admin/css/login.css HTTP/1.1" 200 951
INFO 2025-06-19 23:08:48,494 basehttp "GET /static/admin/js/theme.js HTTP/1.1" 200 1653
INFO 2025-06-19 23:08:48,495 basehttp "GET /static/admin/css/responsive.css HTTP/1.1" 200 16565
INFO 2025-06-19 23:08:48,506 basehttp "GET /static/admin/js/nav_sidebar.js HTTP/1.1" 200 3063
WARNING 2025-06-19 23:08:48,556 log Not Found: /favicon.ico
WARNING 2025-06-19 23:08:48,557 basehttp "GET /favicon.ico HTTP/1.1" 404 5562
INFO 2025-06-19 23:09:03,204 basehttp "POST /admin/login/?next=/admin/ HTTP/1.1" 302 0
INFO 2025-06-19 23:09:03,267 basehttp "GET /admin/ HTTP/1.1" 200 14400
INFO 2025-06-19 23:09:03,306 basehttp "GET /static/admin/css/dashboard.css HTTP/1.1" 200 441
INFO 2025-06-19 23:09:03,330 basehttp "GET /static/admin/img/icon-changelink.svg HTTP/1.1" 200 380
INFO 2025-06-19 23:09:03,330 basehttp "GET /static/admin/img/icon-addlink.svg HTTP/1.1" 200 331
INFO 2025-06-19 23:09:15,695 basehttp "GET /admin/jobs/job/ HTTP/1.1" 200 15243
INFO 2025-06-19 23:09:15,792 basehttp "GET /static/admin/css/changelists.css HTTP/1.1" 200 6878
INFO 2025-06-19 23:09:15,804 basehttp "GET /static/admin/js/jquery.init.js HTTP/1.1" 200 347
INFO 2025-06-19 23:09:15,808 basehttp "GET /static/admin/js/core.js HTTP/1.1" 200 6208
INFO 2025-06-19 23:09:15,815 basehttp "GET /static/admin/js/admin/RelatedObjectLookups.js HTTP/1.1" 200 9777
INFO 2025-06-19 23:09:15,823 basehttp "GET /static/admin/js/actions.js HTTP/1.1" 200 8076
INFO 2025-06-19 23:09:15,838 basehttp "GET /static/admin/js/urlify.js HTTP/1.1" 200 7887
INFO 2025-06-19 23:09:15,839 basehttp "GET /static/admin/js/prepopulate.js HTTP/1.1" 200 1531
INFO 2025-06-19 23:09:15,860 basehttp "GET /static/admin/img/icon-yes.svg HTTP/1.1" 200 436
INFO 2025-06-19 23:09:15,870 basehttp "GET /static/admin/img/icon-no.svg HTTP/1.1" 200 560
INFO 2025-06-19 23:09:15,882 basehttp "GET /static/admin/js/vendor/jquery/jquery.js HTTP/1.1" 200 285314
INFO 2025-06-19 23:09:15,889 basehttp "GET /static/admin/js/vendor/xregexp/xregexp.js HTTP/1.1" 200 325171
INFO 2025-06-19 23:09:15,897 basehttp "GET /admin/jsi18n/ HTTP/1.1" 200 3342
INFO 2025-06-19 23:09:15,928 basehttp "GET /static/admin/js/filters.js HTTP/1.1" 200 978
INFO 2025-06-19 23:09:16,029 basehttp "GET /static/admin/img/tooltag-add.svg HTTP/1.1" 200 331
INFO 2025-06-19 23:09:16,034 basehttp "GET /static/admin/img/icon-viewlink.svg HTTP/1.1" 200 581
INFO 2025-06-19 23:09:18,984 basehttp "GET /admin/ HTTP/1.1" 200 14400
INFO 2025-06-19 23:26:31,331 basehttp "GET / HTTP/1.1" 200 22407
INFO 2025-06-19 23:26:31,404 basehttp "GET /static/css/style.css HTTP/1.1" 200 22428
INFO 2025-06-19 23:26:31,417 basehttp "GET /static/images/hero-image.webp HTTP/1.1" 304 0
INFO 2025-06-19 23:26:31,456 basehttp "GET /static/js/main.js HTTP/1.1" 304 0
INFO 2025-06-19 23:26:31,457 basehttp "GET /media/company_logos/download.png HTTP/1.1" 304 0
INFO 2025-06-19 23:26:31,458 basehttp "GET /media/company_logos/download_1.jpeg HTTP/1.1" 304 0
INFO 2025-06-19 23:32:23,292 basehttp "GET /jobs/2/ HTTP/1.1" 200 11225
INFO 2025-06-19 23:32:23,329 basehttp "GET /static/css/style.css HTTP/1.1" 200 22434
INFO 2025-06-19 23:38:38,153 basehttp "GET /accounts/register/ HTTP/1.1" 200 17356
INFO 2025-06-19 23:38:38,183 basehttp "GET /static/css/style.css HTTP/1.1" 304 0
INFO 2025-06-19 23:38:38,184 basehttp "GET /static/images/register-illustration.png HTTP/1.1" 304 0
INFO 2025-06-19 23:38:52,167 basehttp "GET / HTTP/1.1" 200 22407
INFO 2025-06-19 23:38:52,191 basehttp "GET /media/company_logos/icon.png HTTP/1.1" 304 0
INFO 2025-06-19 23:42:56,702 basehttp "GET / HTTP/1.1" 200 23219
INFO 2025-06-19 23:42:56,721 basehttp "GET /static/css/style.css HTTP/1.1" 304 0
INFO 2025-06-19 23:42:56,721 basehttp "GET /static/images/hero-image.webp HTTP/1.1" 304 0
INFO 2025-06-19 23:44:18,992 basehttp "GET /jobs/ HTTP/1.1" 200 16717
INFO 2025-06-19 23:44:29,210 basehttp "GET /jobs/4/ HTTP/1.1" 200 12028
INFO 2025-06-19 23:44:52,271 basehttp "GET / HTTP/1.1" 200 23219
INFO 2025-06-19 23:44:52,296 basehttp "GET /static/css/style.css HTTP/1.1" 304 0
ERROR 2025-06-19 23:51:56,526 log Internal Server Error: /
Traceback (most recent call last):
  File "C:\Users\Mirza Haseeb\Desktop\job board web app\venv\Lib\site-packages\django\template\base.py", line 510, in parse
    compile_func = self.tags[command]
                   ~~~~~~~~~^^^^^^^^^
KeyError: 'endfor'

During handling of the above exception, another exception occurred:

Traceback (most recent call last):
  File "C:\Users\Mirza Haseeb\Desktop\job board web app\venv\Lib\site-packages\django\core\handlers\exception.py", line 55, in inner
    response = get_response(request)
  File "C:\Users\Mirza Haseeb\Desktop\job board web app\venv\Lib\site-packages\django\core\handlers\base.py", line 197, in _get_response
    response = wrapped_callback(request, *callback_args, **callback_kwargs)
  File "D:\applyforge clone\job board web app\jobs\views.py", line 211, in home
    return render(request, 'jobs/home.html', context)
  File "C:\Users\Mirza Haseeb\Desktop\job board web app\venv\Lib\site-packages\django\shortcuts.py", line 25, in render
    content = loader.render_to_string(template_name, context, request, using=using)
  File "C:\Users\Mirza Haseeb\Desktop\job board web app\venv\Lib\site-packages\django\template\loader.py", line 61, in render_to_string
    template = get_template(template_name, using=using)
  File "C:\Users\Mirza Haseeb\Desktop\job board web app\venv\Lib\site-packages\django\template\loader.py", line 15, in get_template
    return engine.get_template(template_name)
           ~~~~~~~~~~~~~~~~~~~^^^^^^^^^^^^^^^
  File "C:\Users\Mirza Haseeb\Desktop\job board web app\venv\Lib\site-packages\django\template\backends\django.py", line 79, in get_template
    return Template(self.engine.get_template(template_name), self)
                    ~~~~~~~~~~~~~~~~~~~~~~~~^^^^^^^^^^^^^^^
  File "C:\Users\Mirza Haseeb\Desktop\job board web app\venv\Lib\site-packages\django\template\engine.py", line 177, in get_template
    template, origin = self.find_template(template_name)
                       ~~~~~~~~~~~~~~~~~~^^^^^^^^^^^^^^^
  File "C:\Users\Mirza Haseeb\Desktop\job board web app\venv\Lib\site-packages\django\template\engine.py", line 159, in find_template
    template = loader.get_template(name, skip=skip)
  File "C:\Users\Mirza Haseeb\Desktop\job board web app\venv\Lib\site-packages\django\template\loaders\cached.py", line 57, in get_template
    template = super().get_template(template_name, skip)
  File "C:\Users\Mirza Haseeb\Desktop\job board web app\venv\Lib\site-packages\django\template\loaders\base.py", line 28, in get_template
    return Template(
        contents,
    ...<2 lines>...
        self.engine,
    )
  File "C:\Users\Mirza Haseeb\Desktop\job board web app\venv\Lib\site-packages\django\template\base.py", line 154, in __init__
    self.nodelist = self.compile_nodelist()
                    ~~~~~~~~~~~~~~~~~~~~~^^
  File "C:\Users\Mirza Haseeb\Desktop\job board web app\venv\Lib\site-packages\django\template\base.py", line 196, in compile_nodelist
    nodelist = parser.parse()
  File "C:\Users\Mirza Haseeb\Desktop\job board web app\venv\Lib\site-packages\django\template\base.py", line 518, in parse
    raise self.error(token, e)
  File "C:\Users\Mirza Haseeb\Desktop\job board web app\venv\Lib\site-packages\django\template\base.py", line 516, in parse
    compiled_result = compile_func(self, token)
  File "C:\Users\Mirza Haseeb\Desktop\job board web app\venv\Lib\site-packages\django\template\loader_tags.py", line 299, in do_extends
    nodelist = parser.parse()
  File "C:\Users\Mirza Haseeb\Desktop\job board web app\venv\Lib\site-packages\django\template\base.py", line 518, in parse
    raise self.error(token, e)
  File "C:\Users\Mirza Haseeb\Desktop\job board web app\venv\Lib\site-packages\django\template\base.py", line 516, in parse
    compiled_result = compile_func(self, token)
  File "C:\Users\Mirza Haseeb\Desktop\job board web app\venv\Lib\site-packages\django\template\loader_tags.py", line 234, in do_block
    nodelist = parser.parse(("endblock",))
  File "C:\Users\Mirza Haseeb\Desktop\job board web app\venv\Lib\site-packages\django\template\base.py", line 512, in parse
    self.invalid_block_tag(token, command, parse_until)
    ~~~~~~~~~~~~~~~~~~~~~~^^^^^^^^^^^^^^^^^^^^^^^^^^^^^
  File "C:\Users\Mirza Haseeb\Desktop\job board web app\venv\Lib\site-packages\django\template\base.py", line 567, in invalid_block_tag
    raise self.error(
    ...<8 lines>...
    )
django.template.exceptions.TemplateSyntaxError: Invalid block tag on line 141: 'endfor', expected 'endblock'. Did you forget to register or load this tag?
ERROR 2025-06-19 23:51:56,536 basehttp "GET / HTTP/1.1" 500 201544
INFO 2025-06-19 23:53:27,633 basehttp "GET / HTTP/1.1" 200 26677
INFO 2025-06-19 23:53:27,651 basehttp "GET /static/css/style.css HTTP/1.1" 304 0
INFO 2025-06-19 23:53:27,653 basehttp "GET /static/js/main.js HTTP/1.1" 304 0
INFO 2025-06-19 23:56:03,267 basehttp "GET / HTTP/1.1" 200 26677
INFO 2025-06-19 23:56:04,536 basehttp "GET /accounts/login/ HTTP/1.1" 200 10881
INFO 2025-06-19 23:56:04,554 basehttp "GET /static/images/login-illustration.png HTTP/1.1" 304 0
INFO 2025-06-19 23:56:04,554 basehttp "GET /static/css/style.css HTTP/1.1" 304 0
INFO 2025-06-19 23:57:42,387 basehttp "GET /accounts/login/ HTTP/1.1" 200 12032
INFO 2025-06-19 23:59:12,158 basehttp "GET /accounts/login/ HTTP/1.1" 200 12072
INFO 2025-06-19 23:59:12,180 basehttp "GET /static/css/style.css HTTP/1.1" 304 0
INFO 2025-06-19 23:59:26,549 basehttp "GET /accounts/login/ HTTP/1.1" 200 12032
INFO 2025-06-20 00:01:01,817 basehttp "GET /accounts/login/ HTTP/1.1" 200 12032
INFO 2025-06-20 00:01:03,896 basehttp "GET /accounts/register/ HTTP/1.1" 200 19314
INFO 2025-06-20 00:01:03,915 basehttp "GET /static/images/register-illustration.png HTTP/1.1" 304 0
INFO 2025-06-20 00:03:12,681 basehttp "GET /accounts/register/ HTTP/1.1" 200 19375
INFO 2025-06-20 00:03:12,701 basehttp "GET /static/css/style.css HTTP/1.1" 304 0
INFO 2025-06-20 00:03:19,777 basehttp "GET /accounts/login/ HTTP/1.1" 200 12032
INFO 2025-06-20 00:03:28,705 basehttp "POST /accounts/login/ HTTP/1.1" 302 0
INFO 2025-06-20 00:03:28,738 basehttp "GET / HTTP/1.1" 200 27795
INFO 2025-06-20 00:03:28,756 basehttp "GET /static/images/hero-image.webp HTTP/1.1" 304 0
INFO 2025-06-20 00:03:28,766 basehttp "GET /media/company_logos/download_1.jpeg HTTP/1.1" 304 0
INFO 2025-06-20 00:03:51,305 basehttp "GET /accounts/profile/ HTTP/1.1" 200 11637
INFO 2025-06-20 00:04:59,317 basehttp "GET /accounts/profile/ HTTP/1.1" 200 13387
INFO 2025-06-20 00:05:12,831 basehttp "GET / HTTP/1.1" 200 27403
INFO 2025-06-20 00:07:13,936 basehttp "GET / HTTP/1.1" 200 27403
INFO 2025-06-20 00:07:13,954 basehttp "GET /static/css/style.css HTTP/1.1" 304 0
INFO 2025-06-20 00:07:17,109 basehttp "GET /jobs/ HTTP/1.1" 200 17719
INFO 2025-06-20 00:07:19,490 basehttp "GET /jobs/4/ HTTP/1.1" 200 12285
INFO 2025-06-20 00:07:33,014 basehttp "GET / HTTP/1.1" 200 27403
INFO 2025-06-20 00:07:33,916 basehttp "GET /dashboard/ HTTP/1.1" 200 14977
INFO 2025-06-20 00:07:36,083 basehttp "GET /jobs/1/applications/ HTTP/1.1" 200 16628
INFO 2025-06-20 00:07:45,149 basehttp "GET /dashboard/ HTTP/1.1" 200 14977
INFO 2025-06-20 00:10:38,990 basehttp "GET /dashboard/ HTTP/1.1" 200 14977
INFO 2025-06-20 00:10:41,031 basehttp "GET /jobs/create/ HTTP/1.1" 200 13250
INFO 2025-06-20 00:10:48,099 basehttp "GET / HTTP/1.1" 200 27403
INFO 2025-06-20 00:13:49,941 basehttp "GET / HTTP/1.1" 200 27403
INFO 2025-06-20 00:13:49,959 basehttp "GET /static/css/style.css HTTP/1.1" 200 22814
INFO 2025-06-20 00:13:49,973 basehttp "GET /media/company_logos/download.png HTTP/1.1" 304 0
INFO 2025-06-20 00:13:51,065 basehttp "GET /dashboard/ HTTP/1.1" 200 14705
INFO 2025-06-20 00:13:51,078 basehttp "GET /static/css/style.css HTTP/1.1" 304 0
INFO 2025-06-20 00:15:43,717 basehttp "GET /dashboard/ HTTP/1.1" 200 14705
INFO 2025-06-20 00:15:43,741 basehttp "GET /static/css/style.css HTTP/1.1" 200 23346
INFO 2025-06-20 00:15:43,741 basehttp "GET /static/js/main.js HTTP/1.1" 304 0
INFO 2025-06-20 00:16:42,416 basehttp "GET /static/css/style.css HTTP/1.1" 304 0
WARNING 2025-06-20 00:16:42,446 log Not Found: /.well-known/appspecific/com.chrome.devtools.json
WARNING 2025-06-20 00:16:42,447 basehttp "GET /.well-known/appspecific/com.chrome.devtools.json HTTP/1.1" 404 5673
INFO 2025-06-20 00:19:11,487 basehttp "GET /dashboard/ HTTP/1.1" 200 14705
INFO 2025-06-20 00:19:11,502 basehttp "GET /static/css/style.css HTTP/1.1" 200 23850
INFO 2025-06-20 00:21:46,300 basehttp "GET /dashboard/ HTTP/1.1" 200 14723
INFO 2025-06-20 00:21:46,312 basehttp "GET /static/css/style.css HTTP/1.1" 200 24052
INFO 2025-06-20 00:24:41,248 basehttp "GET /dashboard/ HTTP/1.1" 200 14723
INFO 2025-06-20 00:24:41,263 basehttp "GET /static/css/style.css HTTP/1.1" 200 23932
INFO 2025-06-20 00:27:15,143 basehttp "GET /dashboard/ HTTP/1.1" 200 14723
INFO 2025-06-20 00:27:15,156 basehttp "GET /static/css/style.css HTTP/1.1" 304 0
INFO 2025-06-20 00:28:05,962 basehttp "GET /dashboard/ HTTP/1.1" 200 14856
INFO 2025-06-20 00:28:05,975 basehttp "GET /static/css/style.css HTTP/1.1" 200 23458
INFO 2025-06-20 00:28:11,623 basehttp "GET /jobs/1/applications/ HTTP/1.1" 200 16628
INFO 2025-06-20 00:28:11,640 basehttp "GET /static/css/style.css HTTP/1.1" 304 0
INFO 2025-06-20 00:28:46,500 basehttp "GET /dashboard/ HTTP/1.1" 200 14856
INFO 2025-06-20 00:28:46,516 basehttp "GET /static/css/style.css HTTP/1.1" 304 0
INFO 2025-06-20 00:30:20,519 basehttp "GET /dashboard/ HTTP/1.1" 200 14884
INFO 2025-06-20 00:30:20,534 basehttp "GET /static/css/style.css HTTP/1.1" 304 0
INFO 2025-06-20 00:30:59,193 basehttp "GET /dashboard/ HTTP/1.1" 200 14920
INFO 2025-06-20 00:30:59,211 basehttp "GET /static/css/style.css HTTP/1.1" 304 0
INFO 2025-06-20 00:33:40,600 basehttp "GET /dashboard/ HTTP/1.1" 200 15392
INFO 2025-06-20 00:33:40,613 basehttp "GET /static/css/style.css HTTP/1.1" 304 0
INFO 2025-06-20 00:33:57,231 basehttp "GET /dashboard/ HTTP/1.1" 200 14920
INFO 2025-06-20 00:34:01,921 basehttp "GET /jobs/1/applications/ HTTP/1.1" 200 16628
INFO 2025-06-20 00:36:16,289 basehttp "GET /static/css/style.css HTTP/1.1" 304 0
WARNING 2025-06-20 00:36:16,325 log Not Found: /.well-known/appspecific/com.chrome.devtools.json
WARNING 2025-06-20 00:36:16,326 basehttp "GET /.well-known/appspecific/com.chrome.devtools.json HTTP/1.1" 404 5673
INFO 2025-06-20 00:39:27,163 basehttp "GET /dashboard/ HTTP/1.1" 200 14920
INFO 2025-06-20 00:39:27,188 basehttp "GET /static/css/style.css HTTP/1.1" 304 0
INFO 2025-06-20 00:39:27,189 basehttp "GET /static/js/main.js HTTP/1.1" 304 0
INFO 2025-06-20 00:39:34,915 basehttp "GET /jobs/1/ HTTP/1.1" 200 12418
INFO 2025-06-20 00:39:34,944 basehttp "GET /media/company_logos/icon.png HTTP/1.1" 304 0
INFO 2025-06-20 00:39:42,792 basehttp "GET /dashboard/ HTTP/1.1" 200 14920
INFO 2025-06-20 00:39:55,922 basehttp "GET /jobs/1/applications/ HTTP/1.1" 200 16628
INFO 2025-06-20 00:42:44,649 basehttp "GET /jobs/1/applications/ HTTP/1.1" 200 16697
INFO 2025-06-20 00:42:44,666 basehttp "GET /static/css/style.css HTTP/1.1" 304 0
INFO 2025-06-20 00:42:56,226 basehttp "GET /dashboard/ HTTP/1.1" 200 14920
INFO 2025-06-20 00:43:11,523 basehttp "GET /jobs/1/applications/ HTTP/1.1" 200 16697
INFO 2025-06-20 00:43:17,531 basehttp "GET /applications/1/ACCEPTED/ HTTP/1.1" 302 0
INFO 2025-06-20 00:43:17,551 basehttp "GET /jobs/1/applications/ HTTP/1.1" 200 17105
INFO 2025-06-20 00:43:23,921 basehttp "GET / HTTP/1.1" 200 27403
INFO 2025-06-20 00:43:23,943 basehttp "GET /static/images/hero-image.webp HTTP/1.1" 304 0
INFO 2025-06-20 00:43:23,950 basehttp "GET /media/company_logos/download_1.jpeg HTTP/1.1" 304 0
INFO 2025-06-20 00:44:49,821 basehttp "GET /accounts/logout/ HTTP/1.1" 302 0
INFO 2025-06-20 00:44:49,843 basehttp "GET / HTTP/1.1" 200 27077
INFO 2025-06-20 00:44:49,870 basehttp "GET /static/css/style.css HTTP/1.1" 304 0
INFO 2025-06-20 00:44:51,704 basehttp "GET /accounts/login/ HTTP/1.1" 200 12032
INFO 2025-06-20 00:44:51,721 basehttp "GET /static/images/login-illustration.png HTTP/1.1" 304 0
INFO 2025-06-20 00:44:58,099 basehttp "POST /accounts/login/ HTTP/1.1" 302 0
INFO 2025-06-20 00:44:58,124 basehttp "GET / HTTP/1.1" 200 27702
INFO 2025-06-20 00:45:01,896 basehttp "GET /jobs/4/ HTTP/1.1" 200 12797
INFO 2025-06-20 00:45:12,110 basehttp "GET / HTTP/1.1" 200 27310
INFO 2025-06-20 00:46:35,045 basehttp "GET / HTTP/1.1" 200 27310
INFO 2025-06-20 00:46:35,065 basehttp "GET /static/css/style.css HTTP/1.1" 304 0
INFO 2025-06-20 00:46:37,919 basehttp "GET /jobs/ HTTP/1.1" 200 18254
WARNING 2025-06-20 00:47:23,684 log Not Found: /.well-known/appspecific/com.chrome.devtools.json
WARNING 2025-06-20 00:47:23,685 basehttp "GET /.well-known/appspecific/com.chrome.devtools.json HTTP/1.1" 404 5673
INFO 2025-06-20 00:48:10,000 basehttp "GET /jobs/ HTTP/1.1" 200 18255
INFO 2025-06-20 00:50:14,778 basehttp "GET /jobs/ HTTP/1.1" 200 17290
INFO 2025-06-20 00:50:14,798 basehttp "GET /static/css/style.css HTTP/1.1" 304 0
INFO 2025-06-20 00:51:49,787 basehttp "GET /jobs/ HTTP/1.1" 200 18154
INFO 2025-06-20 00:52:49,141 basehttp "GET /jobs/ HTTP/1.1" 200 18154
INFO 2025-06-20 00:52:49,155 basehttp "GET /static/css/style.css HTTP/1.1" 304 0
INFO 2025-06-20 00:53:00,715 basehttp "GET /jobs/ HTTP/1.1" 200 18154
INFO 2025-06-20 00:53:14,949 basehttp "GET /jobs/ HTTP/1.1" 200 18155
INFO 2025-06-20 00:53:29,826 basehttp "GET /jobs/ HTTP/1.1" 200 18155
INFO 2025-06-20 00:53:41,048 basehttp "GET /jobs/ HTTP/1.1" 200 18154
INFO 2025-06-20 00:54:01,927 basehttp "GET /jobs/ HTTP/1.1" 200 18160
INFO 2025-06-20 00:54:15,714 basehttp "GET / HTTP/1.1" 200 27310
WARNING 2025-06-20 00:54:30,933 log Not Found: /.well-known/appspecific/com.chrome.devtools.json
WARNING 2025-06-20 00:54:30,934 basehttp "GET /.well-known/appspecific/com.chrome.devtools.json HTTP/1.1" 404 5673
INFO 2025-06-20 00:57:22,509 basehttp "GET / HTTP/1.1" 200 27329
INFO 2025-06-20 00:57:22,525 basehttp "GET /static/css/style.css HTTP/1.1" 304 0
INFO 2025-06-20 00:57:56,969 basehttp "GET / HTTP/1.1" 200 27330
INFO 2025-06-20 00:58:06,814 basehttp "GET / HTTP/1.1" 200 27330
INFO 2025-06-20 00:58:17,820 basehttp "GET / HTTP/1.1" 200 27329
INFO 2025-06-20 00:58:34,859 basehttp "GET / HTTP/1.1" 200 27327
INFO 2025-06-20 00:58:57,633 basehttp "GET /jobs/ HTTP/1.1" 200 18160
INFO 2025-06-20 00:58:59,033 basehttp "GET /jobs/4/ HTTP/1.1" 200 12797
INFO 2025-06-20 00:59:00,724 basehttp "GET /applicants/jobs/4/apply/ HTTP/1.1" 302 0
INFO 2025-06-20 00:59:00,737 basehttp "GET /accounts/profile/ HTTP/1.1" 200 11412
INFO 2025-06-20 00:59:04,417 basehttp "GET /accounts/logout/ HTTP/1.1" 302 0
INFO 2025-06-20 00:59:04,431 basehttp "GET / HTTP/1.1" 200 27094
INFO 2025-06-20 00:59:06,381 basehttp "GET /accounts/login/ HTTP/1.1" 200 12032
INFO 2025-06-20 00:59:09,068 basehttp "GET /accounts/register/ HTTP/1.1" 200 19375
INFO 2025-06-20 00:59:09,089 basehttp "GET /static/images/register-illustration.png HTTP/1.1" 304 0
INFO 2025-06-20 01:00:35,614 basehttp "POST /accounts/register/ HTTP/1.1" 302 0
INFO 2025-06-20 01:00:35,621 basehttp "GET /accounts/login/ HTTP/1.1" 200 12447
INFO 2025-06-20 01:00:35,639 basehttp "GET /static/css/style.css HTTP/1.1" 304 0
INFO 2025-06-20 01:00:44,163 basehttp "POST /accounts/login/ HTTP/1.1" 302 0
INFO 2025-06-20 01:00:44,209 basehttp "GET / HTTP/1.1" 200 27713
INFO 2025-06-20 01:00:48,125 basehttp "GET /jobs/ HTTP/1.1" 200 18154
INFO 2025-06-20 01:00:49,952 basehttp "GET /jobs/4/ HTTP/1.1" 200 12791
INFO 2025-06-20 01:00:51,514 basehttp "GET /applicants/jobs/4/apply/ HTTP/1.1" 200 11527
INFO 2025-06-20 01:00:56,511 basehttp "GET / HTTP/1.1" 200 27321
INFO 2025-06-20 01:00:59,635 basehttp "GET /jobs/ HTTP/1.1" 200 18154
INFO 2025-06-20 01:01:03,712 basehttp "GET /jobs/4/ HTTP/1.1" 200 12791
INFO 2025-06-20 01:01:05,048 basehttp "GET /applicants/jobs/4/apply/ HTTP/1.1" 200 11527
INFO 2025-06-20 01:01:13,966 basehttp "POST /applicants/jobs/4/apply/ HTTP/1.1" 302 0
INFO 2025-06-20 01:01:13,985 basehttp "GET /jobs/4/ HTTP/1.1" 200 13394
INFO 2025-06-20 01:01:19,532 basehttp "GET / HTTP/1.1" 200 27321
INFO 2025-06-20 01:01:21,134 basehttp "GET /applicants/my-applications/ HTTP/1.1" 200 12104
INFO 2025-06-20 01:01:24,433 basehttp "GET /applicants/my-applications/6/ HTTP/1.1" 200 14650
INFO 2025-06-20 01:01:33,692 basehttp "GET /accounts/profile/ HTTP/1.1" 200 13664
INFO 2025-06-20 01:01:38,695 basehttp "GET / HTTP/1.1" 200 27321
INFO 2025-06-20 10:37:51,283 autoreload Watching for file changes with StatReloader
INFO 2025-06-20 10:38:02,575 basehttp "GET / HTTP/1.1" 200 27320
INFO 2025-06-20 10:38:03,613 basehttp "GET /static/js/main.js HTTP/1.1" 200 5275
INFO 2025-06-20 10:38:03,680 basehttp "GET /static/images/hero-image.webp HTTP/1.1" 200 45148
INFO 2025-06-20 10:38:03,688 basehttp "GET /static/css/style.css HTTP/1.1" 200 23458
INFO 2025-06-20 10:38:03,705 basehttp "GET /media/company_logos/download_1.jpeg HTTP/1.1" 304 0
INFO 2025-06-20 10:38:03,733 basehttp "GET /media/company_logos/icon.png HTTP/1.1" 304 0
INFO 2025-06-20 10:38:03,746 basehttp "GET /media/company_logos/download.png HTTP/1.1" 304 0
WARNING 2025-06-20 10:38:04,725 basehttp "GET /static/images/favicon.ico HTTP/1.1" 404 1981
INFO 2025-06-20 10:38:12,594 basehttp "GET /accounts/logout/ HTTP/1.1" 302 0
INFO 2025-06-20 10:38:12,633 basehttp "GET / HTTP/1.1" 200 27094
INFO 2025-06-20 10:38:15,058 basehttp "GET / HTTP/1.1" 200 26694
INFO 2025-06-20 10:38:20,560 basehttp "GET / HTTP/1.1" 200 26694
INFO 2025-06-20 10:38:26,701 basehttp "GET /jobs/ HTTP/1.1" 200 17385
INFO 2025-06-20 10:38:41,669 basehttp "GET /jobs/?q=&location=&type=&category=2 HTTP/1.1" 200 14686
INFO 2025-06-20 10:38:45,380 basehttp "GET /jobs/?category=1 HTTP/1.1" 200 14712
INFO 2025-06-20 10:38:59,110 basehttp "GET /jobs/?q=&location=&type=CONTRACT&category= HTTP/1.1" 200 13441
INFO 2025-06-20 10:39:04,095 basehttp "GET /jobs/?q=&location=&type=INTERNSHIP&category= HTTP/1.1" 200 13441
INFO 2025-06-20 10:39:08,763 basehttp "GET /jobs/?q=&location=&type=PART_TIME&category= HTTP/1.1" 200 14686
INFO 2025-06-20 10:39:13,190 basehttp "GET / HTTP/1.1" 200 26694
WARNING 2025-06-20 10:39:26,413 log Not Found: /.well-known/appspecific/com.chrome.devtools.json
WARNING 2025-06-20 10:39:26,415 basehttp "GET /.well-known/appspecific/com.chrome.devtools.json HTTP/1.1" 404 5673
ERROR 2025-06-20 10:43:41,502 log Internal Server Error: /
Traceback (most recent call last):
  File "C:\Users\Mirza Haseeb\Desktop\job board web app\venv\Lib\site-packages\django\template\base.py", line 510, in parse
    compile_func = self.tags[command]
                   ~~~~~~~~~^^^^^^^^^
KeyError: 'endfor'

During handling of the above exception, another exception occurred:

Traceback (most recent call last):
  File "C:\Users\Mirza Haseeb\Desktop\job board web app\venv\Lib\site-packages\django\core\handlers\exception.py", line 55, in inner
    response = get_response(request)
  File "C:\Users\Mirza Haseeb\Desktop\job board web app\venv\Lib\site-packages\django\core\handlers\base.py", line 197, in _get_response
    response = wrapped_callback(request, *callback_args, **callback_kwargs)
  File "D:\applyforge clone\job board web app\jobs\views.py", line 211, in home
    return render(request, 'jobs/home.html', context)
  File "C:\Users\Mirza Haseeb\Desktop\job board web app\venv\Lib\site-packages\django\shortcuts.py", line 25, in render
    content = loader.render_to_string(template_name, context, request, using=using)
  File "C:\Users\Mirza Haseeb\Desktop\job board web app\venv\Lib\site-packages\django\template\loader.py", line 61, in render_to_string
    template = get_template(template_name, using=using)
  File "C:\Users\Mirza Haseeb\Desktop\job board web app\venv\Lib\site-packages\django\template\loader.py", line 15, in get_template
    return engine.get_template(template_name)
           ~~~~~~~~~~~~~~~~~~~^^^^^^^^^^^^^^^
  File "C:\Users\Mirza Haseeb\Desktop\job board web app\venv\Lib\site-packages\django\template\backends\django.py", line 79, in get_template
    return Template(self.engine.get_template(template_name), self)
                    ~~~~~~~~~~~~~~~~~~~~~~~~^^^^^^^^^^^^^^^
  File "C:\Users\Mirza Haseeb\Desktop\job board web app\venv\Lib\site-packages\django\template\engine.py", line 177, in get_template
    template, origin = self.find_template(template_name)
                       ~~~~~~~~~~~~~~~~~~^^^^^^^^^^^^^^^
  File "C:\Users\Mirza Haseeb\Desktop\job board web app\venv\Lib\site-packages\django\template\engine.py", line 159, in find_template
    template = loader.get_template(name, skip=skip)
  File "C:\Users\Mirza Haseeb\Desktop\job board web app\venv\Lib\site-packages\django\template\loaders\cached.py", line 57, in get_template
    template = super().get_template(template_name, skip)
  File "C:\Users\Mirza Haseeb\Desktop\job board web app\venv\Lib\site-packages\django\template\loaders\base.py", line 28, in get_template
    return Template(
        contents,
    ...<2 lines>...
        self.engine,
    )
  File "C:\Users\Mirza Haseeb\Desktop\job board web app\venv\Lib\site-packages\django\template\base.py", line 154, in __init__
    self.nodelist = self.compile_nodelist()
                    ~~~~~~~~~~~~~~~~~~~~~^^
  File "C:\Users\Mirza Haseeb\Desktop\job board web app\venv\Lib\site-packages\django\template\base.py", line 196, in compile_nodelist
    nodelist = parser.parse()
  File "C:\Users\Mirza Haseeb\Desktop\job board web app\venv\Lib\site-packages\django\template\base.py", line 518, in parse
    raise self.error(token, e)
  File "C:\Users\Mirza Haseeb\Desktop\job board web app\venv\Lib\site-packages\django\template\base.py", line 516, in parse
    compiled_result = compile_func(self, token)
  File "C:\Users\Mirza Haseeb\Desktop\job board web app\venv\Lib\site-packages\django\template\loader_tags.py", line 299, in do_extends
    nodelist = parser.parse()
  File "C:\Users\Mirza Haseeb\Desktop\job board web app\venv\Lib\site-packages\django\template\base.py", line 518, in parse
    raise self.error(token, e)
  File "C:\Users\Mirza Haseeb\Desktop\job board web app\venv\Lib\site-packages\django\template\base.py", line 516, in parse
    compiled_result = compile_func(self, token)
  File "C:\Users\Mirza Haseeb\Desktop\job board web app\venv\Lib\site-packages\django\template\loader_tags.py", line 234, in do_block
    nodelist = parser.parse(("endblock",))
  File "C:\Users\Mirza Haseeb\Desktop\job board web app\venv\Lib\site-packages\django\template\base.py", line 512, in parse
    self.invalid_block_tag(token, command, parse_until)
    ~~~~~~~~~~~~~~~~~~~~~~^^^^^^^^^^^^^^^^^^^^^^^^^^^^^
  File "C:\Users\Mirza Haseeb\Desktop\job board web app\venv\Lib\site-packages\django\template\base.py", line 567, in invalid_block_tag
    raise self.error(
    ...<8 lines>...
    )
django.template.exceptions.TemplateSyntaxError: Invalid block tag on line 110: 'endfor', expected 'endblock'. Did you forget to register or load this tag?
ERROR 2025-06-20 10:43:41,529 basehttp "GET / HTTP/1.1" 500 198965
WARNING 2025-06-20 10:43:41,925 log Not Found: /favicon.ico
WARNING 2025-06-20 10:43:41,927 basehttp "GET /favicon.ico HTTP/1.1" 404 5562
ERROR 2025-06-20 10:45:27,062 log Internal Server Error: /
Traceback (most recent call last):
  File "C:\Users\Mirza Haseeb\Desktop\job board web app\venv\Lib\site-packages\django\template\base.py", line 510, in parse
    compile_func = self.tags[command]
                   ~~~~~~~~~^^^^^^^^^
KeyError: 'endfor'

During handling of the above exception, another exception occurred:

Traceback (most recent call last):
  File "C:\Users\Mirza Haseeb\Desktop\job board web app\venv\Lib\site-packages\django\core\handlers\exception.py", line 55, in inner
    response = get_response(request)
  File "C:\Users\Mirza Haseeb\Desktop\job board web app\venv\Lib\site-packages\django\core\handlers\base.py", line 197, in _get_response
    response = wrapped_callback(request, *callback_args, **callback_kwargs)
  File "D:\applyforge clone\job board web app\jobs\views.py", line 211, in home
    return render(request, 'jobs/home.html', context)
  File "C:\Users\Mirza Haseeb\Desktop\job board web app\venv\Lib\site-packages\django\shortcuts.py", line 25, in render
    content = loader.render_to_string(template_name, context, request, using=using)
  File "C:\Users\Mirza Haseeb\Desktop\job board web app\venv\Lib\site-packages\django\template\loader.py", line 61, in render_to_string
    template = get_template(template_name, using=using)
  File "C:\Users\Mirza Haseeb\Desktop\job board web app\venv\Lib\site-packages\django\template\loader.py", line 15, in get_template
    return engine.get_template(template_name)
           ~~~~~~~~~~~~~~~~~~~^^^^^^^^^^^^^^^
  File "C:\Users\Mirza Haseeb\Desktop\job board web app\venv\Lib\site-packages\django\template\backends\django.py", line 79, in get_template
    return Template(self.engine.get_template(template_name), self)
                    ~~~~~~~~~~~~~~~~~~~~~~~~^^^^^^^^^^^^^^^
  File "C:\Users\Mirza Haseeb\Desktop\job board web app\venv\Lib\site-packages\django\template\engine.py", line 177, in get_template
    template, origin = self.find_template(template_name)
                       ~~~~~~~~~~~~~~~~~~^^^^^^^^^^^^^^^
  File "C:\Users\Mirza Haseeb\Desktop\job board web app\venv\Lib\site-packages\django\template\engine.py", line 159, in find_template
    template = loader.get_template(name, skip=skip)
  File "C:\Users\Mirza Haseeb\Desktop\job board web app\venv\Lib\site-packages\django\template\loaders\cached.py", line 57, in get_template
    template = super().get_template(template_name, skip)
  File "C:\Users\Mirza Haseeb\Desktop\job board web app\venv\Lib\site-packages\django\template\loaders\base.py", line 28, in get_template
    return Template(
        contents,
    ...<2 lines>...
        self.engine,
    )
  File "C:\Users\Mirza Haseeb\Desktop\job board web app\venv\Lib\site-packages\django\template\base.py", line 154, in __init__
    self.nodelist = self.compile_nodelist()
                    ~~~~~~~~~~~~~~~~~~~~~^^
  File "C:\Users\Mirza Haseeb\Desktop\job board web app\venv\Lib\site-packages\django\template\base.py", line 196, in compile_nodelist
    nodelist = parser.parse()
  File "C:\Users\Mirza Haseeb\Desktop\job board web app\venv\Lib\site-packages\django\template\base.py", line 518, in parse
    raise self.error(token, e)
  File "C:\Users\Mirza Haseeb\Desktop\job board web app\venv\Lib\site-packages\django\template\base.py", line 516, in parse
    compiled_result = compile_func(self, token)
  File "C:\Users\Mirza Haseeb\Desktop\job board web app\venv\Lib\site-packages\django\template\loader_tags.py", line 299, in do_extends
    nodelist = parser.parse()
  File "C:\Users\Mirza Haseeb\Desktop\job board web app\venv\Lib\site-packages\django\template\base.py", line 518, in parse
    raise self.error(token, e)
  File "C:\Users\Mirza Haseeb\Desktop\job board web app\venv\Lib\site-packages\django\template\base.py", line 516, in parse
    compiled_result = compile_func(self, token)
  File "C:\Users\Mirza Haseeb\Desktop\job board web app\venv\Lib\site-packages\django\template\loader_tags.py", line 234, in do_block
    nodelist = parser.parse(("endblock",))
  File "C:\Users\Mirza Haseeb\Desktop\job board web app\venv\Lib\site-packages\django\template\base.py", line 512, in parse
    self.invalid_block_tag(token, command, parse_until)
    ~~~~~~~~~~~~~~~~~~~~~~^^^^^^^^^^^^^^^^^^^^^^^^^^^^^
  File "C:\Users\Mirza Haseeb\Desktop\job board web app\venv\Lib\site-packages\django\template\base.py", line 567, in invalid_block_tag
    raise self.error(
    ...<8 lines>...
    )
django.template.exceptions.TemplateSyntaxError: Invalid block tag on line 124: 'endfor', expected 'endblock'. Did you forget to register or load this tag?
ERROR 2025-06-20 10:45:27,082 basehttp "GET / HTTP/1.1" 500 200276
INFO 2025-06-20 10:47:23,406 basehttp "GET / HTTP/1.1" 200 26850
INFO 2025-06-20 10:48:07,940 basehttp "GET / HTTP/1.1" 200 26863
INFO 2025-06-20 10:48:35,254 basehttp "GET / HTTP/1.1" 200 26863
INFO 2025-06-20 10:48:50,731 basehttp "GET / HTTP/1.1" 200 26863
INFO 2025-06-20 10:49:07,247 basehttp "GET / HTTP/1.1" 200 26889
INFO 2025-06-20 10:49:20,811 basehttp "GET /jobs/ HTTP/1.1" 200 17397
INFO 2025-06-20 10:49:24,021 basehttp "GET / HTTP/1.1" 200 26889
INFO 2025-06-20 10:49:26,087 basehttp "GET /accounts/login/ HTTP/1.1" 200 12032
INFO 2025-06-20 10:49:26,199 basehttp "GET /static/images/login-illustration.png HTTP/1.1" 200 1072733
INFO 2025-06-20 10:49:36,598 basehttp "POST /accounts/login/ HTTP/1.1" 302 0
INFO 2025-06-20 10:49:36,691 basehttp "GET / HTTP/1.1" 200 28005
INFO 2025-06-20 10:49:39,113 basehttp "GET /dashboard/ HTTP/1.1" 200 14920
INFO 2025-06-20 10:50:04,293 basehttp "GET /dashboard/ HTTP/1.1" 200 14933
INFO 2025-06-20 10:50:23,755 basehttp "GET /dashboard/ HTTP/1.1" 200 14933
INFO 2025-06-20 10:51:59,055 basehttp "GET /dashboard/ HTTP/1.1" 200 14933
INFO 2025-06-20 10:52:29,138 basehttp "GET /dashboard/ HTTP/1.1" 200 14933
INFO 2025-06-20 10:53:33,818 basehttp "GET /dashboard/ HTTP/1.1" 200 14933
INFO 2025-06-20 10:53:58,560 basehttp "GET /dashboard/ HTTP/1.1" 200 14959
INFO 2025-06-20 10:54:09,173 basehttp "GET /jobs/?category=1 HTTP/1.1" 200 15710
INFO 2025-06-20 10:54:42,767 basehttp "GET /jobs/?category=1 HTTP/1.1" 200 15723
INFO 2025-06-20 10:54:49,129 basehttp "GET /jobs/?q=&location=&type=&category= HTTP/1.1" 200 18435
INFO 2025-06-20 10:54:58,235 basehttp "GET / HTTP/1.1" 200 27613
INFO 2025-06-20 10:55:32,035 autoreload D:\applyforge clone\job board web app\accounts\apps.py changed, reloading.
INFO 2025-06-20 10:55:35,891 autoreload Watching for file changes with StatReloader
INFO 2025-06-20 10:55:42,308 autoreload D:\applyforge clone\job board web app\accounts\forms.py changed, reloading.
INFO 2025-06-20 10:55:44,648 autoreload Watching for file changes with StatReloader
INFO 2025-06-20 10:56:12,686 autoreload D:\applyforge clone\job board web app\accounts\views.py changed, reloading.
INFO 2025-06-20 10:56:14,613 autoreload Watching for file changes with StatReloader
INFO 2025-06-20 10:56:45,869 autoreload D:\applyforge clone\job board web app\applicants\models.py changed, reloading.
INFO 2025-06-20 10:56:47,371 autoreload Watching for file changes with StatReloader
INFO 2025-06-20 10:57:16,416 autoreload D:\applyforge clone\job board web app\config\settings.py changed, reloading.
INFO 2025-06-20 10:57:18,273 autoreload Watching for file changes with StatReloader
INFO 2025-06-20 10:57:18,960 basehttp "GET / HTTP/1.1" 200 27613
INFO 2025-06-20 11:01:15,719 autoreload Watching for file changes with StatReloader
INFO 2025-06-20 11:01:18,481 basehttp "GET /jobs/2/ HTTP/1.1" 200 12535
INFO 2025-06-20 11:01:23,676 basehttp "GET / HTTP/1.1" 200 27613
INFO 2025-06-20 11:01:25,890 basehttp "GET /accounts/profile/ HTTP/1.1" 200 13453
INFO 2025-06-20 11:01:30,330 basehttp "GET /accounts/logout/ HTTP/1.1" 302 0
INFO 2025-06-20 11:01:30,362 basehttp "GET / HTTP/1.1" 200 27289
INFO 2025-06-20 11:01:48,283 autoreload D:\applyforge clone\job board web app\config\urls.py changed, reloading.
INFO 2025-06-20 11:01:49,858 autoreload Watching for file changes with StatReloader
INFO 2025-06-20 11:02:50,876 autoreload D:\applyforge clone\job board web app\jobs\views.py changed, reloading.
INFO 2025-06-20 11:02:53,325 autoreload Watching for file changes with StatReloader
INFO 2025-06-20 11:03:09,933 autoreload D:\applyforge clone\job board web app\jobs\views.py changed, reloading.
INFO 2025-06-20 11:03:12,102 autoreload Watching for file changes with StatReloader
INFO 2025-06-20 11:03:16,230 basehttp "GET / HTTP/1.1" 200 26889
INFO 2025-06-20 11:03:38,096 basehttp "GET /accounts/register/ HTTP/1.1" 200 19375
INFO 2025-06-20 11:03:38,534 basehttp "GET /static/images/register-illustration.png HTTP/1.1" 200 661962
INFO 2025-06-20 11:06:56,369 basehttp "POST /accounts/register/ HTTP/1.1" 302 0
INFO 2025-06-20 11:06:56,420 basehttp "GET /accounts/login/ HTTP/1.1" 200 12444
INFO 2025-06-20 11:07:01,461 basehttp "GET /accounts/register/ HTTP/1.1" 200 19375
INFO 2025-06-20 11:08:55,019 basehttp "POST /accounts/register/ HTTP/1.1" 302 0
INFO 2025-06-20 11:08:55,053 basehttp "GET /accounts/login/ HTTP/1.1" 200 12444
INFO 2025-06-20 11:08:59,297 basehttp "GET /accounts/register/ HTTP/1.1" 200 19375
INFO 2025-06-20 11:09:15,229 basehttp "GET /accounts/login/ HTTP/1.1" 200 12032
INFO 2025-06-20 11:09:25,192 basehttp "POST /accounts/login/ HTTP/1.1" 302 0
INFO 2025-06-20 11:09:25,260 basehttp "GET / HTTP/1.1" 200 28003
INFO 2025-06-20 11:09:29,114 basehttp "GET /jobs/create/ HTTP/1.1" 200 13246
INFO 2025-06-20 11:14:14,180 basehttp "POST /jobs/create/ HTTP/1.1" 302 0
INFO 2025-06-20 11:14:14,229 basehttp "GET /dashboard/ HTTP/1.1" 200 15387
INFO 2025-06-20 11:14:16,985 basehttp "GET /jobs/create/ HTTP/1.1" 200 13246
INFO 2025-06-20 11:15:12,594 basehttp "POST /jobs/create/ HTTP/1.1" 302 0
INFO 2025-06-20 11:15:12,635 basehttp "GET /dashboard/ HTTP/1.1" 200 17641
INFO 2025-06-20 11:15:20,272 basehttp "GET /accounts/logout/ HTTP/1.1" 302 0
INFO 2025-06-20 11:15:20,323 basehttp "GET / HTTP/1.1" 200 31489
INFO 2025-06-20 11:15:20,489 basehttp "GET /media/company_logos/download_2.png HTTP/1.1" 200 3474
INFO 2025-06-20 11:15:22,037 basehttp "GET /accounts/login/ HTTP/1.1" 200 12032
INFO 2025-06-20 11:15:44,717 basehttp "POST /accounts/login/ HTTP/1.1" 302 0
INFO 2025-06-20 11:15:44,781 basehttp "GET / HTTP/1.1" 200 32205
INFO 2025-06-20 11:16:18,346 basehttp "GET /accounts/logout/ HTTP/1.1" 302 0
INFO 2025-06-20 11:16:18,393 basehttp "GET / HTTP/1.1" 200 31489
INFO 2025-06-20 11:16:18,518 basehttp "GET /media/company_logos/download_2.png HTTP/1.1" 304 0
INFO 2025-06-20 11:16:21,651 basehttp "GET /accounts/login/ HTTP/1.1" 200 12032
INFO 2025-06-20 11:16:34,000 basehttp "POST /accounts/login/ HTTP/1.1" 302 0
INFO 2025-06-20 11:16:34,075 basehttp "GET / HTTP/1.1" 200 32205
INFO 2025-06-20 11:16:39,579 basehttp "GET /dashboard/ HTTP/1.1" 200 14959
INFO 2025-06-20 11:16:42,226 basehttp "GET /jobs/4/applications/ HTTP/1.1" 200 22820
INFO 2025-06-20 11:16:46,427 basehttp "GET /applications/6/ACCEPTED/ HTTP/1.1" 302 0
INFO 2025-06-20 11:16:46,483 basehttp "GET /jobs/4/applications/ HTTP/1.1" 200 23243
INFO 2025-06-20 11:16:49,889 basehttp "GET /applications/6/INTERVIEW/ HTTP/1.1" 302 0
INFO 2025-06-20 11:16:49,960 basehttp "GET /jobs/4/applications/ HTTP/1.1" 200 23244
INFO 2025-06-20 11:16:52,060 basehttp "GET /applications/6/REVIEWED/ HTTP/1.1" 302 0
INFO 2025-06-20 11:16:52,097 basehttp "GET /jobs/4/applications/ HTTP/1.1" 200 23235
INFO 2025-06-20 11:16:54,970 basehttp "GET /applications/6/INTERVIEW/ HTTP/1.1" 302 0
INFO 2025-06-20 11:16:55,018 basehttp "GET /jobs/4/applications/ HTTP/1.1" 200 23245
INFO 2025-06-20 11:16:57,939 basehttp "GET /applications/6/ACCEPTED/ HTTP/1.1" 302 0
INFO 2025-06-20 11:16:58,002 basehttp "GET /jobs/4/applications/ HTTP/1.1" 200 23237
INFO 2025-06-20 11:17:01,790 basehttp "GET /dashboard/ HTTP/1.1" 200 14959
INFO 2025-06-20 11:17:04,908 basehttp "POST /jobs/4/delete/ HTTP/1.1" 302 0
INFO 2025-06-20 11:17:04,948 basehttp "GET /dashboard/ HTTP/1.1" 200 12851
WARNING 2025-06-20 11:17:05,104 basehttp "GET /static/images/no-jobs.svg HTTP/1.1" 404 1981
INFO 2025-06-20 11:17:35,342 basehttp "GET /admin/ HTTP/1.1" 200 14400
WARNING 2025-06-20 11:17:35,768 log Not Found: /favicon.ico
WARNING 2025-06-20 11:17:35,770 basehttp "GET /favicon.ico HTTP/1.1" 404 5562
WARNING 2025-06-20 11:17:57,440 log Not Found: /.well-known/appspecific/com.chrome.devtools.json
WARNING 2025-06-20 11:17:57,441 basehttp "GET /.well-known/appspecific/com.chrome.devtools.json HTTP/1.1" 404 5673
INFO 2025-06-20 11:19:43,394 basehttp "GET / HTTP/1.1" 200 29898
INFO 2025-06-20 11:19:43,598 basehttp "GET /media/company_logos/download_2.png HTTP/1.1" 304 0
INFO 2025-06-20 11:19:44,420 basehttp "GET /jobs/ HTTP/1.1" 200 19961
INFO 2025-06-20 11:19:54,572 basehttp "GET / HTTP/1.1" 200 29898
INFO 2025-06-20 11:20:08,807 basehttp "GET /admin/ HTTP/1.1" 302 0
INFO 2025-06-20 11:20:08,948 basehttp "GET /admin/login/?next=/admin/ HTTP/1.1" 200 3694
INFO 2025-06-20 11:20:08,982 basehttp "GET /static/admin/css/dark_mode.css HTTP/1.1" 304 0
INFO 2025-06-20 11:20:08,982 basehttp "GET /static/admin/css/base.css HTTP/1.1" 304 0
INFO 2025-06-20 11:20:08,984 basehttp "GET /static/admin/js/theme.js HTTP/1.1" 304 0
INFO 2025-06-20 11:20:09,033 basehttp "GET /static/admin/css/nav_sidebar.css HTTP/1.1" 304 0
INFO 2025-06-20 11:20:09,038 basehttp "GET /static/admin/css/login.css HTTP/1.1" 304 0
INFO 2025-06-20 11:20:09,038 basehttp "GET /static/admin/css/responsive.css HTTP/1.1" 304 0
INFO 2025-06-20 11:20:09,044 basehttp "GET /static/admin/js/nav_sidebar.js HTTP/1.1" 304 0
INFO 2025-06-20 11:20:14,911 basehttp "POST /admin/login/?next=/admin/ HTTP/1.1" 302 0
INFO 2025-06-20 11:20:14,974 basehttp "GET /admin/ HTTP/1.1" 200 14400
INFO 2025-06-20 11:20:15,153 basehttp "GET /static/admin/css/dashboard.css HTTP/1.1" 304 0
INFO 2025-06-20 11:20:15,197 basehttp "GET /static/admin/img/icon-addlink.svg HTTP/1.1" 304 0
INFO 2025-06-20 11:20:15,197 basehttp "GET /static/admin/img/icon-changelink.svg HTTP/1.1" 304 0
INFO 2025-06-20 11:20:19,241 basehttp "GET /admin/jobs/job/ HTTP/1.1" 200 16245
INFO 2025-06-20 11:20:19,399 basehttp "GET /static/admin/css/changelists.css HTTP/1.1" 304 0
INFO 2025-06-20 11:20:19,424 basehttp "GET /static/admin/js/vendor/jquery/jquery.js HTTP/1.1" 304 0
INFO 2025-06-20 11:20:19,425 basehttp "GET /static/admin/js/jquery.init.js HTTP/1.1" 304 0
INFO 2025-06-20 11:20:19,432 basehttp "GET /static/admin/js/actions.js HTTP/1.1" 304 0
INFO 2025-06-20 11:20:19,433 basehttp "GET /static/admin/js/urlify.js HTTP/1.1" 304 0
INFO 2025-06-20 11:20:19,438 basehttp "GET /static/admin/js/admin/RelatedObjectLookups.js HTTP/1.1" 304 0
INFO 2025-06-20 11:20:19,442 basehttp "GET /static/admin/js/prepopulate.js HTTP/1.1" 304 0
INFO 2025-06-20 11:20:19,443 basehttp "GET /static/admin/js/core.js HTTP/1.1" 304 0
INFO 2025-06-20 11:20:19,447 basehttp "GET /static/admin/js/vendor/xregexp/xregexp.js HTTP/1.1" 304 0
INFO 2025-06-20 11:20:19,448 basehttp "GET /static/admin/img/icon-no.svg HTTP/1.1" 304 0
INFO 2025-06-20 11:20:19,449 basehttp "GET /static/admin/img/icon-yes.svg HTTP/1.1" 304 0
INFO 2025-06-20 11:20:19,479 basehttp "GET /static/admin/js/filters.js HTTP/1.1" 304 0
INFO 2025-06-20 11:20:19,499 basehttp "GET /admin/jsi18n/ HTTP/1.1" 200 3342
INFO 2025-06-20 11:20:19,559 basehttp "GET /static/admin/img/tooltag-add.svg HTTP/1.1" 304 0
INFO 2025-06-20 11:20:19,562 basehttp "GET /static/admin/img/icon-viewlink.svg HTTP/1.1" 304 0
INFO 2025-06-20 11:20:41,919 basehttp "POST /admin/jobs/job/ HTTP/1.1" 200 12429
INFO 2025-06-20 11:20:42,067 basehttp "GET /static/admin/js/cancel.js HTTP/1.1" 200 884
INFO 2025-06-20 11:20:49,151 basehttp "POST /admin/jobs/job/ HTTP/1.1" 302 0
INFO 2025-06-20 11:20:49,214 basehttp "GET /admin/jobs/job/ HTTP/1.1" 200 14681
INFO 2025-06-20 11:20:49,348 basehttp "GET /admin/jsi18n/ HTTP/1.1" 200 3342
INFO 2025-06-20 11:20:55,449 basehttp "GET /admin/ HTTP/1.1" 200 14190
INFO 2025-06-20 11:20:55,614 basehttp "GET /static/admin/img/icon-deletelink.svg HTTP/1.1" 304 0
INFO 2025-06-20 11:20:56,220 basehttp "GET / HTTP/1.1" 200 25977
INFO 2025-06-20 11:22:30,569 basehttp "GET / HTTP/1.1" 200 25977
INFO 2025-06-20 11:22:30,739 basehttp "GET /media/company_logos/download_2.png HTTP/1.1" 304 0
INFO 2025-06-20 11:22:33,857 basehttp "GET /accounts/logout/ HTTP/1.1" 302 0
INFO 2025-06-20 11:22:33,917 basehttp "GET / HTTP/1.1" 200 25744
INFO 2025-06-20 11:22:36,481 basehttp "GET /accounts/login/ HTTP/1.1" 200 12032
INFO 2025-06-20 11:22:47,170 basehttp "POST /accounts/login/ HTTP/1.1" 302 0
INFO 2025-06-20 11:22:47,226 basehttp "GET / HTTP/1.1" 200 26460
INFO 2025-06-20 11:22:55,271 basehttp "GET /dashboard/ HTTP/1.1" 200 12451
INFO 2025-06-20 11:22:55,518 basehttp "GET /static/images/no-jobs.png HTTP/1.1" 200 1149485
INFO 2025-06-20 11:23:21,253 basehttp "GET /jobs/create/ HTTP/1.1" 200 13248
INFO 2025-06-20 11:24:12,859 basehttp "POST /jobs/create/ HTTP/1.1" 302 0
INFO 2025-06-20 11:24:12,897 basehttp "GET /dashboard/ HTTP/1.1" 200 15382
INFO 2025-06-20 11:24:14,271 basehttp "GET /jobs/create/ HTTP/1.1" 200 13248
INFO 2025-06-20 11:25:27,698 basehttp "POST /jobs/create/ HTTP/1.1" 302 0
INFO 2025-06-20 11:25:27,819 basehttp "GET /dashboard/ HTTP/1.1" 200 17617
INFO 2025-06-20 11:25:30,999 basehttp "GET / HTTP/1.1" 200 30175
INFO 2025-06-20 11:25:31,230 basehttp "GET /media/company_logos/download_2.png HTTP/1.1" 304 0
INFO 2025-06-20 11:25:32,816 basehttp "GET /accounts/logout/ HTTP/1.1" 302 0
INFO 2025-06-20 11:25:32,897 basehttp "GET / HTTP/1.1" 200 29851
INFO 2025-06-20 11:25:34,868 basehttp "GET /accounts/login/ HTTP/1.1" 200 12032
INFO 2025-06-20 11:25:43,994 basehttp "POST /accounts/login/ HTTP/1.1" 302 0
INFO 2025-06-20 11:25:44,098 basehttp "GET / HTTP/1.1" 200 30567
INFO 2025-06-20 11:26:03,842 basehttp "GET /jobs/create/ HTTP/1.1" 200 13248
INFO 2025-06-20 11:27:07,262 basehttp "POST /jobs/create/ HTTP/1.1" 302 0
INFO 2025-06-20 11:27:07,316 basehttp "GET /dashboard/ HTTP/1.1" 200 15361
INFO 2025-06-20 11:27:11,070 basehttp "GET /jobs/create/ HTTP/1.1" 200 13248
INFO 2025-06-20 11:27:14,257 basehttp "GET /dashboard/ HTTP/1.1" 200 14962
INFO 2025-06-20 11:27:19,711 basehttp "GET /jobs/create/ HTTP/1.1" 200 13248
INFO 2025-06-20 11:28:28,365 basehttp "POST /jobs/create/ HTTP/1.1" 302 0
INFO 2025-06-20 11:28:28,426 basehttp "GET /dashboard/ HTTP/1.1" 200 17606
INFO 2025-06-20 11:28:34,642 basehttp "GET /accounts/profile/ HTTP/1.1" 200 13454
INFO 2025-06-20 11:28:38,653 basehttp "GET /accounts/logout/ HTTP/1.1" 302 0
INFO 2025-06-20 11:28:38,742 basehttp "GET / HTTP/1.1" 200 34018
INFO 2025-06-20 11:28:38,963 basehttp "GET /media/company_logos/download_2.png HTTP/1.1" 304 0
INFO 2025-06-20 11:28:38,963 basehttp "GET /media/company_logos/download_3.png HTTP/1.1" 200 4726
INFO 2025-06-20 11:29:05,209 basehttp "GET /accounts/register/ HTTP/1.1" 200 19375
WARNING 2025-06-20 11:29:12,459 log Not Found: /.well-known/appspecific/com.chrome.devtools.json
WARNING 2025-06-20 11:29:12,462 basehttp "GET /.well-known/appspecific/com.chrome.devtools.json HTTP/1.1" 404 5673
INFO 2025-06-20 11:30:42,277 basehttp "POST /accounts/register/ HTTP/1.1" 302 0
INFO 2025-06-20 11:30:42,303 basehttp "GET /accounts/login/ HTTP/1.1" 200 12444
INFO 2025-06-20 11:30:53,497 basehttp "POST /accounts/login/ HTTP/1.1" 302 0
INFO 2025-06-20 11:30:53,561 basehttp "GET / HTTP/1.1" 200 34732
INFO 2025-06-20 11:30:53,666 basehttp "GET /media/company_logos/download_3.png HTTP/1.1" 304 0
INFO 2025-06-20 11:30:53,693 basehttp "GET /media/company_logos/download_2.png HTTP/1.1" 304 0
INFO 2025-06-20 11:31:46,062 basehttp "GET /jobs/create/ HTTP/1.1" 200 13246
INFO 2025-06-20 11:32:43,232 basehttp "POST /jobs/create/ HTTP/1.1" 302 0
INFO 2025-06-20 11:32:43,279 basehttp "GET /dashboard/ HTTP/1.1" 200 15390
INFO 2025-06-20 11:32:47,850 basehttp "GET /jobs/create/ HTTP/1.1" 200 13246
INFO 2025-06-20 11:33:42,701 basehttp "POST /jobs/create/ HTTP/1.1" 302 0
INFO 2025-06-20 11:33:42,748 basehttp "GET /dashboard/ HTTP/1.1" 200 17627
INFO 2025-06-20 11:33:49,493 basehttp "GET /jobs/ HTTP/1.1" 200 25634
INFO 2025-06-20 11:33:49,627 basehttp "GET /media/company_logos/download_3.png HTTP/1.1" 304 0
INFO 2025-06-20 11:33:49,645 basehttp "GET /media/company_logos/download_4.png HTTP/1.1" 200 2080
INFO 2025-06-20 11:33:49,667 basehttp "GET /media/company_logos/download_2.png HTTP/1.1" 304 0
INFO 2025-06-20 11:34:03,614 basehttp "GET /jobs/?q=&location=&type=INTERNSHIP&category= HTTP/1.1" 200 15754
INFO 2025-06-20 11:34:10,622 basehttp "GET /jobs/?q=&location=&type=PART_TIME&category= HTTP/1.1" 200 15724
INFO 2025-06-20 11:34:15,241 basehttp "GET /jobs/?q=&location=&type=FULL_TIME&category= HTTP/1.1" 200 21422
INFO 2025-06-20 11:34:15,473 basehttp "GET /media/company_logos/download_4.png HTTP/1.1" 304 0
INFO 2025-06-20 11:34:19,916 basehttp "GET /jobs/ HTTP/1.1" 200 25635
INFO 2025-06-20 11:34:20,748 basehttp "GET / HTTP/1.1" 200 38491
INFO 2025-06-20 11:34:30,741 basehttp "GET /jobs/7/ HTTP/1.1" 200 12711
INFO 2025-06-20 11:34:38,553 basehttp "GET / HTTP/1.1" 200 38491
INFO 2025-06-20 11:34:38,677 basehttp "GET /media/company_logos/download_4.png HTTP/1.1" 304 0
INFO 2025-06-20 11:34:41,243 basehttp "GET /accounts/logout/ HTTP/1.1" 302 0
INFO 2025-06-20 11:34:41,319 basehttp "GET / HTTP/1.1" 200 38169
INFO 2025-06-20 11:35:00,366 basehttp "GET /accounts/register/ HTTP/1.1" 200 19375
INFO 2025-06-20 11:36:23,338 basehttp "POST /accounts/register/ HTTP/1.1" 302 0
INFO 2025-06-20 11:36:23,370 basehttp "GET /accounts/login/ HTTP/1.1" 200 12444
INFO 2025-06-20 11:36:32,465 basehttp "POST /accounts/login/ HTTP/1.1" 302 0
INFO 2025-06-20 11:36:32,546 basehttp "GET / HTTP/1.1" 200 38884
INFO 2025-06-20 11:36:32,678 basehttp "GET /media/company_logos/download_4.png HTTP/1.1" 304 0
INFO 2025-06-20 11:36:32,706 basehttp "GET /media/company_logos/download_3.png HTTP/1.1" 304 0
INFO 2025-06-20 11:36:32,720 basehttp "GET /media/company_logos/download_2.png HTTP/1.1" 304 0
INFO 2025-06-20 11:36:55,236 basehttp "GET /jobs/create/ HTTP/1.1" 200 13247
INFO 2025-06-20 11:38:28,675 basehttp "POST /jobs/create/ HTTP/1.1" 302 0
INFO 2025-06-20 11:38:28,721 basehttp "GET /dashboard/ HTTP/1.1" 200 15376
INFO 2025-06-20 11:38:33,246 basehttp "GET /accounts/logout/ HTTP/1.1" 302 0
INFO 2025-06-20 11:38:33,295 basehttp "GET / HTTP/1.1" 200 38165
INFO 2025-06-20 11:38:33,360 basehttp "GET /media/company_logos/download_4.png HTTP/1.1" 304 0
INFO 2025-06-20 11:38:33,383 basehttp "GET /media/company_logos/download_5.png HTTP/1.1" 200 2925
INFO 2025-06-20 11:38:37,667 basehttp "GET /jobs/ HTTP/1.1" 200 26050
INFO 2025-06-20 11:39:30,867 basehttp "GET /accounts/register/ HTTP/1.1" 200 19375
INFO 2025-06-20 11:39:30,939 basehttp "GET /static/css/style.css HTTP/1.1" 200 23605
INFO 2025-06-20 11:40:53,440 basehttp "POST /accounts/register/ HTTP/1.1" 302 0
INFO 2025-06-20 11:40:53,459 basehttp "GET /accounts/login/ HTTP/1.1" 200 12444
INFO 2025-06-20 11:41:03,642 basehttp "POST /accounts/login/ HTTP/1.1" 302 0
INFO 2025-06-20 11:41:03,730 basehttp "GET / HTTP/1.1" 200 38879
INFO 2025-06-20 11:41:03,868 basehttp "GET /media/company_logos/download_5.png HTTP/1.1" 304 0
INFO 2025-06-20 11:41:03,888 basehttp "GET /media/company_logos/download_3.png HTTP/1.1" 304 0
INFO 2025-06-20 11:41:03,907 basehttp "GET /media/company_logos/download_4.png HTTP/1.1" 304 0
INFO 2025-06-20 11:41:03,927 basehttp "GET /media/company_logos/download_2.png HTTP/1.1" 304 0
INFO 2025-06-20 11:41:12,577 basehttp "GET /jobs/ HTTP/1.1" 200 27046
INFO 2025-06-20 11:41:16,962 basehttp "GET /jobs/create/ HTTP/1.1" 200 13246
INFO 2025-06-20 11:42:33,304 basehttp "POST /jobs/create/ HTTP/1.1" 302 0
INFO 2025-06-20 11:42:33,344 basehttp "GET /dashboard/ HTTP/1.1" 200 15376
INFO 2025-06-20 11:42:44,829 basehttp "GET /jobs/create/ HTTP/1.1" 200 13246
INFO 2025-06-20 11:43:36,946 basehttp "POST /jobs/create/ HTTP/1.1" 302 0
INFO 2025-06-20 11:43:37,002 basehttp "GET /dashboard/ HTTP/1.1" 200 17634
INFO 2025-06-20 11:43:40,488 basehttp "GET / HTTP/1.1" 200 38444
INFO 2025-06-20 11:43:40,624 basehttp "GET /media/company_logos/download_4.png HTTP/1.1" 304 0
INFO 2025-06-20 11:43:40,642 basehttp "GET /media/company_logos/download_5.png HTTP/1.1" 304 0
INFO 2025-06-20 11:43:40,661 basehttp "GET /media/company_logos/download_6.png HTTP/1.1" 200 3660
INFO 2025-06-20 11:44:43,233 basehttp "GET / HTTP/1.1" 200 38444
INFO 2025-06-20 11:44:43,307 basehttp "GET /static/css/style.css HTTP/1.1" 304 0
INFO 2025-06-20 11:44:43,370 basehttp "GET /media/company_logos/download_5.png HTTP/1.1" 304 0
INFO 2025-06-20 11:44:43,382 basehttp "GET /media/company_logos/download_3.png HTTP/1.1" 304 0
INFO 2025-06-20 11:44:43,390 basehttp "GET /media/company_logos/download_6.png HTTP/1.1" 304 0
INFO 2025-06-20 11:45:02,934 basehttp "GET /accounts/logout/ HTTP/1.1" 302 0
INFO 2025-06-20 11:45:03,017 basehttp "GET / HTTP/1.1" 200 38122
INFO 2025-06-20 11:45:03,194 basehttp "GET /media/company_logos/download_4.png HTTP/1.1" 304 0
INFO 2025-06-20 11:46:23,876 basehttp "GET /accounts/register/ HTTP/1.1" 200 19375
INFO 2025-06-20 11:48:04,919 basehttp "POST /accounts/register/ HTTP/1.1" 302 0
INFO 2025-06-20 11:48:04,947 basehttp "GET /accounts/login/ HTTP/1.1" 200 12444
INFO 2025-06-20 11:48:14,853 basehttp "POST /accounts/login/ HTTP/1.1" 302 0
INFO 2025-06-20 11:48:14,925 basehttp "GET / HTTP/1.1" 200 38840
INFO 2025-06-20 11:48:15,065 basehttp "GET /media/company_logos/download_5.png HTTP/1.1" 304 0
INFO 2025-06-20 11:48:15,083 basehttp "GET /media/company_logos/download_6.png HTTP/1.1" 304 0
INFO 2025-06-20 11:48:15,094 basehttp "GET /media/company_logos/download_4.png HTTP/1.1" 304 0
INFO 2025-06-20 11:48:39,457 basehttp "GET /jobs/create/ HTTP/1.1" 200 13250
INFO 2025-06-20 11:50:00,359 basehttp "POST /jobs/create/ HTTP/1.1" 302 0
INFO 2025-06-20 11:50:00,411 basehttp "GET /dashboard/ HTTP/1.1" 200 15398
INFO 2025-06-20 11:50:12,005 basehttp "GET /jobs/create/ HTTP/1.1" 200 13250
INFO 2025-06-20 11:50:12,094 basehttp "GET /static/css/style.css HTTP/1.1" 304 0
INFO 2025-06-20 11:50:21,768 basehttp "GET / HTTP/1.1" 200 38529
INFO 2025-06-20 11:50:21,996 basehttp "GET /media/company_logos/download_6.png HTTP/1.1" 304 0
INFO 2025-06-20 11:50:22,027 basehttp "GET /media/company_logos/download_5.png HTTP/1.1" 304 0
INFO 2025-06-20 11:50:22,050 basehttp "GET /media/company_logos/download_4.png HTTP/1.1" 304 0
INFO 2025-06-20 11:50:22,064 basehttp "GET /media/company_logos/download_3.png HTTP/1.1" 304 0
INFO 2025-06-20 11:50:22,075 basehttp "GET /media/company_logos/download_7.png HTTP/1.1" 200 1576
INFO 2025-06-20 11:50:36,760 basehttp "GET /jobs/ HTTP/1.1" 200 31325
INFO 2025-06-20 11:50:36,868 basehttp "GET /media/company_logos/download_7.png HTTP/1.1" 304 0
INFO 2025-06-20 11:50:36,879 basehttp "GET /media/company_logos/download_2.png HTTP/1.1" 304 0
INFO 2025-06-20 11:51:03,040 basehttp "GET /jobs/16/ HTTP/1.1" 200 13439
INFO 2025-06-20 11:51:03,119 basehttp "GET /media/company_logos/download_7.png HTTP/1.1" 304 0
INFO 2025-06-20 11:51:18,329 basehttp "GET /accounts/logout/ HTTP/1.1" 302 0
INFO 2025-06-20 11:51:18,404 basehttp "GET / HTTP/1.1" 200 38203
INFO 2025-06-20 11:51:18,603 basehttp "GET /media/company_logos/download_6.png HTTP/1.1" 304 0
INFO 2025-06-20 11:51:25,394 basehttp "GET /jobs/?category=1 HTTP/1.1" 200 18991
INFO 2025-06-20 11:51:32,034 basehttp "GET /jobs/?q=&location=&type=&category=2 HTTP/1.1" 200 16189
INFO 2025-06-20 11:51:36,889 basehttp "GET /jobs/?q=&location=&type=&category=3 HTTP/1.1" 200 14743
INFO 2025-06-20 11:51:41,065 basehttp "GET /jobs/?q=&location=&type=&category=4 HTTP/1.1" 200 14815
INFO 2025-06-20 11:51:41,149 basehttp "GET /media/company_logos/download_7.png HTTP/1.1" 304 0
INFO 2025-06-20 11:51:47,048 basehttp "GET /jobs/?q=&location=&type=&category=6 HTTP/1.1" 200 14729
INFO 2025-06-20 11:51:50,908 basehttp "GET /jobs/?q=&location=&type=&category=7 HTTP/1.1" 200 16163
INFO 2025-06-20 11:52:02,087 basehttp "GET /accounts/register/ HTTP/1.1" 200 19375
INFO 2025-06-20 11:53:44,127 basehttp "POST /accounts/register/ HTTP/1.1" 302 0
INFO 2025-06-20 11:53:44,157 basehttp "GET /accounts/login/ HTTP/1.1" 200 12444
INFO 2025-06-20 11:53:56,058 basehttp "POST /accounts/login/ HTTP/1.1" 302 0
INFO 2025-06-20 11:53:56,121 basehttp "GET / HTTP/1.1" 200 38919
INFO 2025-06-20 11:53:56,212 basehttp "GET /media/company_logos/download_7.png HTTP/1.1" 304 0
INFO 2025-06-20 11:53:56,252 basehttp "GET /media/company_logos/download_6.png HTTP/1.1" 304 0
INFO 2025-06-20 11:53:56,291 basehttp "GET /media/company_logos/download_4.png HTTP/1.1" 304 0
INFO 2025-06-20 11:53:56,306 basehttp "GET /media/company_logos/download_5.png HTTP/1.1" 304 0
INFO 2025-06-20 11:54:33,944 basehttp "GET /jobs/create/ HTTP/1.1" 200 13248
INFO 2025-06-20 11:55:11,669 basehttp "POST /jobs/create/ HTTP/1.1" 302 0
INFO 2025-06-20 11:55:11,734 basehttp "GET /dashboard/ HTTP/1.1" 200 15406
INFO 2025-06-20 11:55:15,765 basehttp "GET /jobs/create/ HTTP/1.1" 200 13248
INFO 2025-06-20 11:56:17,278 basehttp "POST /jobs/create/ HTTP/1.1" 302 0
INFO 2025-06-20 11:56:17,335 basehttp "GET /dashboard/ HTTP/1.1" 200 17658
INFO 2025-06-20 11:56:17,455 basehttp "GET /static/css/style.css HTTP/1.1" 304 0
INFO 2025-06-20 11:56:22,798 basehttp "GET /accounts/logout/ HTTP/1.1" 302 0
INFO 2025-06-20 11:56:22,894 basehttp "GET / HTTP/1.1" 200 38186
INFO 2025-06-20 11:56:23,044 basehttp "GET /media/company_logos/download_7.png HTTP/1.1" 304 0
INFO 2025-06-20 11:56:23,049 basehttp "GET /media/company_logos/download_6.png HTTP/1.1" 304 0
INFO 2025-06-20 11:56:23,050 basehttp "GET /media/company_logos/download_4.png HTTP/1.1" 304 0
INFO 2025-06-20 11:56:23,051 basehttp "GET /media/company_logos/download_5.png HTTP/1.1" 304 0
INFO 2025-06-20 11:56:23,062 basehttp "GET /media/company_logos/download_8.png HTTP/1.1" 200 1988
INFO 2025-06-20 11:56:25,565 basehttp "GET /jobs/ HTTP/1.1" 200 33145
INFO 2025-06-20 11:56:25,739 basehttp "GET /media/company_logos/download_3.png HTTP/1.1" 304 0
INFO 2025-06-20 11:56:25,771 basehttp "GET /media/company_logos/download_2.png HTTP/1.1" 304 0
WARNING 2025-06-20 11:56:38,101 log Not Found: /.well-known/appspecific/com.chrome.devtools.json
WARNING 2025-06-20 11:56:38,102 basehttp "GET /.well-known/appspecific/com.chrome.devtools.json HTTP/1.1" 404 5673
INFO 2025-06-20 11:56:48,413 basehttp "GET / HTTP/1.1" 200 37786
WARNING 2025-06-20 11:56:48,586 log Not Found: /.well-known/appspecific/com.chrome.devtools.json
WARNING 2025-06-20 11:56:48,588 basehttp "GET /.well-known/appspecific/com.chrome.devtools.json HTTP/1.1" 404 5673
INFO 2025-06-20 11:56:48,636 basehttp "GET /media/company_logos/download_8.png HTTP/1.1" 304 0
INFO 2025-06-20 11:57:15,532 basehttp "GET /jobs/?category=3 HTTP/1.1" 200 14743
WARNING 2025-06-20 11:57:15,604 log Not Found: /.well-known/appspecific/com.chrome.devtools.json
WARNING 2025-06-20 11:57:15,610 basehttp "GET /.well-known/appspecific/com.chrome.devtools.json HTTP/1.1" 404 5673
INFO 2025-06-20 11:57:17,903 basehttp "GET / HTTP/1.1" 200 37786
WARNING 2025-06-20 11:57:18,038 log Not Found: /.well-known/appspecific/com.chrome.devtools.json
WARNING 2025-06-20 11:57:18,047 basehttp "GET /.well-known/appspecific/com.chrome.devtools.json HTTP/1.1" 404 5673
INFO 2025-06-20 11:57:18,092 basehttp "GET /media/company_logos/download_7.png HTTP/1.1" 304 0
INFO 2025-06-20 11:57:18,093 basehttp "GET /media/company_logos/download_8.png HTTP/1.1" 304 0
INFO 2025-06-20 11:59:00,007 basehttp "GET /jobs/17/ HTTP/1.1" 200 12757
WARNING 2025-06-20 11:59:00,115 log Not Found: /.well-known/appspecific/com.chrome.devtools.json
WARNING 2025-06-20 11:59:00,116 basehttp "GET /.well-known/appspecific/com.chrome.devtools.json HTTP/1.1" 404 5673
INFO 2025-06-20 11:59:00,129 basehttp "GET /media/company_logos/download_8.png HTTP/1.1" 304 0
INFO 2025-06-20 11:59:02,431 basehttp "GET / HTTP/1.1" 200 37786
WARNING 2025-06-20 11:59:02,503 log Not Found: /.well-known/appspecific/com.chrome.devtools.json
WARNING 2025-06-20 11:59:02,504 basehttp "GET /.well-known/appspecific/com.chrome.devtools.json HTTP/1.1" 404 5673
INFO 2025-06-20 11:59:02,541 basehttp "GET /media/company_logos/download_7.png HTTP/1.1" 304 0
INFO 2025-06-20 11:59:02,552 basehttp "GET /media/company_logos/download_6.png HTTP/1.1" 304 0
INFO 2025-06-20 11:59:02,595 basehttp "GET /media/company_logos/download_5.png HTTP/1.1" 304 0
INFO 2025-06-20 11:59:02,600 basehttp "GET /media/company_logos/download_4.png HTTP/1.1" 304 0
INFO 2025-06-20 11:59:03,748 basehttp "GET /jobs/ HTTP/1.1" 200 33146
WARNING 2025-06-20 11:59:03,818 log Not Found: /.well-known/appspecific/com.chrome.devtools.json
WARNING 2025-06-20 11:59:03,820 basehttp "GET /.well-known/appspecific/com.chrome.devtools.json HTTP/1.1" 404 5673
INFO 2025-06-20 11:59:19,404 basehttp "GET / HTTP/1.1" 200 37786
INFO 2025-06-20 11:59:27,602 basehttp "GET /jobs/ HTTP/1.1" 200 33146
INFO 2025-06-20 12:00:13,511 basehttp "GET /accounts/register/ HTTP/1.1" 200 19375
INFO 2025-06-20 12:03:02,572 basehttp "POST /accounts/register/ HTTP/1.1" 302 0
INFO 2025-06-20 12:03:02,620 basehttp "GET /accounts/login/ HTTP/1.1" 200 12444
INFO 2025-06-20 12:03:02,812 basehttp "GET /static/css/style.css HTTP/1.1" 304 0
INFO 2025-06-20 12:03:14,053 basehttp "POST /accounts/login/ HTTP/1.1" 302 0
INFO 2025-06-20 12:03:14,134 basehttp "GET / HTTP/1.1" 200 38905
INFO 2025-06-20 12:03:14,232 basehttp "GET /static/images/hero-image.webp HTTP/1.1" 304 0
INFO 2025-06-20 12:03:14,270 basehttp "GET /media/company_logos/download_8.png HTTP/1.1" 304 0
INFO 2025-06-20 12:03:14,295 basehttp "GET /media/company_logos/download_7.png HTTP/1.1" 304 0
INFO 2025-06-20 12:03:14,313 basehttp "GET /media/company_logos/download_6.png HTTP/1.1" 304 0
INFO 2025-06-20 12:03:14,323 basehttp "GET /media/company_logos/download_4.png HTTP/1.1" 304 0
INFO 2025-06-20 12:03:14,331 basehttp "GET /media/company_logos/download_5.png HTTP/1.1" 304 0
INFO 2025-06-20 12:03:50,724 basehttp "GET /jobs/create/ HTTP/1.1" 200 13251
INFO 2025-06-20 12:03:50,895 basehttp "GET /static/js/main.js HTTP/1.1" 304 0
INFO 2025-06-20 12:04:28,922 basehttp "POST /jobs/create/ HTTP/1.1" 302 0
INFO 2025-06-20 12:04:28,971 basehttp "GET /dashboard/ HTTP/1.1" 200 15400
INFO 2025-06-20 12:04:35,230 basehttp "GET /jobs/create/ HTTP/1.1" 200 13251
INFO 2025-06-20 12:05:30,311 basehttp "POST /jobs/create/ HTTP/1.1" 302 0
INFO 2025-06-20 12:05:30,357 basehttp "GET /dashboard/ HTTP/1.1" 200 17659
INFO 2025-06-20 12:05:51,825 basehttp "GET /dashboard/ HTTP/1.1" 200 17260
INFO 2025-06-20 12:05:54,233 basehttp "GET /accounts/logout/ HTTP/1.1" 302 0
INFO 2025-06-20 12:05:54,287 basehttp "GET / HTTP/1.1" 200 38179
INFO 2025-06-20 12:05:54,377 basehttp "GET /media/company_logos/download_8.png HTTP/1.1" 304 0
INFO 2025-06-20 12:05:54,377 basehttp "GET /media/company_logos/download_7.png HTTP/1.1" 304 0
INFO 2025-06-20 12:05:54,392 basehttp "GET /media/company_logos/download_6.png HTTP/1.1" 304 0
INFO 2025-06-20 12:05:54,401 basehttp "GET /media/company_logos/download_9.png HTTP/1.1" 200 3688
INFO 2025-06-20 12:05:55,339 basehttp "GET /accounts/login/ HTTP/1.1" 200 11952
INFO 2025-06-20 12:06:15,425 basehttp "GET /accounts/register/ HTTP/1.1" 200 19375
INFO 2025-06-20 12:10:46,065 basehttp "GET / HTTP/1.1" 200 37779
INFO 2025-06-20 12:10:46,201 basehttp "GET /static/css/style.css HTTP/1.1" 304 0
INFO 2025-06-20 12:10:46,250 basehttp "GET /media/company_logos/download_9.png HTTP/1.1" 304 0
INFO 2025-06-20 12:10:46,250 basehttp "GET /media/company_logos/download_8.png HTTP/1.1" 304 0
INFO 2025-06-20 12:10:46,257 basehttp "GET /media/company_logos/download_7.png HTTP/1.1" 304 0
INFO 2025-06-20 12:10:46,259 basehttp "GET /media/company_logos/download_6.png HTTP/1.1" 304 0
INFO 2025-06-20 12:10:46,274 basehttp "GET /media/company_logos/download_5.png HTTP/1.1" 304 0
INFO 2025-06-20 12:10:55,833 basehttp "GET /jobs/ HTTP/1.1" 200 35964
INFO 2025-06-20 12:10:55,906 basehttp "GET /media/company_logos/download_4.png HTTP/1.1" 304 0
INFO 2025-06-20 12:10:55,922 basehttp "GET /media/company_logos/download_3.png HTTP/1.1" 304 0
INFO 2025-06-20 12:10:55,922 basehttp "GET /media/company_logos/download_2.png HTTP/1.1" 304 0
INFO 2025-06-20 12:11:14,150 basehttp "GET /jobs/?q=&location=Canada&type=&category= HTTP/1.1" 200 14815
INFO 2025-06-20 12:11:53,221 basehttp "GET /jobs/?q=Instructor&location=&type=&category= HTTP/1.1" 200 14759
INFO 2025-06-20 12:11:57,975 basehttp "GET / HTTP/1.1" 200 37779
INFO 2025-06-20 12:11:58,070 basehttp "GET /media/company_logos/download_9.png HTTP/1.1" 304 0
INFO 2025-06-20 12:12:10,617 basehttp "GET /jobs/ HTTP/1.1" 200 35964
INFO 2025-06-20 12:12:15,343 basehttp "GET /jobs/?q=&location=&type=&category=1 HTTP/1.1" 200 18992
INFO 2025-06-20 12:12:22,301 basehttp "GET /jobs/?q=&location=&type=&category=2 HTTP/1.1" 200 16190
INFO 2025-06-20 12:12:27,095 basehttp "GET /jobs/?q=&location=&type=&category=3 HTTP/1.1" 200 14743
INFO 2025-06-20 12:12:32,664 basehttp "GET /jobs/?q=&location=&type=&category=4 HTTP/1.1" 200 14817
INFO 2025-06-20 12:12:36,228 basehttp "GET /jobs/?q=&location=&type=&category=5 HTTP/1.1" 200 14757
INFO 2025-06-20 12:12:36,340 basehttp "GET /media/company_logos/download_8.png HTTP/1.1" 304 0
INFO 2025-06-20 12:12:40,306 basehttp "GET /jobs/?q=&location=&type=&category=6 HTTP/1.1" 200 14729
INFO 2025-06-20 12:12:44,146 basehttp "GET /jobs/?q=&location=&type=&category=7 HTTP/1.1" 200 16163
INFO 2025-06-20 12:12:48,082 basehttp "GET /jobs/?q=&location=&type=&category=8 HTTP/1.1" 200 16150
INFO 2025-06-20 12:12:52,109 basehttp "GET /jobs/?q=&location=&type=&category=9 HTTP/1.1" 200 14751
INFO 2025-06-20 12:12:52,204 basehttp "GET /media/company_logos/download_9.png HTTP/1.1" 304 0
INFO 2025-06-20 12:12:56,337 basehttp "GET /jobs/?q=&location=&type=&category=10 HTTP/1.1" 200 14750
INFO 2025-06-20 12:13:32,430 basehttp "GET /accounts/login/ HTTP/1.1" 200 11952
INFO 2025-06-20 12:13:32,493 basehttp "GET /static/images/login-illustration.png HTTP/1.1" 304 0
INFO 2025-06-20 12:13:42,014 basehttp "POST /accounts/login/ HTTP/1.1" 302 0
INFO 2025-06-20 12:13:42,090 basehttp "GET / HTTP/1.1" 200 38895
INFO 2025-06-20 12:13:42,221 basehttp "GET /media/company_logos/download_7.png HTTP/1.1" 304 0
INFO 2025-06-20 12:13:44,883 basehttp "GET /jobs/ HTTP/1.1" 200 36962
INFO 2025-06-20 12:13:48,358 basehttp "GET /jobs/create/ HTTP/1.1" 200 13248
INFO 2025-06-20 12:14:35,549 basehttp "POST /jobs/create/ HTTP/1.1" 302 0
INFO 2025-06-20 12:14:35,608 basehttp "GET /dashboard/ HTTP/1.1" 200 19902
INFO 2025-06-20 12:14:40,200 basehttp "GET /accounts/logout/ HTTP/1.1" 302 0
INFO 2025-06-20 12:14:40,251 basehttp "GET / HTTP/1.1" 200 38153
INFO 2025-06-20 12:14:40,346 basehttp "GET /media/company_logos/download_8.png HTTP/1.1" 304 0
INFO 2025-06-20 12:14:40,347 basehttp "GET /media/company_logos/download_6.png HTTP/1.1" 304 0
INFO 2025-06-20 12:14:40,347 basehttp "GET /media/company_logos/download_9.png HTTP/1.1" 304 0
INFO 2025-06-20 12:14:47,084 basehttp "GET /accounts/login/ HTTP/1.1" 200 11952
INFO 2025-06-20 12:15:05,704 basehttp "POST /accounts/login/ HTTP/1.1" 302 0
INFO 2025-06-20 12:15:05,779 basehttp "GET / HTTP/1.1" 200 38871
INFO 2025-06-20 12:15:08,893 basehttp "GET /jobs/create/ HTTP/1.1" 200 13250
INFO 2025-06-20 12:15:54,297 basehttp "POST /jobs/create/ HTTP/1.1" 302 0
INFO 2025-06-20 12:15:54,358 basehttp "GET /dashboard/ HTTP/1.1" 200 17669
INFO 2025-06-20 12:15:57,348 basehttp "GET / HTTP/1.1" 200 38582
INFO 2025-06-20 12:15:57,473 basehttp "GET /media/company_logos/download_9.png HTTP/1.1" 304 0
INFO 2025-06-20 12:16:06,898 basehttp "GET /jobs/ HTTP/1.1" 200 39856
INFO 2025-06-20 12:16:07,009 basehttp "GET /media/company_logos/download_5.png HTTP/1.1" 304 0
INFO 2025-06-20 12:16:07,043 basehttp "GET /media/company_logos/download_4.png HTTP/1.1" 304 0
INFO 2025-06-20 12:16:22,615 basehttp "GET /accounts/logout/ HTTP/1.1" 302 0
INFO 2025-06-20 12:16:22,667 basehttp "GET / HTTP/1.1" 200 38256
INFO 2025-06-20 12:16:22,782 basehttp "GET /media/company_logos/download_7.png HTTP/1.1" 304 0
INFO 2025-06-20 12:16:24,608 basehttp "GET /accounts/login/ HTTP/1.1" 200 11952
INFO 2025-06-20 12:16:33,743 basehttp "POST /accounts/login/ HTTP/1.1" 302 0
INFO 2025-06-20 12:16:33,792 basehttp "GET / HTTP/1.1" 200 38971
INFO 2025-06-20 12:16:41,414 basehttp "GET /jobs/create/ HTTP/1.1" 200 13247
INFO 2025-06-20 12:17:25,184 basehttp "POST /jobs/create/ HTTP/1.1" 302 0
INFO 2025-06-20 12:17:25,218 basehttp "GET /dashboard/ HTTP/1.1" 200 17627
INFO 2025-06-20 12:17:29,103 basehttp "GET / HTTP/1.1" 200 38600
INFO 2025-06-20 12:17:29,191 basehttp "GET /media/company_logos/download_8.png HTTP/1.1" 304 0
INFO 2025-06-20 12:17:29,208 basehttp "GET /media/company_logos/download_9.png HTTP/1.1" 304 0
INFO 2025-06-20 12:19:51,597 basehttp "GET / HTTP/1.1" 200 38890
INFO 2025-06-20 12:19:51,674 basehttp "GET /static/css/style.css HTTP/1.1" 304 0
INFO 2025-06-20 12:19:51,734 basehttp "GET /media/company_logos/download_7.png HTTP/1.1" 304 0
INFO 2025-06-20 12:19:51,750 basehttp "GET /media/company_logos/download_8.png HTTP/1.1" 304 0
INFO 2025-06-20 12:19:51,770 basehttp "GET /media/company_logos/download_9.png HTTP/1.1" 304 0
INFO 2025-06-20 12:20:35,279 basehttp "GET / HTTP/1.1" 200 38890
INFO 2025-06-20 12:20:35,455 basehttp "GET /media/company_logos/download_5.png HTTP/1.1" 304 0
INFO 2025-06-20 12:20:50,677 basehttp "GET /dashboard/ HTTP/1.1" 200 17518
INFO 2025-06-20 12:20:53,082 basehttp "GET /jobs/23/applications/ HTTP/1.1" 200 10736
INFO 2025-06-20 12:22:41,864 basehttp "GET / HTTP/1.1" 200 38922
INFO 2025-06-20 12:22:42,014 basehttp "GET /media/company_logos/download_8.png HTTP/1.1" 304 0
INFO 2025-06-20 12:22:42,027 basehttp "GET /media/company_logos/download_9.png HTTP/1.1" 304 0
WARNING 2025-06-20 12:22:43,421 log Not Found: /applicants/my_applications.html
WARNING 2025-06-20 12:22:43,423 basehttp "GET /applicants/my_applications.html HTTP/1.1" 404 6342
ERROR 2025-06-20 12:23:49,907 log Internal Server Error: /
Traceback (most recent call last):
  File "C:\Users\Mirza Haseeb\Desktop\job board web app\venv\Lib\site-packages\django\core\handlers\exception.py", line 55, in inner
    response = get_response(request)
  File "C:\Users\Mirza Haseeb\Desktop\job board web app\venv\Lib\site-packages\django\core\handlers\base.py", line 197, in _get_response
    response = wrapped_callback(request, *callback_args, **callback_kwargs)
  File "D:\applyforge clone\job board web app\jobs\views.py", line 28, in home
    return render(request, 'jobs/home.html', context)
  File "C:\Users\Mirza Haseeb\Desktop\job board web app\venv\Lib\site-packages\django\shortcuts.py", line 25, in render
    content = loader.render_to_string(template_name, context, request, using=using)
  File "C:\Users\Mirza Haseeb\Desktop\job board web app\venv\Lib\site-packages\django\template\loader.py", line 62, in render_to_string
    return template.render(context, request)
           ~~~~~~~~~~~~~~~^^^^^^^^^^^^^^^^^^
  File "C:\Users\Mirza Haseeb\Desktop\job board web app\venv\Lib\site-packages\django\template\backends\django.py", line 107, in render
    return self.template.render(context)
           ~~~~~~~~~~~~~~~~~~~~^^^^^^^^^
  File "C:\Users\Mirza Haseeb\Desktop\job board web app\venv\Lib\site-packages\django\template\base.py", line 171, in render
    return self._render(context)
           ~~~~~~~~~~~~^^^^^^^^^
  File "C:\Users\Mirza Haseeb\Desktop\job board web app\venv\Lib\site-packages\django\template\base.py", line 163, in _render
    return self.nodelist.render(context)
           ~~~~~~~~~~~~~~~~~~~~^^^^^^^^^
  File "C:\Users\Mirza Haseeb\Desktop\job board web app\venv\Lib\site-packages\django\template\base.py", line 1016, in render
    return SafeString("".join([node.render_annotated(context) for node in self]))
                               ~~~~~~~~~~~~~~~~~~~~~^^^^^^^^^
  File "C:\Users\Mirza Haseeb\Desktop\job board web app\venv\Lib\site-packages\django\template\base.py", line 977, in render_annotated
    return self.render(context)
           ~~~~~~~~~~~^^^^^^^^^
  File "C:\Users\Mirza Haseeb\Desktop\job board web app\venv\Lib\site-packages\django\template\loader_tags.py", line 159, in render
    return compiled_parent._render(context)
           ~~~~~~~~~~~~~~~~~~~~~~~^^^^^^^^^
  File "C:\Users\Mirza Haseeb\Desktop\job board web app\venv\Lib\site-packages\django\template\base.py", line 163, in _render
    return self.nodelist.render(context)
           ~~~~~~~~~~~~~~~~~~~~^^^^^^^^^
  File "C:\Users\Mirza Haseeb\Desktop\job board web app\venv\Lib\site-packages\django\template\base.py", line 1016, in render
    return SafeString("".join([node.render_annotated(context) for node in self]))
                               ~~~~~~~~~~~~~~~~~~~~~^^^^^^^^^
  File "C:\Users\Mirza Haseeb\Desktop\job board web app\venv\Lib\site-packages\django\template\base.py", line 977, in render_annotated
    return self.render(context)
           ~~~~~~~~~~~^^^^^^^^^
  File "C:\Users\Mirza Haseeb\Desktop\job board web app\venv\Lib\site-packages\django\template\defaulttags.py", line 480, in render
    url = reverse(view_name, args=args, kwargs=kwargs, current_app=current_app)
  File "C:\Users\Mirza Haseeb\Desktop\job board web app\venv\Lib\site-packages\django\urls\base.py", line 98, in reverse
    resolved_url = resolver._reverse_with_prefix(view, prefix, *args, **kwargs)
  File "C:\Users\Mirza Haseeb\Desktop\job board web app\venv\Lib\site-packages\django\urls\resolvers.py", line 831, in _reverse_with_prefix
    raise NoReverseMatch(msg)
django.urls.exceptions.NoReverseMatch: Reverse for 'job_applications' with arguments '('',)' not found. 1 pattern(s) tried: ['jobs/(?P<pk>[0-9]+)/applications/\\Z']
ERROR 2025-06-20 12:23:49,932 basehttp "GET / HTTP/1.1" 500 161430
INFO 2025-06-20 12:24:43,681 basehttp "GET / HTTP/1.1" 200 38890
INFO 2025-06-20 12:24:43,793 basehttp "GET /media/company_logos/download_7.png HTTP/1.1" 304 0
INFO 2025-06-20 12:24:43,801 basehttp "GET /media/company_logos/download_9.png HTTP/1.1" 304 0
INFO 2025-06-20 12:27:24,086 autoreload D:\applyforge clone\job board web app\jobs\views.py changed, reloading.
INFO 2025-06-20 12:27:26,505 autoreload Watching for file changes with StatReloader
INFO 2025-06-20 12:27:27,812 basehttp "GET / HTTP/1.1" 200 38890
INFO 2025-06-20 12:27:27,949 basehttp "GET /media/company_logos/download_5.png HTTP/1.1" 304 0
INFO 2025-06-20 12:27:27,958 basehttp "GET /media/company_logos/download_8.png HTTP/1.1" 304 0
INFO 2025-06-20 12:27:27,972 basehttp "GET /media/company_logos/download_9.png HTTP/1.1" 304 0
INFO 2025-06-20 12:27:33,731 basehttp "GET /jobs/?category=1 HTTP/1.1" 200 20296
INFO 2025-06-20 12:27:33,835 basehttp "GET /media/company_logos/download_6.png HTTP/1.1" 304 0
INFO 2025-06-20 12:27:33,897 basehttp "GET /media/company_logos/download_4.png HTTP/1.1" 304 0
INFO 2025-06-20 12:27:33,931 basehttp "GET /media/company_logos/download_1.jpeg HTTP/1.1" 304 0
INFO 2025-06-20 12:27:33,942 basehttp "GET /media/company_logos/download_2.png HTTP/1.1" 304 0
INFO 2025-06-20 12:27:35,878 basehttp "GET / HTTP/1.1" 200 38890
INFO 2025-06-20 12:27:39,300 basehttp "GET /accounts/profile/ HTTP/1.1" 200 13742
INFO 2025-06-20 12:27:48,608 basehttp "GET /accounts/register/ HTTP/1.1" 200 20398
INFO 2025-06-20 12:27:48,758 basehttp "GET /static/images/register-illustration.png HTTP/1.1" 304 0
INFO 2025-06-20 12:28:29,090 basehttp "GET / HTTP/1.1" 200 38717
INFO 2025-06-20 12:28:29,269 basehttp "GET /media/company_logos/download_7.png HTTP/1.1" 304 0
INFO 2025-06-20 12:29:21,938 basehttp "GET / HTTP/1.1" 200 38717
INFO 2025-06-20 12:29:22,070 basehttp "GET /static/css/style.css HTTP/1.1" 304 0
INFO 2025-06-20 12:29:27,525 basehttp "GET /admin/ HTTP/1.1" 302 0
INFO 2025-06-20 12:29:27,680 basehttp "GET /admin/login/?next=/admin/ HTTP/1.1" 200 3693
INFO 2025-06-20 12:29:32,973 basehttp "POST /admin/login/?next=/admin/ HTTP/1.1" 302 0
INFO 2025-06-20 12:29:33,044 basehttp "GET /admin/ HTTP/1.1" 200 14190
INFO 2025-06-20 12:29:34,744 basehttp "GET /admin/jobs/job/ HTTP/1.1" 200 22564
INFO 2025-06-20 12:29:34,942 basehttp "GET /admin/jsi18n/ HTTP/1.1" 200 3342
INFO 2025-06-20 12:29:37,953 basehttp "GET /admin/jobs/jobcategory/ HTTP/1.1" 200 15137
INFO 2025-06-20 12:29:38,056 basehttp "GET /admin/jsi18n/ HTTP/1.1" 200 3342
INFO 2025-06-20 12:29:40,809 basehttp "GET /admin/applicants/application/ HTTP/1.1" 200 13470
INFO 2025-06-20 12:29:40,929 basehttp "GET /admin/jsi18n/ HTTP/1.1" 200 3342
INFO 2025-06-20 12:29:43,066 basehttp "GET /admin/accounts/customuser/ HTTP/1.1" 200 23935
INFO 2025-06-20 12:29:43,226 basehttp "GET /static/admin/img/search.svg HTTP/1.1" 304 0
INFO 2025-06-20 12:29:43,229 basehttp "GET /admin/jsi18n/ HTTP/1.1" 200 3342
INFO 2025-06-20 12:29:43,314 basehttp "GET /static/admin/img/sorting-icons.svg HTTP/1.1" 304 0
INFO 2025-06-20 12:29:49,468 basehttp "GET /admin/accounts/company/ HTTP/1.1" 200 18082
INFO 2025-06-20 12:29:49,626 basehttp "GET /admin/jsi18n/ HTTP/1.1" 200 3342
INFO 2025-06-20 12:29:53,067 basehttp "GET /admin/accounts/jobseekerprofile/ HTTP/1.1" 200 13960
INFO 2025-06-20 12:29:53,162 basehttp "GET /admin/jsi18n/ HTTP/1.1" 200 3342
INFO 2025-06-20 12:30:06,121 basehttp "GET /admin/accounts/jobseekerprofile/ HTTP/1.1" 200 13960
INFO 2025-06-20 12:30:06,285 basehttp "GET /admin/jsi18n/ HTTP/1.1" 200 3342
INFO 2025-06-20 12:30:09,303 basehttp "GET / HTTP/1.1" 200 38627
INFO 2025-06-20 12:30:09,471 basehttp "GET /media/company_logos/download_9.png HTTP/1.1" 304 0
INFO 2025-06-20 12:30:12,272 basehttp "GET /accounts/logout/ HTTP/1.1" 302 0
INFO 2025-06-20 12:30:12,328 basehttp "GET / HTTP/1.1" 200 38394
INFO 2025-06-20 12:30:14,313 basehttp "GET /accounts/login/ HTTP/1.1" 200 12069
INFO 2025-06-20 12:30:24,726 basehttp "POST /accounts/login/ HTTP/1.1" 302 0
INFO 2025-06-20 12:30:24,849 basehttp "GET / HTTP/1.1" 200 39013
INFO 2025-06-20 12:30:28,259 basehttp "GET /accounts/profile/ HTTP/1.1" 200 13781
INFO 2025-06-20 12:30:30,475 basehttp "GET / HTTP/1.1" 200 38621
INFO 2025-06-20 12:30:33,618 basehttp "GET /jobs/ HTTP/1.1" 200 41203
INFO 2025-06-20 12:30:33,777 basehttp "GET /media/company_logos/download_3.png HTTP/1.1" 304 0
INFO 2025-06-20 12:30:37,700 basehttp "GET /jobs/20/ HTTP/1.1" 200 13678
INFO 2025-06-20 12:30:40,788 basehttp "GET /applicants/jobs/20/apply/ HTTP/1.1" 200 11717
INFO 2025-06-20 12:31:02,694 basehttp "POST /applicants/jobs/20/apply/ HTTP/1.1" 302 0
INFO 2025-06-20 12:31:02,734 basehttp "GET /jobs/20/ HTTP/1.1" 200 14280
INFO 2025-06-20 12:31:09,584 basehttp "GET /applicants/my-applications/ HTTP/1.1" 200 12248
INFO 2025-06-20 12:31:15,959 basehttp "GET /applicants/my-applications/7/ HTTP/1.1" 200 15037
INFO 2025-06-20 12:31:33,523 basehttp "GET / HTTP/1.1" 200 38621
INFO 2025-06-20 12:31:33,636 basehttp "GET /media/company_logos/download_8.png HTTP/1.1" 304 0
INFO 2025-06-20 12:31:49,303 basehttp "GET /accounts/profile/ HTTP/1.1" 200 13781
INFO 2025-06-20 12:31:54,549 basehttp "GET / HTTP/1.1" 200 38621
INFO 2025-06-20 12:31:55,326 basehttp "GET /jobs/ HTTP/1.1" 200 41203
INFO 2025-06-20 12:32:01,607 basehttp "GET /jobs/?q=&location=&type=&category=2 HTTP/1.1" 200 17075
INFO 2025-06-20 12:32:04,433 basehttp "GET /jobs/6/ HTTP/1.1" 200 13185
INFO 2025-06-20 12:32:06,261 basehttp "GET /applicants/jobs/6/apply/ HTTP/1.1" 200 11741
INFO 2025-06-20 12:32:14,782 basehttp "POST /applicants/jobs/6/apply/ HTTP/1.1" 302 0
INFO 2025-06-20 12:32:14,853 basehttp "GET /jobs/6/ HTTP/1.1" 200 13788
INFO 2025-06-20 12:32:27,565 basehttp "GET /jobs/ HTTP/1.1" 200 41203
INFO 2025-06-20 12:32:27,727 basehttp "GET /media/company_logos/download_6.png HTTP/1.1" 304 0
INFO 2025-06-20 12:32:34,178 basehttp "GET /jobs/17/ HTTP/1.1" 200 13384
INFO 2025-06-20 12:32:35,361 basehttp "GET /applicants/jobs/17/apply/ HTTP/1.1" 200 11735
INFO 2025-06-20 12:32:53,276 basehttp "POST /applicants/jobs/17/apply/ HTTP/1.1" 302 0
INFO 2025-06-20 12:32:53,310 basehttp "GET /jobs/17/ HTTP/1.1" 200 13986
INFO 2025-06-20 12:32:56,371 basehttp "GET / HTTP/1.1" 200 38621
INFO 2025-06-20 12:32:56,492 basehttp "GET /media/company_logos/download_5.png HTTP/1.1" 304 0
INFO 2025-06-20 12:32:56,505 basehttp "GET /media/company_logos/download_7.png HTTP/1.1" 304 0
INFO 2025-06-20 12:32:56,524 basehttp "GET /media/company_logos/download_9.png HTTP/1.1" 304 0
INFO 2025-06-20 12:32:59,603 basehttp "GET /accounts/logout/ HTTP/1.1" 302 0
INFO 2025-06-20 12:32:59,645 basehttp "GET / HTTP/1.1" 200 38394
INFO 2025-06-20 12:33:01,013 basehttp "GET /accounts/login/ HTTP/1.1" 200 12069
INFO 2025-06-20 12:33:09,977 basehttp "POST /accounts/login/ HTTP/1.1" 302 0
INFO 2025-06-20 12:33:10,040 basehttp "GET / HTTP/1.1" 200 39012
INFO 2025-06-20 12:33:13,155 basehttp "GET /jobs/ HTTP/1.1" 200 41198
INFO 2025-06-20 12:33:19,584 basehttp "GET /jobs/21/ HTTP/1.1" 200 13292
INFO 2025-06-20 12:33:21,683 basehttp "GET /applicants/jobs/21/apply/ HTTP/1.1" 200 11668
INFO 2025-06-20 12:33:44,273 basehttp "POST /applicants/jobs/21/apply/ HTTP/1.1" 302 0
INFO 2025-06-20 12:33:44,304 basehttp "GET /jobs/21/ HTTP/1.1" 200 13894
INFO 2025-06-20 12:33:46,911 basehttp "GET / HTTP/1.1" 200 38620
INFO 2025-06-20 12:33:50,585 basehttp "GET /jobs/ HTTP/1.1" 200 41205
INFO 2025-06-20 12:33:50,717 basehttp "GET /media/company_logos/download_4.png HTTP/1.1" 304 0
INFO 2025-06-20 12:33:58,600 basehttp "GET /jobs/16/ HTTP/1.1" 200 13518
INFO 2025-06-20 12:33:59,712 basehttp "GET /applicants/jobs/16/apply/ HTTP/1.1" 200 11756
INFO 2025-06-20 12:34:15,737 basehttp "POST /applicants/jobs/16/apply/ HTTP/1.1" 302 0
INFO 2025-06-20 12:34:15,777 basehttp "GET /jobs/16/ HTTP/1.1" 200 14120
INFO 2025-06-20 12:34:17,613 basehttp "GET / HTTP/1.1" 200 38620
INFO 2025-06-20 12:34:26,137 basehttp "GET /jobs/19/ HTTP/1.1" 200 13710
INFO 2025-06-20 12:34:29,133 basehttp "GET /applicants/jobs/19/apply/ HTTP/1.1" 200 11725
INFO 2025-06-20 12:34:40,449 basehttp "POST /applicants/jobs/19/apply/ HTTP/1.1" 302 0
INFO 2025-06-20 12:34:40,482 basehttp "GET /jobs/19/ HTTP/1.1" 200 14312
INFO 2025-06-20 12:34:47,639 basehttp "GET / HTTP/1.1" 200 38620
INFO 2025-06-20 12:34:53,143 basehttp "GET /jobs/ HTTP/1.1" 200 41218
INFO 2025-06-20 12:34:54,898 basehttp "GET /jobs/23/ HTTP/1.1" 200 13145
INFO 2025-06-20 12:34:56,516 basehttp "GET /applicants/jobs/23/apply/ HTTP/1.1" 200 11687
INFO 2025-06-20 12:35:04,688 basehttp "POST /applicants/jobs/23/apply/ HTTP/1.1" 302 0
INFO 2025-06-20 12:35:04,728 basehttp "GET /jobs/23/ HTTP/1.1" 200 13747
INFO 2025-06-20 12:35:07,518 basehttp "GET /jobs/ HTTP/1.1" 200 41218
INFO 2025-06-20 12:35:09,485 basehttp "GET /jobs/22/ HTTP/1.1" 200 13432
INFO 2025-06-20 12:35:15,640 basehttp "GET /applicants/jobs/22/apply/ HTTP/1.1" 200 11780
INFO 2025-06-20 12:35:38,655 basehttp "POST /applicants/jobs/22/apply/ HTTP/1.1" 302 0
INFO 2025-06-20 12:35:38,704 basehttp "GET /jobs/22/ HTTP/1.1" 200 14034
INFO 2025-06-20 12:36:20,870 basehttp "GET /jobs/ HTTP/1.1" 200 41220
INFO 2025-06-20 12:36:20,978 basehttp "GET /media/company_logos/download_8.png HTTP/1.1" 304 0
INFO 2025-06-20 12:36:21,017 basehttp "GET /media/company_logos/download_9.png HTTP/1.1" 304 0
INFO 2025-06-20 12:36:21,033 basehttp "GET /media/company_logos/download_2.png HTTP/1.1" 304 0
INFO 2025-06-20 12:37:00,590 basehttp "GET /jobs/21/ HTTP/1.1" 200 13484
INFO 2025-06-20 12:37:05,059 basehttp "GET /jobs/20/ HTTP/1.1" 200 13677
INFO 2025-06-20 12:37:06,816 basehttp "GET /applicants/jobs/20/apply/ HTTP/1.1" 200 11716
INFO 2025-06-20 12:37:17,424 basehttp "POST /applicants/jobs/20/apply/ HTTP/1.1" 302 0
INFO 2025-06-20 12:37:17,467 basehttp "GET /jobs/20/ HTTP/1.1" 200 14279
INFO 2025-06-20 12:37:26,160 basehttp "GET /jobs/20/ HTTP/1.1" 200 13869
INFO 2025-06-20 12:37:28,783 basehttp "GET /jobs/ HTTP/1.1" 200 41221
INFO 2025-06-20 12:37:28,995 basehttp "GET /media/company_logos/download_7.png HTTP/1.1" 304 0
INFO 2025-06-20 12:37:32,248 basehttp "GET /jobs/19/ HTTP/1.1" 200 13902
INFO 2025-06-20 12:37:37,537 basehttp "GET /jobs/18/ HTTP/1.1" 200 13324
INFO 2025-06-20 12:37:39,198 basehttp "GET /applicants/jobs/18/apply/ HTTP/1.1" 200 11710
INFO 2025-06-20 12:37:48,520 basehttp "POST /applicants/jobs/18/apply/ HTTP/1.1" 302 0
INFO 2025-06-20 12:37:48,609 basehttp "GET /jobs/18/ HTTP/1.1" 200 13926
INFO 2025-06-20 12:37:55,320 basehttp "GET /jobs/18/ HTTP/1.1" 200 13516
INFO 2025-06-20 12:38:00,170 basehttp "GET /jobs/17/ HTTP/1.1" 200 13383
INFO 2025-06-20 12:38:01,725 basehttp "GET /applicants/jobs/17/apply/ HTTP/1.1" 200 11734
INFO 2025-06-20 12:38:10,957 basehttp "POST /applicants/jobs/17/apply/ HTTP/1.1" 302 0
INFO 2025-06-20 12:38:11,008 basehttp "GET /jobs/17/ HTTP/1.1" 200 13985
INFO 2025-06-20 12:38:13,978 basehttp "GET /jobs/ HTTP/1.1" 200 41221
INFO 2025-06-20 12:38:14,163 basehttp "GET /media/company_logos/download_6.png HTTP/1.1" 304 0
INFO 2025-06-20 12:38:19,560 basehttp "GET /jobs/16/ HTTP/1.1" 200 13710
INFO 2025-06-20 12:38:21,637 basehttp "GET /jobs/ HTTP/1.1" 200 41221
INFO 2025-06-20 12:38:27,709 basehttp "GET /jobs/15/ HTTP/1.1" 200 13082
INFO 2025-06-20 12:38:37,410 basehttp "GET /applicants/jobs/15/apply/ HTTP/1.1" 200 11707
INFO 2025-06-20 12:38:40,722 basehttp "POST /applicants/jobs/15/apply/ HTTP/1.1" 302 0
INFO 2025-06-20 12:38:40,758 basehttp "GET /jobs/15/ HTTP/1.1" 200 13684
INFO 2025-06-20 12:38:42,351 basehttp "GET /jobs/ HTTP/1.1" 200 41218
INFO 2025-06-20 12:38:42,487 basehttp "GET /media/company_logos/download_5.png HTTP/1.1" 304 0
INFO 2025-06-20 12:38:52,048 basehttp "GET /jobs/14/ HTTP/1.1" 200 13012
INFO 2025-06-20 12:38:53,396 basehttp "GET /applicants/jobs/14/apply/ HTTP/1.1" 200 11659
INFO 2025-06-20 12:39:01,886 basehttp "POST /applicants/jobs/14/apply/ HTTP/1.1" 302 0
INFO 2025-06-20 12:39:01,923 basehttp "GET /jobs/14/ HTTP/1.1" 200 13614
INFO 2025-06-20 12:39:04,054 basehttp "GET /jobs/ HTTP/1.1" 200 41218
INFO 2025-06-20 12:39:04,175 basehttp "GET /media/company_logos/download_3.png HTTP/1.1" 304 0
INFO 2025-06-20 12:39:09,822 basehttp "GET /jobs/13/ HTTP/1.1" 200 13190
INFO 2025-06-20 12:39:10,035 basehttp "GET /static/css/style.css HTTP/1.1" 304 0
INFO 2025-06-20 12:39:16,946 basehttp "GET /applicants/jobs/13/apply/ HTTP/1.1" 200 11678
INFO 2025-06-20 12:39:19,952 basehttp "POST /applicants/jobs/13/apply/ HTTP/1.1" 302 0
INFO 2025-06-20 12:39:19,990 basehttp "GET /jobs/13/ HTTP/1.1" 200 13792
INFO 2025-06-20 12:39:21,724 basehttp "GET /jobs/ HTTP/1.1" 200 41218
INFO 2025-06-20 12:39:28,539 basehttp "GET /jobs/12/ HTTP/1.1" 200 13177
INFO 2025-06-20 12:39:36,881 basehttp "GET /applicants/jobs/12/apply/ HTTP/1.1" 200 11679
INFO 2025-06-20 12:39:40,880 basehttp "POST /applicants/jobs/12/apply/ HTTP/1.1" 302 0
INFO 2025-06-20 12:39:40,916 basehttp "GET /jobs/12/ HTTP/1.1" 200 13779
INFO 2025-06-20 12:39:42,482 basehttp "GET /jobs/ HTTP/1.1" 200 41229
INFO 2025-06-20 12:39:42,705 basehttp "GET /media/company_logos/download_9.png HTTP/1.1" 304 0
INFO 2025-06-20 12:39:49,982 basehttp "GET /jobs/11/ HTTP/1.1" 200 13178
INFO 2025-06-20 12:40:01,356 basehttp "GET /applicants/jobs/11/apply/ HTTP/1.1" 200 11733
INFO 2025-06-20 12:40:05,227 basehttp "POST /applicants/jobs/11/apply/ HTTP/1.1" 302 0
INFO 2025-06-20 12:40:05,266 basehttp "GET /jobs/11/ HTTP/1.1" 200 13780
INFO 2025-06-20 12:40:11,343 basehttp "GET /jobs/10/ HTTP/1.1" 200 13185
INFO 2025-06-20 12:40:13,641 basehttp "GET /applicants/jobs/10/apply/ HTTP/1.1" 200 11696
INFO 2025-06-20 12:40:22,568 basehttp "POST /applicants/jobs/10/apply/ HTTP/1.1" 302 0
INFO 2025-06-20 12:40:22,612 basehttp "GET /jobs/10/ HTTP/1.1" 200 13787
INFO 2025-06-20 12:40:31,246 basehttp "GET /jobs/9/ HTTP/1.1" 200 13152
INFO 2025-06-20 12:40:37,688 basehttp "GET /applicants/jobs/9/apply/ HTTP/1.1" 200 11662
INFO 2025-06-20 12:40:41,244 basehttp "POST /applicants/jobs/9/apply/ HTTP/1.1" 302 0
INFO 2025-06-20 12:40:41,332 basehttp "GET /jobs/9/ HTTP/1.1" 200 13755
INFO 2025-06-20 12:40:49,423 basehttp "GET /jobs/8/ HTTP/1.1" 200 13097
INFO 2025-06-20 12:40:57,674 basehttp "GET /applicants/jobs/8/apply/ HTTP/1.1" 200 11685
INFO 2025-06-20 12:41:00,683 basehttp "POST /applicants/jobs/8/apply/ HTTP/1.1" 302 0
INFO 2025-06-20 12:41:00,754 basehttp "GET /jobs/8/ HTTP/1.1" 200 13700
INFO 2025-06-20 12:41:08,352 basehttp "GET /jobs/7/ HTTP/1.1" 200 13094
INFO 2025-06-20 12:41:18,329 basehttp "GET /applicants/jobs/7/apply/ HTTP/1.1" 200 11685
INFO 2025-06-20 12:41:21,615 basehttp "POST /applicants/jobs/7/apply/ HTTP/1.1" 302 0
INFO 2025-06-20 12:41:21,651 basehttp "GET /jobs/7/ HTTP/1.1" 200 13697
INFO 2025-06-20 12:41:31,123 basehttp "GET /jobs/6/ HTTP/1.1" 200 13184
INFO 2025-06-20 12:41:37,792 basehttp "GET /applicants/jobs/6/apply/ HTTP/1.1" 200 11740
INFO 2025-06-20 12:41:41,060 basehttp "POST /applicants/jobs/6/apply/ HTTP/1.1" 302 0
INFO 2025-06-20 12:41:41,104 basehttp "GET /jobs/6/ HTTP/1.1" 200 13787
INFO 2025-06-20 12:41:54,018 basehttp "GET /jobs/5/ HTTP/1.1" 200 13136
INFO 2025-06-20 12:41:55,348 basehttp "GET /applicants/jobs/5/apply/ HTTP/1.1" 200 11725
INFO 2025-06-20 12:41:58,631 basehttp "POST /applicants/jobs/5/apply/ HTTP/1.1" 302 0
INFO 2025-06-20 12:41:58,666 basehttp "GET /jobs/5/ HTTP/1.1" 200 13739
INFO 2025-06-20 12:42:00,281 basehttp "GET / HTTP/1.1" 200 38620
INFO 2025-06-20 12:42:00,541 basehttp "GET /media/company_logos/download_8.png HTTP/1.1" 304 0
INFO 2025-06-20 12:42:03,318 basehttp "GET /applicants/my-applications/ HTTP/1.1" 200 32200
INFO 2025-06-20 12:42:09,959 basehttp "GET /accounts/logout/ HTTP/1.1" 302 0
INFO 2025-06-20 12:42:10,074 basehttp "GET / HTTP/1.1" 200 38394
INFO 2025-06-20 12:42:11,928 basehttp "GET /accounts/login/ HTTP/1.1" 200 12069
INFO 2025-06-20 12:42:21,819 basehttp "POST /accounts/login/ HTTP/1.1" 302 0
INFO 2025-06-20 12:42:21,912 basehttp "GET / HTTP/1.1" 200 39013
INFO 2025-06-20 12:42:26,663 basehttp "GET /jobs/ HTTP/1.1" 200 41231
INFO 2025-06-20 12:42:26,873 basehttp "GET /media/company_logos/download_7.png HTTP/1.1" 304 0
INFO 2025-06-20 12:42:26,907 basehttp "GET /media/company_logos/download_4.png HTTP/1.1" 304 0
INFO 2025-06-20 12:42:32,135 basehttp "GET /jobs/23/ HTTP/1.1" 200 13146
INFO 2025-06-20 12:42:43,660 basehttp "GET /applicants/jobs/23/apply/ HTTP/1.1" 200 11688
INFO 2025-06-20 12:42:46,852 basehttp "POST /applicants/jobs/23/apply/ HTTP/1.1" 302 0
INFO 2025-06-20 12:42:46,895 basehttp "GET /jobs/23/ HTTP/1.1" 200 13748
INFO 2025-06-20 12:42:57,514 basehttp "GET /jobs/22/ HTTP/1.1" 200 13433
INFO 2025-06-20 12:42:58,975 basehttp "GET /applicants/jobs/22/apply/ HTTP/1.1" 200 11781
INFO 2025-06-20 12:43:02,118 basehttp "POST /applicants/jobs/22/apply/ HTTP/1.1" 302 0
INFO 2025-06-20 12:43:02,167 basehttp "GET /jobs/22/ HTTP/1.1" 200 14035
INFO 2025-06-20 12:43:10,780 basehttp "GET /jobs/21/ HTTP/1.1" 200 13293
INFO 2025-06-20 12:43:19,993 basehttp "GET /applicants/jobs/21/apply/ HTTP/1.1" 200 11669
INFO 2025-06-20 12:43:23,550 basehttp "POST /applicants/jobs/21/apply/ HTTP/1.1" 302 0
INFO 2025-06-20 12:43:23,590 basehttp "GET /jobs/21/ HTTP/1.1" 200 13895
INFO 2025-06-20 12:43:39,325 basehttp "GET /jobs/20/ HTTP/1.1" 200 13870
INFO 2025-06-20 12:43:39,522 basehttp "GET /media/company_logos/download_9.png HTTP/1.1" 304 0
INFO 2025-06-20 12:43:46,082 basehttp "GET /jobs/19/ HTTP/1.1" 200 13711
INFO 2025-06-20 12:43:48,067 basehttp "GET /applicants/jobs/19/apply/ HTTP/1.1" 200 11726
INFO 2025-06-20 12:43:55,390 basehttp "POST /applicants/jobs/19/apply/ HTTP/1.1" 302 0
INFO 2025-06-20 12:43:55,448 basehttp "GET /jobs/19/ HTTP/1.1" 200 14313
INFO 2025-06-20 12:44:02,374 basehttp "GET /jobs/18/ HTTP/1.1" 200 13325
INFO 2025-06-20 12:44:10,112 basehttp "GET /applicants/jobs/18/apply/ HTTP/1.1" 200 11711
INFO 2025-06-20 12:44:13,201 basehttp "POST /applicants/jobs/18/apply/ HTTP/1.1" 302 0
INFO 2025-06-20 12:44:13,236 basehttp "GET /jobs/18/ HTTP/1.1" 200 13927
INFO 2025-06-20 12:44:18,320 basehttp "GET /jobs/17/ HTTP/1.1" 200 13576
INFO 2025-06-20 12:44:22,205 basehttp "GET /jobs/16/ HTTP/1.1" 200 13519
INFO 2025-06-20 12:44:31,854 basehttp "GET /applicants/jobs/16/apply/ HTTP/1.1" 200 11757
INFO 2025-06-20 12:44:34,946 basehttp "POST /applicants/jobs/16/apply/ HTTP/1.1" 302 0
INFO 2025-06-20 12:44:34,979 basehttp "GET /jobs/16/ HTTP/1.1" 200 14121
INFO 2025-06-20 12:44:50,072 basehttp "GET /jobs/15/ HTTP/1.1" 200 13083
INFO 2025-06-20 12:44:50,225 basehttp "GET /media/company_logos/download_6.png HTTP/1.1" 304 0
INFO 2025-06-20 12:44:51,369 basehttp "GET /applicants/jobs/15/apply/ HTTP/1.1" 200 11708
INFO 2025-06-20 12:44:55,082 basehttp "POST /applicants/jobs/15/apply/ HTTP/1.1" 302 0
INFO 2025-06-20 12:44:55,120 basehttp "GET /jobs/15/ HTTP/1.1" 200 13685
INFO 2025-06-20 12:44:59,931 basehttp "GET /jobs/14/ HTTP/1.1" 200 13013
INFO 2025-06-20 12:45:07,652 basehttp "GET /applicants/jobs/14/apply/ HTTP/1.1" 200 11660
INFO 2025-06-20 12:45:10,944 basehttp "POST /applicants/jobs/14/apply/ HTTP/1.1" 302 0
INFO 2025-06-20 12:45:10,975 basehttp "GET /jobs/14/ HTTP/1.1" 200 13615
INFO 2025-06-20 12:45:23,184 basehttp "GET /jobs/13/ HTTP/1.1" 200 13191
INFO 2025-06-20 12:45:23,308 basehttp "GET /media/company_logos/download_5.png HTTP/1.1" 304 0
INFO 2025-06-20 12:45:30,927 basehttp "GET /applicants/jobs/13/apply/ HTTP/1.1" 200 11679
INFO 2025-06-20 12:45:33,914 basehttp "POST /applicants/jobs/13/apply/ HTTP/1.1" 302 0
INFO 2025-06-20 12:45:33,952 basehttp "GET /jobs/13/ HTTP/1.1" 200 13793
INFO 2025-06-20 12:45:38,891 basehttp "GET /jobs/12/ HTTP/1.1" 200 13178
INFO 2025-06-20 12:45:47,763 basehttp "GET /applicants/jobs/12/apply/ HTTP/1.1" 200 11680
INFO 2025-06-20 12:45:50,706 basehttp "POST /applicants/jobs/12/apply/ HTTP/1.1" 302 0
INFO 2025-06-20 12:45:50,743 basehttp "GET /jobs/12/ HTTP/1.1" 200 13780
INFO 2025-06-20 12:45:56,237 basehttp "GET /jobs/11/ HTTP/1.1" 200 13179
INFO 2025-06-20 12:45:57,556 basehttp "GET /applicants/jobs/11/apply/ HTTP/1.1" 200 11734
INFO 2025-06-20 12:46:05,574 basehttp "POST /applicants/jobs/11/apply/ HTTP/1.1" 302 0
INFO 2025-06-20 12:46:05,655 basehttp "GET /jobs/11/ HTTP/1.1" 200 13781
INFO 2025-06-20 12:46:11,244 basehttp "GET /jobs/10/ HTTP/1.1" 200 13186
INFO 2025-06-20 12:46:21,676 basehttp "GET /applicants/jobs/10/apply/ HTTP/1.1" 200 11697
INFO 2025-06-20 12:46:24,520 basehttp "POST /applicants/jobs/10/apply/ HTTP/1.1" 302 0
INFO 2025-06-20 12:46:24,561 basehttp "GET /jobs/10/ HTTP/1.1" 200 13788
INFO 2025-06-20 12:46:38,450 basehttp "GET /jobs/9/ HTTP/1.1" 200 13153
INFO 2025-06-20 12:46:45,113 basehttp "GET /applicants/jobs/9/apply/ HTTP/1.1" 200 11663
INFO 2025-06-20 12:46:48,280 basehttp "POST /applicants/jobs/9/apply/ HTTP/1.1" 302 0
INFO 2025-06-20 12:46:48,319 basehttp "GET /jobs/9/ HTTP/1.1" 200 13756
INFO 2025-06-20 12:46:54,228 basehttp "GET /jobs/8/ HTTP/1.1" 200 13098
INFO 2025-06-20 12:47:01,644 basehttp "GET /applicants/jobs/8/apply/ HTTP/1.1" 200 11686
INFO 2025-06-20 12:47:04,636 basehttp "POST /applicants/jobs/8/apply/ HTTP/1.1" 302 0
INFO 2025-06-20 12:47:04,671 basehttp "GET /jobs/8/ HTTP/1.1" 200 13701
INFO 2025-06-20 12:47:09,885 basehttp "GET /jobs/7/ HTTP/1.1" 200 13095
INFO 2025-06-20 12:47:17,359 basehttp "GET /applicants/jobs/7/apply/ HTTP/1.1" 200 11686
INFO 2025-06-20 12:47:20,296 basehttp "POST /applicants/jobs/7/apply/ HTTP/1.1" 302 0
INFO 2025-06-20 12:47:20,339 basehttp "GET /jobs/7/ HTTP/1.1" 200 13698
INFO 2025-06-20 12:47:27,876 basehttp "GET /jobs/6/ HTTP/1.1" 200 13378
INFO 2025-06-20 12:47:28,091 basehttp "GET /media/company_logos/download_2.png HTTP/1.1" 304 0
INFO 2025-06-20 12:47:38,213 basehttp "GET /jobs/5/ HTTP/1.1" 200 13137
INFO 2025-06-20 12:47:47,905 basehttp "GET /applicants/jobs/5/apply/ HTTP/1.1" 200 11726
INFO 2025-06-20 12:47:51,145 basehttp "POST /applicants/jobs/5/apply/ HTTP/1.1" 302 0
INFO 2025-06-20 12:47:51,181 basehttp "GET /jobs/5/ HTTP/1.1" 200 13740
INFO 2025-06-20 12:47:53,490 basehttp "GET / HTTP/1.1" 200 38621
INFO 2025-06-20 12:47:53,672 basehttp "GET /media/company_logos/download_7.png HTTP/1.1" 304 0
INFO 2025-06-20 12:47:53,693 basehttp "GET /media/company_logos/download_9.png HTTP/1.1" 304 0
INFO 2025-06-20 12:47:53,705 basehttp "GET /media/company_logos/download_8.png HTTP/1.1" 304 0
INFO 2025-06-20 12:47:56,752 basehttp "GET /applicants/my-applications/ HTTP/1.1" 200 32198
INFO 2025-06-20 12:48:06,715 basehttp "GET /jobs/ HTTP/1.1" 200 41249
INFO 2025-06-20 12:48:06,812 basehttp "GET /media/company_logos/download_3.png HTTP/1.1" 304 0
INFO 2025-06-20 12:48:10,883 basehttp "GET /accounts/logout/ HTTP/1.1" 302 0
INFO 2025-06-20 12:48:10,922 basehttp "GET / HTTP/1.1" 200 38394
INFO 2025-06-20 12:48:12,938 basehttp "GET /accounts/login/ HTTP/1.1" 200 12069
INFO 2025-06-20 12:48:23,032 basehttp "POST /accounts/login/ HTTP/1.1" 302 0
INFO 2025-06-20 12:48:23,104 basehttp "GET / HTTP/1.1" 200 39013
INFO 2025-06-20 12:48:27,106 basehttp "GET /jobs/ HTTP/1.1" 200 41249
INFO 2025-06-20 12:48:29,575 basehttp "GET /jobs/23/ HTTP/1.1" 200 13146
INFO 2025-06-20 12:48:41,259 basehttp "GET /applicants/jobs/23/apply/ HTTP/1.1" 200 11688
INFO 2025-06-20 12:48:44,508 basehttp "POST /applicants/jobs/23/apply/ HTTP/1.1" 302 0
INFO 2025-06-20 12:48:44,590 basehttp "GET /jobs/23/ HTTP/1.1" 200 13748
INFO 2025-06-20 12:48:49,360 basehttp "GET /jobs/22/ HTTP/1.1" 200 13433
INFO 2025-06-20 12:48:50,445 basehttp "GET /applicants/jobs/22/apply/ HTTP/1.1" 200 11781
INFO 2025-06-20 12:48:58,708 basehttp "POST /applicants/jobs/22/apply/ HTTP/1.1" 302 0
INFO 2025-06-20 12:48:58,782 basehttp "GET /jobs/22/ HTTP/1.1" 200 14035
INFO 2025-06-20 12:49:09,847 basehttp "GET /jobs/21/ HTTP/1.1" 200 13293
INFO 2025-06-20 12:49:17,530 basehttp "GET /applicants/jobs/21/apply/ HTTP/1.1" 200 11669
INFO 2025-06-20 12:49:20,722 basehttp "POST /applicants/jobs/21/apply/ HTTP/1.1" 302 0
INFO 2025-06-20 12:49:20,764 basehttp "GET /jobs/21/ HTTP/1.1" 200 13895
INFO 2025-06-20 12:49:26,619 basehttp "GET /jobs/20/ HTTP/1.1" 200 13678
INFO 2025-06-20 12:49:34,630 basehttp "GET /applicants/jobs/20/apply/ HTTP/1.1" 200 11717
INFO 2025-06-20 12:49:37,561 basehttp "POST /applicants/jobs/20/apply/ HTTP/1.1" 302 0
INFO 2025-06-20 12:49:37,595 basehttp "GET /jobs/20/ HTTP/1.1" 200 14280
INFO 2025-06-20 12:49:42,511 basehttp "GET /jobs/19/ HTTP/1.1" 200 13711
INFO 2025-06-20 12:49:48,987 basehttp "GET /applicants/jobs/19/apply/ HTTP/1.1" 200 11726
INFO 2025-06-20 12:49:52,684 basehttp "POST /applicants/jobs/19/apply/ HTTP/1.1" 302 0
INFO 2025-06-20 12:49:52,727 basehttp "GET /jobs/19/ HTTP/1.1" 200 14313
INFO 2025-06-20 12:49:59,570 basehttp "GET /jobs/18/ HTTP/1.1" 200 13325
INFO 2025-06-20 12:49:59,694 basehttp "GET /static/css/style.css HTTP/1.1" 304 0
INFO 2025-06-20 12:50:02,965 basehttp "GET /applicants/jobs/18/apply/ HTTP/1.1" 200 11711
INFO 2025-06-20 12:50:12,810 basehttp "POST /applicants/jobs/18/apply/ HTTP/1.1" 302 0
INFO 2025-06-20 12:50:12,855 basehttp "GET /jobs/18/ HTTP/1.1" 200 13927
INFO 2025-06-20 12:50:17,972 basehttp "GET /jobs/17/ HTTP/1.1" 200 13384
INFO 2025-06-20 12:50:19,109 basehttp "GET /applicants/jobs/17/apply/ HTTP/1.1" 200 11735
INFO 2025-06-20 12:50:26,855 basehttp "POST /applicants/jobs/17/apply/ HTTP/1.1" 302 0
INFO 2025-06-20 12:50:26,943 basehttp "GET /jobs/17/ HTTP/1.1" 200 13986
INFO 2025-06-20 12:50:31,971 basehttp "GET /jobs/16/ HTTP/1.1" 200 13519
INFO 2025-06-20 12:50:33,600 basehttp "GET /applicants/jobs/16/apply/ HTTP/1.1" 200 11757
INFO 2025-06-20 12:50:41,460 basehttp "POST /applicants/jobs/16/apply/ HTTP/1.1" 302 0
INFO 2025-06-20 12:50:41,525 basehttp "GET /jobs/16/ HTTP/1.1" 200 14121
INFO 2025-06-20 12:50:46,938 basehttp "GET /jobs/15/ HTTP/1.1" 200 13083
INFO 2025-06-20 12:50:48,407 basehttp "GET /applicants/jobs/15/apply/ HTTP/1.1" 200 11708
INFO 2025-06-20 12:50:56,730 basehttp "POST /applicants/jobs/15/apply/ HTTP/1.1" 302 0
INFO 2025-06-20 12:50:56,795 basehttp "GET /jobs/15/ HTTP/1.1" 200 13685
INFO 2025-06-20 12:51:08,178 basehttp "GET /jobs/14/ HTTP/1.1" 200 13013
INFO 2025-06-20 12:51:09,299 basehttp "GET /applicants/jobs/14/apply/ HTTP/1.1" 200 11660
INFO 2025-06-20 12:51:12,399 basehttp "POST /applicants/jobs/14/apply/ HTTP/1.1" 302 0
INFO 2025-06-20 12:51:12,458 basehttp "GET /jobs/14/ HTTP/1.1" 200 13615
INFO 2025-06-20 12:51:17,309 basehttp "GET /jobs/13/ HTTP/1.1" 200 13191
INFO 2025-06-20 12:51:23,458 basehttp "GET /applicants/jobs/13/apply/ HTTP/1.1" 200 11679
INFO 2025-06-20 12:51:26,479 basehttp "POST /applicants/jobs/13/apply/ HTTP/1.1" 302 0
INFO 2025-06-20 12:51:26,511 basehttp "GET /jobs/13/ HTTP/1.1" 200 13793
INFO 2025-06-20 12:51:31,420 basehttp "GET /jobs/12/ HTTP/1.1" 200 13178
INFO 2025-06-20 12:51:31,530 basehttp "GET /media/company_logos/download_4.png HTTP/1.1" 304 0
INFO 2025-06-20 12:51:39,853 basehttp "GET /applicants/jobs/12/apply/ HTTP/1.1" 200 11680
INFO 2025-06-20 12:51:43,219 basehttp "POST /applicants/jobs/12/apply/ HTTP/1.1" 302 0
INFO 2025-06-20 12:51:43,294 basehttp "GET /jobs/12/ HTTP/1.1" 200 13780
INFO 2025-06-20 12:51:49,734 basehttp "GET /jobs/11/ HTTP/1.1" 200 13179
INFO 2025-06-20 12:51:58,183 basehttp "GET /applicants/jobs/11/apply/ HTTP/1.1" 200 11734
INFO 2025-06-20 12:52:01,174 basehttp "POST /applicants/jobs/11/apply/ HTTP/1.1" 302 0
INFO 2025-06-20 12:52:01,241 basehttp "GET /jobs/11/ HTTP/1.1" 200 13781
INFO 2025-06-20 12:52:07,087 basehttp "GET /jobs/10/ HTTP/1.1" 200 13186
INFO 2025-06-20 12:52:15,729 basehttp "GET /applicants/jobs/10/apply/ HTTP/1.1" 200 11697
INFO 2025-06-20 12:52:18,644 basehttp "POST /applicants/jobs/10/apply/ HTTP/1.1" 302 0
INFO 2025-06-20 12:52:18,708 basehttp "GET /jobs/10/ HTTP/1.1" 200 13788
INFO 2025-06-20 12:52:25,445 basehttp "GET /jobs/9/ HTTP/1.1" 200 13153
INFO 2025-06-20 12:52:32,987 basehttp "GET /applicants/jobs/9/apply/ HTTP/1.1" 200 11663
INFO 2025-06-20 12:52:36,151 basehttp "POST /applicants/jobs/9/apply/ HTTP/1.1" 302 0
INFO 2025-06-20 12:52:36,187 basehttp "GET /jobs/9/ HTTP/1.1" 200 13756
INFO 2025-06-20 12:52:43,782 basehttp "GET /jobs/8/ HTTP/1.1" 200 13098
INFO 2025-06-20 12:52:50,590 basehttp "GET /applicants/jobs/8/apply/ HTTP/1.1" 200 11686
INFO 2025-06-20 12:52:53,408 basehttp "POST /applicants/jobs/8/apply/ HTTP/1.1" 302 0
INFO 2025-06-20 12:52:53,442 basehttp "GET /jobs/8/ HTTP/1.1" 200 13701
INFO 2025-06-20 12:52:58,773 basehttp "GET /jobs/7/ HTTP/1.1" 200 13095
INFO 2025-06-20 12:53:12,051 basehttp "GET /applicants/jobs/7/apply/ HTTP/1.1" 200 11686
INFO 2025-06-20 12:53:15,387 basehttp "POST /applicants/jobs/7/apply/ HTTP/1.1" 302 0
INFO 2025-06-20 12:53:15,425 basehttp "GET /jobs/7/ HTTP/1.1" 200 13698
INFO 2025-06-20 12:53:23,071 basehttp "GET /jobs/6/ HTTP/1.1" 200 13185
INFO 2025-06-20 12:53:30,144 basehttp "GET /applicants/jobs/6/apply/ HTTP/1.1" 200 11741
INFO 2025-06-20 12:53:32,895 basehttp "POST /applicants/jobs/6/apply/ HTTP/1.1" 302 0
INFO 2025-06-20 12:53:32,936 basehttp "GET /jobs/6/ HTTP/1.1" 200 13788
INFO 2025-06-20 12:53:37,038 basehttp "GET /jobs/5/ HTTP/1.1" 200 13137
INFO 2025-06-20 12:53:44,599 basehttp "GET /applicants/jobs/5/apply/ HTTP/1.1" 200 11726
INFO 2025-06-20 12:53:47,517 basehttp "POST /applicants/jobs/5/apply/ HTTP/1.1" 302 0
INFO 2025-06-20 12:53:47,553 basehttp "GET /jobs/5/ HTTP/1.1" 200 13740
INFO 2025-06-20 12:53:50,492 basehttp "GET / HTTP/1.1" 200 38621
INFO 2025-06-20 12:53:53,310 basehttp "GET /applicants/my-applications/ HTTP/1.1" 200 32201
INFO 2025-06-20 12:54:00,229 basehttp "GET /accounts/logout/ HTTP/1.1" 302 0
INFO 2025-06-20 12:54:00,289 basehttp "GET / HTTP/1.1" 200 38394
INFO 2025-06-20 12:54:00,418 basehttp "GET /media/company_logos/download_5.png HTTP/1.1" 304 0
INFO 2025-06-20 12:54:00,449 basehttp "GET /media/company_logos/download_7.png HTTP/1.1" 304 0
INFO 2025-06-20 12:54:00,454 basehttp "GET /media/company_logos/download_8.png HTTP/1.1" 304 0
INFO 2025-06-20 12:54:00,456 basehttp "GET /media/company_logos/download_9.png HTTP/1.1" 304 0
INFO 2025-06-20 12:54:01,552 basehttp "GET /accounts/login/ HTTP/1.1" 200 12069
INFO 2025-06-20 12:54:11,980 basehttp "POST /accounts/login/ HTTP/1.1" 302 0
INFO 2025-06-20 12:54:12,125 basehttp "GET / HTTP/1.1" 200 39110
INFO 2025-06-20 12:54:13,507 basehttp "GET /dashboard/ HTTP/1.1" 200 17335
INFO 2025-06-20 12:54:19,005 basehttp "GET /jobs/8/applications/ HTTP/1.1" 200 30091
INFO 2025-06-20 12:54:28,458 basehttp "GET / HTTP/1.1" 200 38718
INFO 2025-06-20 12:54:39,586 basehttp "GET /accounts/logout/ HTTP/1.1" 302 0
INFO 2025-06-20 12:54:39,625 basehttp "GET / HTTP/1.1" 200 38394
INFO 2025-06-20 12:54:45,523 basehttp "GET /accounts/login/ HTTP/1.1" 200 12069
INFO 2025-06-20 12:54:55,480 basehttp "POST /accounts/login/ HTTP/1.1" 302 0
INFO 2025-06-20 12:54:55,539 basehttp "GET / HTTP/1.1" 200 39113
INFO 2025-06-20 12:55:01,165 basehttp "GET /dashboard/ HTTP/1.1" 200 17377
INFO 2025-06-20 12:55:10,453 basehttp "GET /jobs/19/applications/ HTTP/1.1" 200 29899
INFO 2025-06-20 12:55:28,231 basehttp "GET /jobs/19/applications/ HTTP/1.1" 200 29899
INFO 2025-06-20 12:55:34,466 basehttp "GET /jobs/19/applications/ HTTP/1.1" 200 29899
INFO 2025-06-20 12:55:40,926 basehttp "GET /jobs/19/applications/ HTTP/1.1" 200 29899
INFO 2025-06-20 12:56:00,801 basehttp "GET /jobs/19/applications/ HTTP/1.1" 200 29899
INFO 2025-06-20 12:56:03,327 basehttp "GET /dashboard/ HTTP/1.1" 200 17377
INFO 2025-06-20 12:56:17,775 basehttp "GET /accounts/logout/ HTTP/1.1" 302 0
INFO 2025-06-20 12:56:17,833 basehttp "GET / HTTP/1.1" 200 38394
INFO 2025-06-20 12:56:27,109 basehttp "GET /accounts/login/ HTTP/1.1" 200 12069
INFO 2025-06-20 12:56:37,492 basehttp "POST /accounts/login/ HTTP/1.1" 302 0
INFO 2025-06-20 12:56:37,622 basehttp "GET / HTTP/1.1" 200 39110
INFO 2025-06-20 12:56:41,242 basehttp "GET /dashboard/ HTTP/1.1" 200 17324
INFO 2025-06-20 12:57:05,947 basehttp "GET /jobs/10/ HTTP/1.1" 200 13221
INFO 2025-06-20 12:57:09,097 basehttp "GET /jobs/10/applications/ HTTP/1.1" 200 30059
INFO 2025-06-20 12:57:12,737 basehttp "GET /applications/58/REVIEWED/ HTTP/1.1" 302 0
INFO 2025-06-20 12:57:12,790 basehttp "GET /jobs/10/applications/ HTTP/1.1" 200 30474
INFO 2025-06-20 12:57:18,242 basehttp "GET /applications/23/REVIEWED/ HTTP/1.1" 302 0
INFO 2025-06-20 12:57:18,283 basehttp "GET /jobs/10/applications/ HTTP/1.1" 200 30475
INFO 2025-06-20 12:57:20,822 basehttp "GET /applications/40/REVIEWED/ HTTP/1.1" 302 0
INFO 2025-06-20 12:57:20,866 basehttp "GET /jobs/10/applications/ HTTP/1.1" 200 30476
INFO 2025-06-20 12:57:25,635 basehttp "GET / HTTP/1.1" 200 38718
INFO 2025-06-20 12:57:27,435 basehttp "GET /accounts/logout/ HTTP/1.1" 302 0
INFO 2025-06-20 12:57:27,488 basehttp "GET / HTTP/1.1" 200 38394
INFO 2025-06-20 12:57:29,160 basehttp "GET /accounts/login/ HTTP/1.1" 200 12069
INFO 2025-06-20 12:57:38,129 basehttp "POST /accounts/login/ HTTP/1.1" 302 0
INFO 2025-06-20 12:57:38,212 basehttp "GET / HTTP/1.1" 200 39012
INFO 2025-06-20 12:57:40,594 basehttp "GET /applicants/my-applications/ HTTP/1.1" 200 32201
INFO 2025-06-20 12:58:03,657 basehttp "GET /accounts/logout/ HTTP/1.1" 302 0
INFO 2025-06-20 12:58:03,726 basehttp "GET / HTTP/1.1" 200 38394
INFO 2025-06-20 12:58:28,842 basehttp "GET /accounts/register/ HTTP/1.1" 200 19492
INFO 2025-06-20 13:00:12,288 basehttp "POST /accounts/register/ HTTP/1.1" 302 0
INFO 2025-06-20 13:00:12,320 basehttp "GET /accounts/login/ HTTP/1.1" 200 12484
INFO 2025-06-20 13:00:22,366 basehttp "POST /accounts/login/ HTTP/1.1" 302 0
INFO 2025-06-20 13:00:22,434 basehttp "GET / HTTP/1.1" 200 39018
INFO 2025-06-20 13:00:22,510 basehttp "GET /media/company_logos/download_8.png HTTP/1.1" 304 0
INFO 2025-06-20 13:00:22,526 basehttp "GET /media/company_logos/download_9.png HTTP/1.1" 304 0
INFO 2025-06-20 13:00:36,287 basehttp "GET /accounts/logout/ HTTP/1.1" 302 0
INFO 2025-06-20 13:00:36,348 basehttp "GET / HTTP/1.1" 200 38394
INFO 2025-06-20 13:00:36,443 basehttp "GET /media/company_logos/download_7.png HTTP/1.1" 304 0
INFO 2025-06-20 15:22:00,763 autoreload Watching for file changes with StatReloader
INFO 2025-06-20 15:22:08,363 basehttp "GET / HTTP/1.1" 200 37994
INFO 2025-06-20 15:22:09,508 basehttp "GET /static/images/hero-image.webp HTTP/1.1" 304 0
INFO 2025-06-20 15:22:09,509 basehttp "GET /static/css/style.css HTTP/1.1" 304 0
INFO 2025-06-20 15:22:09,762 basehttp "GET /static/js/main.js HTTP/1.1" 304 0
INFO 2025-06-20 15:22:09,800 basehttp "GET /media/company_logos/download_5.png HTTP/1.1" 304 0
INFO 2025-06-20 15:22:09,832 basehttp "GET /media/company_logos/download_7.png HTTP/1.1" 304 0
INFO 2025-06-20 15:22:09,853 basehttp "GET /media/company_logos/download_8.png HTTP/1.1" 304 0
INFO 2025-06-20 15:22:10,099 basehttp "GET /media/company_logos/download_9.png HTTP/1.1" 304 0
WARNING 2025-06-20 15:22:11,706 basehttp "GET /static/images/favicon.ico HTTP/1.1" 404 1981
INFO 2025-06-20 15:22:28,878 basehttp "GET /accounts/register/ HTTP/1.1" 200 19492
INFO 2025-06-20 15:22:29,145 basehttp "GET /static/images/register-illustration.png HTTP/1.1" 304 0
INFO 2025-06-20 15:24:55,581 basehttp "POST /accounts/register/ HTTP/1.1" 200 20972
INFO 2025-06-20 15:25:41,956 basehttp "GET / HTTP/1.1" 200 37994
INFO 2025-06-20 15:25:55,818 basehttp "GET / HTTP/1.1" 200 38627
INFO 2025-06-20 15:25:55,976 basehttp "GET /static/images/hero-image.webp HTTP/1.1" 304 0
INFO 2025-06-20 15:25:56,192 basehttp "GET /static/js/main.js HTTP/1.1" 304 0
INFO 2025-06-20 15:25:56,632 basehttp "GET /static/css/style.css HTTP/1.1" 200 23605
INFO 2025-06-20 15:25:56,969 basehttp "GET /media/company_logos/download_5.png HTTP/1.1" 200 2925
INFO 2025-06-20 15:25:57,032 basehttp "GET /media/company_logos/download_8.png HTTP/1.1" 200 1988
INFO 2025-06-20 15:25:57,058 basehttp "GET /media/company_logos/download_7.png HTTP/1.1" 200 1576
INFO 2025-06-20 15:25:57,073 basehttp "GET /media/company_logos/download_9.png HTTP/1.1" 200 3688
WARNING 2025-06-20 15:25:58,197 basehttp "GET /static/images/favicon.ico HTTP/1.1" 404 1981
INFO 2025-06-20 15:26:00,227 basehttp "GET /accounts/logout/ HTTP/1.1" 302 0
INFO 2025-06-20 15:26:00,548 basehttp "GET / HTTP/1.1" 200 38394
INFO 2025-06-20 15:26:28,060 basehttp "GET /accounts/register/ HTTP/1.1" 200 19492
INFO 2025-06-20 15:26:28,298 basehttp "GET /static/images/register-illustration.png HTTP/1.1" 200 661962
INFO 2025-06-20 15:27:34,489 autoreload Watching for file changes with StatReloader
INFO 2025-06-20 15:27:38,038 basehttp "GET / HTTP/1.1" 200 37994
INFO 2025-06-20 15:28:02,906 basehttp "GET /accounts/register/ HTTP/1.1" 200 19492
INFO 2025-06-20 15:30:05,266 basehttp "POST /accounts/register/ HTTP/1.1" 302 0
INFO 2025-06-20 15:30:05,338 basehttp "GET /accounts/login/ HTTP/1.1" 200 12459
INFO 2025-06-20 15:30:07,760 basehttp "GET /static/images/login-illustration.png HTTP/1.1" 200 1072733
INFO 2025-06-20 15:30:33,199 basehttp "POST /accounts/login/ HTTP/1.1" 302 0
INFO 2025-06-20 15:30:33,436 basehttp "GET / HTTP/1.1" 200 39013
INFO 2025-06-20 15:30:48,678 basehttp "GET /jobs/?category=5 HTTP/1.1" 200 17073
INFO 2025-06-20 15:30:57,265 basehttp "GET /jobs/?q=&location=&type=&category= HTTP/1.1" 200 41339
INFO 2025-06-20 15:30:57,664 basehttp "GET /media/company_logos/download_6.png HTTP/1.1" 200 3660
INFO 2025-06-20 15:30:57,693 basehttp "GET /media/company_logos/download_4.png HTTP/1.1" 200 2080
INFO 2025-06-20 15:30:57,826 basehttp "GET /media/company_logos/download_3.png HTTP/1.1" 200 4726
INFO 2025-06-20 15:30:57,872 basehttp "GET /media/company_logos/download_2.png HTTP/1.1" 200 3474
INFO 2025-06-20 15:30:57,916 basehttp "GET /media/company_logos/download_1.jpeg HTTP/1.1" 304 0
INFO 2025-06-20 15:31:19,207 basehttp "GET /jobs/?q=&location=&type=PART_TIME&category=1 HTTP/1.1" 200 14325
INFO 2025-06-20 15:31:24,469 basehttp "GET /jobs/?q=&location=&type=&category=1 HTTP/1.1" 200 19907
INFO 2025-06-20 15:31:28,926 basehttp - Broken pipe from ('127.0.0.1', 55461)
INFO 2025-06-20 15:31:29,009 basehttp "GET /jobs/11/ HTTP/1.1" 200 13179
INFO 2025-06-20 15:31:36,042 basehttp "GET /applicants/jobs/11/apply/ HTTP/1.1" 200 11734
INFO 2025-06-20 15:32:14,429 basehttp "POST /applicants/jobs/11/apply/ HTTP/1.1" 302 0
INFO 2025-06-20 15:32:14,660 basehttp "GET /jobs/11/ HTTP/1.1" 200 13781
INFO 2025-06-20 15:32:18,574 basehttp "GET / HTTP/1.1" 200 38621
INFO 2025-06-20 15:32:22,172 basehttp "GET /accounts/profile/ HTTP/1.1" 200 13840
INFO 2025-06-20 15:32:26,137 basehttp "GET /applicants/my-applications/ HTTP/1.1" 200 12260
INFO 2025-06-20 15:32:32,748 basehttp "GET /applicants/my-applications/64/ HTTP/1.1" 200 15082
INFO 2025-06-20 15:32:39,071 basehttp "GET / HTTP/1.1" 200 38621
INFO 2025-06-20 15:32:41,629 basehttp "GET /accounts/logout/ HTTP/1.1" 302 0
INFO 2025-06-20 15:32:42,428 basehttp "GET / HTTP/1.1" 200 38394
INFO 2025-06-20 15:32:44,404 basehttp "GET /accounts/login/ HTTP/1.1" 200 12044
INFO 2025-06-20 15:33:07,070 basehttp "POST /accounts/login/ HTTP/1.1" 302 0
INFO 2025-06-20 15:33:07,226 basehttp "GET / HTTP/1.1" 200 39108
INFO 2025-06-20 15:33:21,502 basehttp "GET /jobs/ HTTP/1.1" 200 41563
INFO 2025-06-20 15:33:26,376 basehttp "GET /dashboard/ HTTP/1.1" 200 17345
INFO 2025-06-20 15:33:37,174 basehttp "GET /jobs/11/applications/ HTTP/1.1" 200 36255
INFO 2025-06-20 15:33:44,494 basehttp "GET /applications/64/REVIEWED/ HTTP/1.1" 302 0
INFO 2025-06-20 15:33:44,867 basehttp "GET /jobs/11/applications/ HTTP/1.1" 200 36670
INFO 2025-06-20 15:33:50,071 basehttp "GET /applications/64/ACCEPTED/ HTTP/1.1" 302 0
INFO 2025-06-20 15:33:50,509 basehttp "GET /jobs/11/applications/ HTTP/1.1" 200 36680
INFO 2025-06-20 15:33:56,477 basehttp "GET /applications/64/INTERVIEW/ HTTP/1.1" 302 0
INFO 2025-06-20 15:33:56,932 basehttp "GET /jobs/11/applications/ HTTP/1.1" 200 36680
INFO 2025-06-20 15:34:03,669 basehttp "GET /applications/64/ACCEPTED/ HTTP/1.1" 302 0
INFO 2025-06-20 15:34:04,119 basehttp "GET /jobs/11/applications/ HTTP/1.1" 200 36672
INFO 2025-06-20 15:34:07,973 basehttp "GET /dashboard/ HTTP/1.1" 200 17345
INFO 2025-06-20 15:34:14,762 basehttp "GET /jobs/create/ HTTP/1.1" 200 13363
INFO 2025-06-20 15:35:01,067 basehttp "POST /jobs/create/ HTTP/1.1" 302 0
INFO 2025-06-20 15:35:01,839 basehttp "GET /dashboard/ HTTP/1.1" 200 19969
INFO 2025-06-20 15:35:11,760 basehttp "GET /jobs/ HTTP/1.1" 200 42959
INFO 2025-06-20 15:35:26,367 basehttp "GET /accounts/logout/ HTTP/1.1" 302 0
INFO 2025-06-20 15:35:26,563 basehttp "GET / HTTP/1.1" 200 38210
INFO 2025-06-20 15:35:28,786 basehttp "GET /accounts/login/ HTTP/1.1" 200 12044
INFO 2025-06-20 15:35:54,398 basehttp "POST /accounts/login/ HTTP/1.1" 302 0
INFO 2025-06-20 15:35:54,806 basehttp "GET / HTTP/1.1" 200 38829
INFO 2025-06-20 15:36:04,282 basehttp "GET /applicants/my-applications/ HTTP/1.1" 200 32202
INFO 2025-06-20 15:36:10,841 basehttp "GET /jobs/ HTTP/1.1" 200 42723
INFO 2025-06-20 15:36:14,574 basehttp "GET /jobs/24/ HTTP/1.1" 200 12973
INFO 2025-06-20 15:36:17,485 basehttp "GET /applicants/jobs/24/apply/ HTTP/1.1" 200 11659
INFO 2025-06-20 15:36:45,390 basehttp "POST /applicants/jobs/24/apply/ HTTP/1.1" 302 0
INFO 2025-06-20 15:36:45,964 basehttp "GET /jobs/24/ HTTP/1.1" 200 13575
INFO 2025-06-20 15:36:48,376 basehttp "GET / HTTP/1.1" 200 38437
INFO 2025-06-20 15:36:51,453 basehttp "GET /accounts/logout/ HTTP/1.1" 302 0
INFO 2025-06-20 15:36:51,837 basehttp "GET / HTTP/1.1" 200 38210
INFO 2025-06-20 15:36:53,280 basehttp "GET /accounts/login/ HTTP/1.1" 200 12044
INFO 2025-06-20 15:37:16,391 basehttp "POST /accounts/login/ HTTP/1.1" 302 0
INFO 2025-06-20 15:37:16,870 basehttp "GET / HTTP/1.1" 200 38924
INFO 2025-06-20 15:37:21,124 basehttp "GET /dashboard/ HTTP/1.1" 200 19569
INFO 2025-06-20 15:37:25,662 basehttp "GET /jobs/24/applications/ HTTP/1.1" 200 17036
INFO 2025-06-20 15:37:31,640 basehttp "GET /applications/65/REVIEWED/ HTTP/1.1" 302 0
INFO 2025-06-20 15:37:31,799 basehttp "GET /jobs/24/applications/ HTTP/1.1" 200 17451
INFO 2025-06-20 15:37:36,843 basehttp "GET /applications/65/INTERVIEW/ HTTP/1.1" 302 0
INFO 2025-06-20 15:37:37,127 basehttp "GET /jobs/24/applications/ HTTP/1.1" 200 17461
INFO 2025-06-20 15:37:41,134 basehttp "GET /applications/65/ACCEPTED/ HTTP/1.1" 302 0
INFO 2025-06-20 15:37:41,340 basehttp "GET /jobs/24/applications/ HTTP/1.1" 200 17453
INFO 2025-06-20 15:37:44,618 basehttp "GET /dashboard/ HTTP/1.1" 200 19569
INFO 2025-06-20 15:37:47,813 basehttp "GET /accounts/logout/ HTTP/1.1" 302 0
INFO 2025-06-20 15:37:48,179 basehttp "GET / HTTP/1.1" 200 38210
INFO 2025-06-20 15:37:50,900 basehttp "GET /accounts/login/ HTTP/1.1" 200 12044
INFO 2025-06-20 15:38:13,902 basehttp "POST /accounts/login/ HTTP/1.1" 302 0
INFO 2025-06-20 15:38:14,086 basehttp "GET / HTTP/1.1" 200 38829
INFO 2025-06-20 15:38:19,903 basehttp "GET /applicants/my-applications/ HTTP/1.1" 200 33277
INFO 2025-06-20 15:38:24,367 basehttp "GET /jobs/ HTTP/1.1" 200 42725
INFO 2025-06-20 15:38:28,421 basehttp "GET /accounts/logout/ HTTP/1.1" 302 0
INFO 2025-06-20 15:38:28,782 basehttp "GET / HTTP/1.1" 200 38210
INFO 2025-06-20 15:38:30,974 basehttp "GET /accounts/login/ HTTP/1.1" 200 12044
INFO 2025-06-20 15:38:56,758 basehttp "POST /accounts/login/ HTTP/1.1" 302 0
INFO 2025-06-20 15:38:56,931 basehttp "GET / HTTP/1.1" 200 38829
INFO 2025-06-20 15:39:00,621 basehttp "GET /applicants/my-applications/ HTTP/1.1" 200 12243
INFO 2025-06-20 15:39:04,670 basehttp "GET /applicants/my-applications/64/ HTTP/1.1" 200 15573
INFO 2025-06-20 15:39:10,010 basehttp "GET / HTTP/1.1" 200 38437
